{
  "type": "FeatureCollection",
  "name": "SITE2-like similar plots",
  "rule": "Business1 AND [(width AND aspect ratio) OR selected GFA] AND non-road context AND bordering roads",
  "filter_counts": [
    {
      "filter": 1,
      "name": "Business1",
      "input": 1510,
      "passed": 1510
    },
    {
      "filter": 2,
      "name": "(Width AND aspect ratio) OR final allowable GFA",
      "input": 1510,
      "passed": 63
    },
    {
      "filter": 3,
      "name": "Non-road context",
      "input": 63,
      "passed": 1
    },
    {
      "filter": 4,
      "name": "Bordering road similarity",
      "input": 1,
      "passed": 1
    }
  ],
  "features": [
    {
      "type": "Feature",
      "id": "UUID_474cec7b-cece-4e50-a5e2-d87704638bea:Filter 1+2",
      "geometry": {
        "type": "Polygon",
        "coordinates": [
          [
            [
              103.754468939836,
              1.34143750967402
            ],
            [
              103.753929462111,
              1.34174268771099
            ],
            [
              103.753879455372,
              1.34177442924041
            ],
            [
              103.753835686198,
              1.34181336066349
            ],
            [
              103.753796543539,
              1.34185737476061
            ],
            [
              103.753763304241,
              1.34190670670832
            ],
            [
              103.753737019663,
              1.34195994482969
            ],
            [
              103.753717339407,
              1.34201591615385
            ],
            [
              103.753705674222,
              1.34207422009415
            ],
            [
              103.753702590248,
              1.34213347389728
            ],
            [
              103.753706146628,
              1.34219265556887
            ],
            [
              103.75371566048,
              1.3422511410756
            ],
            [
              103.753732415875,
              1.34230797183411
            ],
            [
              103.753758059933,
              1.34236131204004
            ],
            [
              103.75399717975,
              1.34278899341431
            ],
            [
              103.754028942578,
              1.34282780069429
            ],
            [
              103.75407364518,
              1.342850628291
            ],
            [
              103.754123676852,
              1.34285448160759
            ],
            [
              103.754171301012,
              1.34283881144282
            ],
            [
              103.754176189265,
              1.34283604424943
            ],
            [
              103.754246601673,
              1.34279613697613
            ],
            [
              103.75487622473,
              1.34243932263137
            ],
            [
              103.754968776977,
              1.34239141243214
            ],
            [
              103.755065841455,
              1.34235389351278
            ],
            [
              103.755165771164,
              1.34232493900526
            ],
            [
              103.755267893053,
              1.34230551655677
            ],
            [
              103.7553715332,
              1.34229578893094
            ],
            [
              103.755470500531,
              1.34229571975475
            ],
            [
              103.75547547855,
              1.34229571991424
            ],
            [
              103.755516174178,
              1.34229970946141
            ],
            [
              103.755370556675,
              1.34220405929437
            ],
            [
              103.755124134928,
              1.34197573573041
            ],
            [
              103.754954643555,
              1.34182631130963
            ],
            [
              103.754620065781,
              1.3415220183092
            ],
            [
              103.754502977859,
              1.34141857340307
            ],
            [
              103.754468939836,
              1.34143750967402
            ]
          ]
        ]
      },
      "properties": {
        "Filter stage": "Filter 1+2",
        "Role": "Candidate",
        "UUID": "UUID_474cec7b-cece-4e50-a5e2-d87704638bea",
        "Zone": "Business1",
        "Width m": 140.21370636342908,
        "Width diff": -0.07382451911958611,
        "Aspect ratio": 1.2402589699882782,
        "Aspect diff": -0.1069672865640838,
        "Final allowable GFA m²": 42363.79945987449,
        "GFA diff": -0.31329259589705555,
        "KG site area m²": 16945.519783949796,
        "Master Plan GPR": 2.5,
        "Master Plan GPR cap m²": 42363.79945987449,
        "Final GFA basis": "Master Plan GPR cap",
        "Width and aspect match": true,
        "GFA match": false,
        "Non-road context plots": 25,
        "Educational plots": 0,
        "B1-family plots": 10,
        "Business2 plots": 0,
        "Residential plots": 2,
        "Residential share": 0.08,
        "Non-residential plots": 23,
        "Non-residential share": 0.92,
        "Bordering road plots": 2,
        "Road type counts": "{\"Local Collector/Primary Access\":2}",
        "Context zone counts": "{\"Business1\":10,\"Cemetery\":1,\"CivicAndCommunityInstitutionZone\":2,\"Park\":1,\"PlaceOfWorship\":2,\"Residential\":2,\"TransportFacilities\":3,\"Utility\":2,\"Waterbody\":2}"
      }
    },
    {
      "type": "Feature",
      "id": "UUID_e20db51f-e721-4de0-b199-a81dd3ac48fb:Filter 1+2",
      "geometry": {
        "type": "Polygon",
        "coordinates": [
          [
            [
              103.842223270207,
              1.33381848107653
            ],
            [
              103.842220674275,
              1.33381847927724
            ],
            [
              103.84203232117,
              1.33451220895206
            ],
            [
              103.842032602422,
              1.33451330865834
            ],
            [
              103.842040754247,
              1.33454528243766
            ],
            [
              103.842130741529,
              1.33489821851608
            ],
            [
              103.842151678772,
              1.33513744999155
            ],
            [
              103.842981269376,
              1.3351384145265
            ],
            [
              103.843032152663,
              1.33507929872856
            ],
            [
              103.843057870162,
              1.33504942113522
            ],
            [
              103.843058817237,
              1.33504831147616
            ],
            [
              103.843048007291,
              1.33497221919158
            ],
            [
              103.843047962362,
              1.33497191170782
            ],
            [
              103.843032164865,
              1.33475338112417
            ],
            [
              103.843031570957,
              1.33453396420248
            ],
            [
              103.843031584435,
              1.33453375710294
            ],
            [
              103.84304616267,
              1.33431487279134
            ],
            [
              103.843075940003,
              1.33409754573449
            ],
            [
              103.843120669333,
              1.33388283946559
            ],
            [
              103.843138190945,
              1.33381919926253
            ],
            [
              103.843137333722,
              1.3338191983616
            ],
            [
              103.842292163479,
              1.33381853508699
            ],
            [
              103.842289031109,
              1.33381853238538
            ],
            [
              103.842286349815,
              1.33381853058647
            ],
            [
              103.84223079742,
              1.33381848647533
            ],
            [
              103.842230711158,
              1.33381848647565
            ],
            [
              103.842223270207,
              1.33381848107653
            ]
          ]
        ]
      },
      "properties": {
        "Filter stage": "Filter 1+2",
        "Role": "Candidate",
        "UUID": "UUID_e20db51f-e721-4de0-b199-a81dd3ac48fb",
        "Zone": "Business1",
        "Width m": 122.98310791320546,
        "Width diff": -0.18764048062144634,
        "Aspect ratio": 1.1862778945515018,
        "Aspect diff": -0.14583567408475537,
        "Final allowable GFA m²": 38391.89255977183,
        "GFA diff": -0.37767628932123715,
        "KG site area m²": 15356.757023908734,
        "Master Plan GPR": 2.5,
        "Master Plan GPR cap m²": 38391.89255977183,
        "Final GFA basis": "Master Plan GPR cap",
        "Width and aspect match": true,
        "GFA match": false,
        "Non-road context plots": 17,
        "Educational plots": 3,
        "B1-family plots": 1,
        "Business2 plots": 0,
        "Residential plots": 9,
        "Residential share": 0.5294117647058824,
        "Non-residential plots": 8,
        "Non-residential share": 0.47058823529411764,
        "Bordering road plots": 2,
        "Road type counts": "{\"Local Collector/Primary Access\":2}",
        "Context zone counts": "{\"Business1\":1,\"CivicAndCommunityInstitutionZone\":2,\"EducationalInstitution\":3,\"OpenSpace\":1,\"Park\":1,\"Residential\":9}"
      }
    },
    {
      "type": "Feature",
      "id": "UUID_ea619da4-ee5e-4de4-bd85-24a6f44df267:Filter 1+2",
      "geometry": {
        "type": "Polygon",
        "coordinates": [
          [
            [
              103.822081053296,
              1.2806597631581
            ],
            [
              103.821695861718,
              1.28064405803478
            ],
            [
              103.821744019621,
              1.28107750679541
            ],
            [
              103.821823376558,
              1.28151917908526
            ],
            [
              103.821870162276,
              1.28158278599405
            ],
            [
              103.822347404973,
              1.28197411131974
            ],
            [
              103.822642298641,
              1.28207859114145
            ],
            [
              103.822772563413,
              1.28207332466423
            ],
            [
              103.822839277228,
              1.28207063897647
            ],
            [
              103.822931865364,
              1.28206739630408
            ],
            [
              103.823053007628,
              1.28197293588092
            ],
            [
              103.823235378341,
              1.28181753416118
            ],
            [
              103.823289823712,
              1.28176073212046
            ],
            [
              103.82341921379,
              1.28162573988496
            ],
            [
              103.8234600051,
              1.28153278399077
            ],
            [
              103.823489718317,
              1.28144246065933
            ],
            [
              103.823515177257,
              1.28079974488461
            ],
            [
              103.823516073176,
              1.28077976746683
            ],
            [
              103.823457536348,
              1.28071594439891
            ],
            [
              103.822909111831,
              1.28069356099019
            ],
            [
              103.822191961645,
              1.28066428999208
            ],
            [
              103.822081053296,
              1.2806597631581
            ]
          ]
        ]
      },
      "properties": {
        "Filter stage": "Filter 1+2",
        "Role": "Candidate",
        "UUID": "UUID_ea619da4-ee5e-4de4-bd85-24a6f44df267",
        "Zone": "Business1",
        "Width m": 154.2269313410652,
        "Width diff": 0.018739223177527218,
        "Aspect ratio": 1.3165976507166814,
        "Aspect diff": -0.05200058941401335,
        "Final allowable GFA m²": 64042.19375753252,
        "GFA diff": 0.03810916841742702,
        "KG site area m²": 25616.87750301301,
        "Master Plan GPR": 2.5,
        "Master Plan GPR cap m²": 64042.19375753252,
        "Final GFA basis": "Master Plan GPR cap",
        "Width and aspect match": true,
        "GFA match": true,
        "Non-road context plots": 15,
        "Educational plots": 0,
        "B1-family plots": 9,
        "Business2 plots": 0,
        "Residential plots": 1,
        "Residential share": 0.06666666666666667,
        "Non-residential plots": 14,
        "Non-residential share": 0.9333333333333333,
        "Bordering road plots": 3,
        "Road type counts": "{\"Slip Road\":1,\"Local Collector/Primary Access\":1,\"Major Arterials/Minor Arterials\":1}",
        "Context zone counts": "{\"Business1\":9,\"CivicAndCommunityInstitutionZone\":1,\"Commercial\":1,\"Park\":2,\"Residential\":1,\"TransportFacilities\":1}"
      }
    },
    {
      "type": "Feature",
      "id": "UUID_d03a1698-03a4-49a0-895d-c76a9ea19cfe:Filter 1+2",
      "geometry": {
        "type": "Polygon",
        "coordinates": [
          [
            [
              103.721152630751,
              1.32419607205433
            ],
            [
              103.720218728727,
              1.32398226329113
            ],
            [
              103.720191386875,
              1.32397827108239
            ],
            [
              103.720163806815,
              1.32397632362685
            ],
            [
              103.720136181712,
              1.32397688668021
            ],
            [
              103.720095981211,
              1.32398112267722
            ],
            [
              103.719730726979,
              1.32422048889784
            ],
            [
              103.719634774049,
              1.32428337928865
            ],
            [
              103.719579060908,
              1.32436719396819
            ],
            [
              103.719537002174,
              1.32450979195667
            ],
            [
              103.719355690916,
              1.32532777070151
            ],
            [
              103.71932308025,
              1.32557244455141
            ],
            [
              103.719323120655,
              1.32567133662723
            ],
            [
              103.720412325,
              1.32591407895397
            ],
            [
              103.720458097265,
              1.32585455498731
            ],
            [
              103.720667882006,
              1.32558311285637
            ],
            [
              103.720828820959,
              1.32528153148264
            ],
            [
              103.720960952921,
              1.32496592211146
            ],
            [
              103.721054764909,
              1.32463667319044
            ],
            [
              103.721152630751,
              1.32419607205433
            ]
          ]
        ]
      },
      "properties": {
        "Filter stage": "Filter 1+2",
        "Role": "Candidate",
        "UUID": "UUID_d03a1698-03a4-49a0-895d-c76a9ea19cfe",
        "Zone": "Business1",
        "Width m": 167.90399549044378,
        "Width diff": 0.10908246988373438,
        "Aspect ratio": 1.2150744556867676,
        "Aspect diff": -0.1251010761092271,
        "Final allowable GFA m²": 77545.9056076068,
        "GFA diff": 0.2570012184353162,
        "KG site area m²": 31018.362243042717,
        "Master Plan GPR": 2.5,
        "Master Plan GPR cap m²": 77545.9056076068,
        "Final GFA basis": "Master Plan GPR cap",
        "Width and aspect match": true,
        "GFA match": false,
        "Non-road context plots": 24,
        "Educational plots": 2,
        "B1-family plots": 1,
        "Business2 plots": 3,
        "Residential plots": 10,
        "Residential share": 0.4166666666666667,
        "Non-residential plots": 14,
        "Non-residential share": 0.5833333333333334,
        "Bordering road plots": 2,
        "Road type counts": "{\"Local Collector/Primary Access\":2}",
        "Context zone counts": "{\"Business1\":1,\"Business2\":3,\"CommercialAndResidential\":2,\"EducationalInstitution\":2,\"OpenSpace\":1,\"Park\":3,\"ReserveSite\":1,\"Residential\":8,\"TransportFacilities\":1,\"Waterbody\":2}"
      }
    },
    {
      "type": "Feature",
      "id": "UUID_27f7c803-be26-46f2-9f6d-99a4fd099efe:Filter 1+2",
      "geometry": {
        "type": "Polygon",
        "coordinates": [
          [
            [
              103.897653783097,
              1.33607757288149
            ],
            [
              103.897635019808,
              1.3360578546238
            ],
            [
              103.897506286274,
              1.33592257330018
            ],
            [
              103.896945030405,
              1.33533276722293
            ],
            [
              103.89691269143,
              1.33533649404444
            ],
            [
              103.896847141676,
              1.33533598930578
            ],
            [
              103.896782526149,
              1.3353249215697
            ],
            [
              103.896720381396,
              1.33530373393477
            ],
            [
              103.896474101294,
              1.33519906018041
            ],
            [
              103.896473931464,
              1.33519898783568
            ],
            [
              103.896450578193,
              1.33520789642446
            ],
            [
              103.896444022678,
              1.335221892531
            ],
            [
              103.895933252917,
              1.3363124094872
            ],
            [
              103.895844766329,
              1.33640954406545
            ],
            [
              103.895796127861,
              1.33646293534351
            ],
            [
              103.895795555467,
              1.33646243886233
            ],
            [
              103.895592701821,
              1.3366850161646
            ],
            [
              103.895593399979,
              1.33668416514026
            ],
            [
              103.895575453585,
              1.33670392052523
            ],
            [
              103.895576433934,
              1.3367048004464
            ],
            [
              103.895576291961,
              1.33670479050202
            ],
            [
              103.895584858102,
              1.33671236071456
            ],
            [
              103.895586114313,
              1.33671347033714
            ],
            [
              103.8955926928,
              1.33671928432545
            ],
            [
              103.895603740815,
              1.33672913347186
            ],
            [
              103.895603679715,
              1.33672920310945
            ],
            [
              103.895605487653,
              1.33673082187486
            ],
            [
              103.895583069195,
              1.3367528437102
            ],
            [
              103.895581527311,
              1.336754469796
            ],
            [
              103.895581715102,
              1.33675417315982
            ],
            [
              103.895580506576,
              1.33675554782393
            ],
            [
              103.895552666405,
              1.33678492227659
            ],
            [
              103.895552168617,
              1.33678544682041
            ],
            [
              103.895578778228,
              1.33681017597531
            ],
            [
              103.895595020039,
              1.33682527030042
            ],
            [
              103.895661283032,
              1.3368868503707
            ],
            [
              103.895715158228,
              1.33693719855496
            ],
            [
              103.895714947972,
              1.3369374427386
            ],
            [
              103.895746535548,
              1.33696734983435
            ],
            [
              103.895778013864,
              1.33699737341768
            ],
            [
              103.895809382375,
              1.3370275131673
            ],
            [
              103.895814553705,
              1.33703262992633
            ],
            [
              103.895831141483,
              1.33704854630772
            ],
            [
              103.895831212471,
              1.3370486141332
            ],
            [
              103.895831252009,
              1.33704865211546
            ],
            [
              103.895849227898,
              1.3370661041202
            ],
            [
              103.89586716241,
              1.33708359920307
            ],
            [
              103.895885055381,
              1.33710113730951
            ],
            [
              103.895921914224,
              1.33713672489589
            ],
            [
              103.89598779995,
              1.33720266400048
            ],
            [
              103.895990147002,
              1.33720340823175
            ],
            [
              103.895990589995,
              1.33720354839679
            ],
            [
              103.896029605689,
              1.33721591276315
            ],
            [
              103.89602980517,
              1.33721597606351
            ],
            [
              103.896031513342,
              1.33721651773363
            ],
            [
              103.896031721809,
              1.33721655299847
            ],
            [
              103.896031855694,
              1.33721657650849
            ],
            [
              103.896111280472,
              1.33723047996643
            ],
            [
              103.896148399979,
              1.33723378717434
            ],
            [
              103.896165652328,
              1.33723532505316
            ],
            [
              103.89619567313,
              1.33723473644313
            ],
            [
              103.896224058558,
              1.33723418404944
            ],
            [
              103.896233043211,
              1.33723314199048
            ],
            [
              103.89625740394,
              1.33723031251168
            ],
            [
              103.896289742891,
              1.33722461418419
            ],
            [
              103.896316843211,
              1.33721743283461
            ],
            [
              103.896340385225,
              1.33720953712911
            ],
            [
              103.896366766571,
              1.33719732753383
            ],
            [
              103.896392446143,
              1.33718512700006
            ],
            [
              103.896413131567,
              1.33717435549024
            ],
            [
              103.896434525843,
              1.3371592791894
            ],
            [
              103.896454654064,
              1.33714472293041
            ],
            [
              103.896454679223,
              1.33714470484248
            ],
            [
              103.896457348789,
              1.33714277395632
            ],
            [
              103.89647589372,
              1.3371269832813
            ],
            [
              103.896486209819,
              1.33711749985358
            ],
            [
              103.896492292912,
              1.33711190801362
            ],
            [
              103.896505659512,
              1.33709839013914
            ],
            [
              103.896505699048,
              1.3370983503461
            ],
            [
              103.896519181577,
              1.33708542663568
            ],
            [
              103.896526264734,
              1.33707863648746
            ],
            [
              103.896544925524,
              1.3370607458758
            ],
            [
              103.896619929892,
              1.33698883704705
            ],
            [
              103.896838138436,
              1.33681750143086
            ],
            [
              103.896924309926,
              1.3367403117215
            ],
            [
              103.897051928221,
              1.33662599497767
            ],
            [
              103.897326065493,
              1.33638042856933
            ],
            [
              103.897344914995,
              1.33636354359977
            ],
            [
              103.897368674101,
              1.3363422605793
            ],
            [
              103.897383893515,
              1.33632862870188
            ],
            [
              103.897403450164,
              1.3363111097542
            ],
            [
              103.897423491124,
              1.33629315669896
            ],
            [
              103.89744349165,
              1.33627524253228
            ],
            [
              103.897460393123,
              1.33626010213115
            ],
            [
              103.897478136525,
              1.33624420746823
            ],
            [
              103.897493931,
              1.3362300600876
            ],
            [
              103.897506132228,
              1.33621912962397
            ],
            [
              103.897526847954,
              1.33619926834223
            ],
            [
              103.897545117867,
              1.33618175214043
            ],
            [
              103.897570388267,
              1.33615752537367
            ],
            [
              103.897588623136,
              1.33614004172959
            ],
            [
              103.897608674844,
              1.33612081804126
            ],
            [
              103.897627301474,
              1.33610295907555
            ],
            [
              103.897652508076,
              1.33607879290207
            ],
            [
              103.897653783097,
              1.33607757288149
            ]
          ]
        ]
      },
      "properties": {
        "Filter stage": "Filter 1+2",
        "Role": "Candidate",
        "UUID": "UUID_27f7c803-be26-46f2-9f6d-99a4fd099efe",
        "Zone": "Business1",
        "Width m": 162.0692753816911,
        "Width diff": 0.07054148239625078,
        "Aspect ratio": 1.3762884808428058,
        "Aspect diff": -0.00902096557361579,
        "Final allowable GFA m²": 69009.4981311381,
        "GFA diff": 0.11862802497132863,
        "KG site area m²": 27603.79925245524,
        "Master Plan GPR": 2.5,
        "Master Plan GPR cap m²": 69009.4981311381,
        "Final GFA basis": "Master Plan GPR cap",
        "Width and aspect match": true,
        "GFA match": true,
        "Non-road context plots": 33,
        "Educational plots": 0,
        "B1-family plots": 24,
        "Business2 plots": 0,
        "Residential plots": 2,
        "Residential share": 0.06060606060606061,
        "Non-residential plots": 31,
        "Non-residential share": 0.9393939393939394,
        "Bordering road plots": 5,
        "Road type counts": "{\"Local Collector/Primary Access\":2,\"Major Arterials/Minor Arterials\":1,\"Expressway\":1,\"no category\":1}",
        "Context zone counts": "{\"Business1\":24,\"CivicAndCommunityInstitutionZone\":1,\"PlaceOfWorship\":1,\"Residential\":2,\"Utility\":1,\"Waterbody\":4}"
      }
    },
    {
      "type": "Feature",
      "id": "UUID_07eb24c6-c8ce-4d4e-b0f5-b019f6081472:Filter 1+2",
      "geometry": {
        "type": "Polygon",
        "coordinates": [
          [
            [
              103.846721678437,
              1.39023229813551
            ],
            [
              103.846714911851,
              1.39018016158334
            ],
            [
              103.846724939715,
              1.3901328361524
            ],
            [
              103.846777109099,
              1.38992894696595
            ],
            [
              103.846777075852,
              1.3899289379225
            ],
            [
              103.845788453732,
              1.38967253625507
            ],
            [
              103.845788377354,
              1.38967267914502
            ],
            [
              103.84573048101,
              1.389657661581
            ],
            [
              103.84572798296,
              1.38965701316513
            ],
            [
              103.845727440226,
              1.38965833534832
            ],
            [
              103.845725852459,
              1.38966220332202
            ],
            [
              103.845724279968,
              1.38966601884253
            ],
            [
              103.845722690404,
              1.38966984611985
            ],
            [
              103.845721099043,
              1.38967366073609
            ],
            [
              103.84571950229,
              1.38967745997816
            ],
            [
              103.845717867797,
              1.38968132976083
            ],
            [
              103.845716275537,
              1.38968507383667
            ],
            [
              103.845714623971,
              1.38968893728887
            ],
            [
              103.845712991275,
              1.38969273200931
            ],
            [
              103.845711369361,
              1.38969648241584
            ],
            [
              103.845709667475,
              1.38970039018215
            ],
            [
              103.84570805904,
              1.38970406733512
            ],
            [
              103.845706356255,
              1.38970793259633
            ],
            [
              103.845704701993,
              1.38971166853321
            ],
            [
              103.845702988425,
              1.3897155148028
            ],
            [
              103.845701337757,
              1.38971920009527
            ],
            [
              103.845699588246,
              1.38972307982653
            ],
            [
              103.845697908823,
              1.38972678772825
            ],
            [
              103.845696193458,
              1.38973055170074
            ],
            [
              103.845694470904,
              1.3897343093427
            ],
            [
              103.845692721393,
              1.38973810496811
            ],
            [
              103.845690982664,
              1.38974185537524
            ],
            [
              103.845689243037,
              1.38974558679073
            ],
            [
              103.845687467467,
              1.38974937518135
            ],
            [
              103.845685700882,
              1.38975312287553
            ],
            [
              103.845683950472,
              1.38975681449905
            ],
            [
              103.845682153336,
              1.3897605875156
            ],
            [
              103.845680357098,
              1.38976433249683
            ],
            [
              103.845678580629,
              1.38976802050304
            ],
            [
              103.845676762825,
              1.38977177181495
            ],
            [
              103.845674947718,
              1.38977549870901
            ],
            [
              103.845673119131,
              1.38977922922059
            ],
            [
              103.845671311212,
              1.38978290275712
            ],
            [
              103.845669432305,
              1.38978669476574
            ],
            [
              103.845667645951,
              1.38979028510066
            ],
            [
              103.845665729304,
              1.38979411328402
            ],
            [
              103.845663919587,
              1.3897977099496
            ],
            [
              103.845662017317,
              1.38980146849684
            ],
            [
              103.845660159077,
              1.38980512485072
            ],
            [
              103.845658279272,
              1.38980880019636
            ],
            [
              103.845656382393,
              1.38981249091626
            ],
            [
              103.845654463948,
              1.38981620243665
            ],
            [
              103.845652571562,
              1.38981984703397
            ],
            [
              103.845650665698,
              1.38982349434445
            ],
            [
              103.845648710412,
              1.38982722214358
            ],
            [
              103.845646827909,
              1.38983078896551
            ],
            [
              103.845644835782,
              1.38983454751322
            ],
            [
              103.845642951482,
              1.38983807906496
            ],
            [
              103.845640940485,
              1.38984183489968
            ],
            [
              103.845638995981,
              1.38984544241832
            ],
            [
              103.845637025418,
              1.38984908430294
            ],
            [
              103.845635009927,
              1.38985278587581
            ],
            [
              103.845633078902,
              1.38985631923653
            ],
            [
              103.845630990627,
              1.38986011486367
            ],
            [
              103.845629084761,
              1.38986356773583
            ],
            [
              103.84562700008,
              1.38986731724036
            ],
            [
              103.845625054677,
              1.38987080628731
            ],
            [
              103.845622945734,
              1.38987456121814
            ],
            [
              103.845620985055,
              1.38987804393462
            ],
            [
              103.845618930925,
              1.38988166501928
            ],
            [
              103.845616886678,
              1.38988525806859
            ],
            [
              103.845614766054,
              1.38988896054636
            ],
            [
              103.84561279549,
              1.38989238990539
            ],
            [
              103.845610622748,
              1.3898961439322
            ],
            [
              103.845608624329,
              1.38989958866556
            ],
            [
              103.84560648124,
              1.38990325496888
            ],
            [
              103.845604450472,
              1.38990672231152
            ],
            [
              103.845602299295,
              1.38991036691013
            ],
            [
              103.845600238874,
              1.3899138496271
            ],
            [
              103.845598067928,
              1.38991749151274
            ],
            [
              103.845595989536,
              1.38992097151671
            ],
            [
              103.84559380601,
              1.3899245980282
            ],
            [
              103.845591712342,
              1.3899280689886
            ],
            [
              103.845589503656,
              1.38993170183079
            ],
            [
              103.845587425263,
              1.38993511581616
            ],
            [
              103.845585216577,
              1.3899387142925
            ],
            [
              103.845565430414,
              1.38997023775835
            ],
            [
              103.845545041389,
              1.39000136966661
            ],
            [
              103.845524057149,
              1.3900320983449
            ],
            [
              103.845444634203,
              1.39014195638668
            ],
            [
              103.845439371541,
              1.39014995650638
            ],
            [
              103.845434831526,
              1.39015839317145
            ],
            [
              103.845431049641,
              1.39016720043602
            ],
            [
              103.845428055445,
              1.39017630946007
            ],
            [
              103.845425872343,
              1.39018564904496
            ],
            [
              103.845424517398,
              1.39019514618988
            ],
            [
              103.8454240012,
              1.39020472666253
            ],
            [
              103.845424327785,
              1.39021431557928
            ],
            [
              103.845425494599,
              1.3902238379905
            ],
            [
              103.845427492523,
              1.39023321946638
            ],
            [
              103.84543030594,
              1.3902423866787
            ],
            [
              103.84543391286,
              1.390251267974
            ],
            [
              103.84543828509,
              1.39025979393361
            ],
            [
              103.845443388456,
              1.39026789791626
            ],
            [
              103.845449183068,
              1.39027551657899
            ],
            [
              103.845455623631,
              1.39028259037542
            ],
            [
              103.845469125733,
              1.39029616571529
            ],
            [
              103.845593856198,
              1.39042156962048
            ],
            [
              103.845929404503,
              1.39066340384886
            ],
            [
              103.846261987487,
              1.39089049690958
            ],
            [
              103.846501189668,
              1.39100817143574
            ],
            [
              103.846504056141,
              1.39100958222764
            ],
            [
              103.846659812288,
              1.39040105282991
            ],
            [
              103.846684361065,
              1.39033410261559
            ],
            [
              103.846721678437,
              1.39023229813551
            ]
          ]
        ]
      },
      "properties": {
        "Filter stage": "Filter 1+2",
        "Role": "Candidate",
        "UUID": "UUID_07eb24c6-c8ce-4d4e-b0f5-b019f6081472",
        "Zone": "Business1",
        "Width m": 123.253956904402,
        "Width diff": -0.18585139950253468,
        "Aspect ratio": 1.137865052512935,
        "Aspect diff": -0.18069472589330973,
        "Final allowable GFA m²": 33897.87417326871,
        "GFA diff": -0.4505232893432603,
        "KG site area m²": 13559.149669307486,
        "Master Plan GPR": 2.5,
        "Master Plan GPR cap m²": 33897.87417326871,
        "Final GFA basis": "Master Plan GPR cap",
        "Width and aspect match": true,
        "GFA match": false,
        "Non-road context plots": 17,
        "Educational plots": 0,
        "B1-family plots": 8,
        "Business2 plots": 6,
        "Residential plots": 0,
        "Residential share": 0,
        "Non-residential plots": 17,
        "Non-residential share": 1,
        "Bordering road plots": 3,
        "Road type counts": "{\"Local Collector/Primary Access\":1,\"Local Access\":1,\"Major Arterials/Minor Arterials\":1}",
        "Context zone counts": "{\"Business1\":8,\"Business2\":6,\"HealthAndMedicalCare\":1,\"TransportFacilities\":1,\"Waterbody\":1}"
      }
    },
    {
      "type": "Feature",
      "id": "UUID_332bfe41-5f86-47b4-a364-cb305df9c4c3:Filter 1+2",
      "geometry": {
        "type": "Polygon",
        "coordinates": [
          [
            [
              103.839211323194,
              1.35869416508051
            ],
            [
              103.839075170873,
              1.35841144121262
            ],
            [
              103.839070786774,
              1.35841370213402
            ],
            [
              103.839046263887,
              1.35836276839121
            ],
            [
              103.83905059497,
              1.35836059790643
            ],
            [
              103.838678287682,
              1.35758711038579
            ],
            [
              103.838657791324,
              1.35755467540296
            ],
            [
              103.838649327718,
              1.35754786194049
            ],
            [
              103.838635364886,
              1.35753934466765
            ],
            [
              103.838626055736,
              1.35753593794756
            ],
            [
              103.838612092018,
              1.35753338224454
            ],
            [
              103.838594743407,
              1.35753253127573
            ],
            [
              103.838574433128,
              1.35753423423822
            ],
            [
              103.838541851165,
              1.35754956599833
            ],
            [
              103.838497844852,
              1.35757256227069
            ],
            [
              103.838448761644,
              1.35759683732426
            ],
            [
              103.838389098734,
              1.3576274999247
            ],
            [
              103.838290931414,
              1.35767604912203
            ],
            [
              103.83817507674,
              1.35773473356261
            ],
            [
              103.838087487322,
              1.35777945003405
            ],
            [
              103.837991435214,
              1.3578284242662
            ],
            [
              103.837930503517,
              1.35785866180643
            ],
            [
              103.83777868286,
              1.35793608472627
            ],
            [
              103.837681784291,
              1.35798505894757
            ],
            [
              103.837621275814,
              1.3580169993973
            ],
            [
              103.837503643746,
              1.35807704668573
            ],
            [
              103.837494864763,
              1.35808104308712
            ],
            [
              103.837492597682,
              1.3580820749708
            ],
            [
              103.837435602586,
              1.35810969706987
            ],
            [
              103.837416111808,
              1.35812027093134
            ],
            [
              103.837407542195,
              1.35812653095608
            ],
            [
              103.837397865553,
              1.35813585225607
            ],
            [
              103.837391092175,
              1.35814378263871
            ],
            [
              103.837385840072,
              1.35815310302681
            ],
            [
              103.83738224582,
              1.35816033794785
            ],
            [
              103.83738017284,
              1.35816743268985
            ],
            [
              103.837378320009,
              1.35817466760795
            ],
            [
              103.837372376034,
              1.35819817928292
            ],
            [
              103.837362147722,
              1.35823757883835
            ],
            [
              103.837357585736,
              1.35825802923756
            ],
            [
              103.837355236016,
              1.35827625399233
            ],
            [
              103.837353300529,
              1.35829144641265
            ],
            [
              103.837351780186,
              1.35830981043814
            ],
            [
              103.837351918596,
              1.35832845300507
            ],
            [
              103.837352886378,
              1.35834417356931
            ],
            [
              103.837353991635,
              1.35835697303642
            ],
            [
              103.837354821925,
              1.35836573723014
            ],
            [
              103.837356203934,
              1.35837483603777
            ],
            [
              103.837360212468,
              1.35839333932609
            ],
            [
              103.837363806753,
              1.3584052760254
            ],
            [
              103.837368783039,
              1.3584216920391
            ],
            [
              103.837376109079,
              1.35843977840984
            ],
            [
              103.837386642108,
              1.35846189824023
            ],
            [
              103.837403920697,
              1.35849793080061
            ],
            [
              103.837411005017,
              1.35851279130393
            ],
            [
              103.837417950958,
              1.3585275034917
            ],
            [
              103.837423342374,
              1.35853866786068
            ],
            [
              103.837426141417,
              1.35854419804402
            ],
            [
              103.837431947076,
              1.35855786750158
            ],
            [
              103.837438135526,
              1.35857261315206
            ],
            [
              103.837438997255,
              1.3585746660577
            ],
            [
              103.837459316628,
              1.35863126114512
            ],
            [
              103.837477355435,
              1.35868472532683
            ],
            [
              103.837495084234,
              1.35873539321428
            ],
            [
              103.837498920228,
              1.35874394939892
            ],
            [
              103.837506487991,
              1.3587664870502
            ],
            [
              103.837511050032,
              1.3587782781449
            ],
            [
              103.83751571541,
              1.35879092386373
            ],
            [
              103.837521416838,
              1.35880563605334
            ],
            [
              103.837528342119,
              1.35882307128189
            ],
            [
              103.837777615234,
              1.35934048481785
            ],
            [
              103.839172597649,
              1.35867934173868
            ],
            [
              103.839211323194,
              1.35869416508051
            ]
          ]
        ]
      },
      "properties": {
        "Filter stage": "Filter 1+2",
        "Role": "Candidate",
        "UUID": "UUID_332bfe41-5f86-47b4-a364-cb305df9c4c3",
        "Zone": "Business1",
        "Width m": 146.38593078919803,
        "Width diff": -0.03305416168519053,
        "Aspect ratio": 1.1938608427949062,
        "Aspect diff": -0.1403756685459802,
        "Final allowable GFA m²": 61072.4389167078,
        "GFA diff": -0.010029871601788034,
        "KG site area m²": 24428.97556668312,
        "Master Plan GPR": 2.5,
        "Master Plan GPR cap m²": 61072.4389167078,
        "Final GFA basis": "Master Plan GPR cap",
        "Width and aspect match": true,
        "GFA match": true,
        "Non-road context plots": 46,
        "Educational plots": 0,
        "B1-family plots": 6,
        "Business2 plots": 4,
        "Residential plots": 25,
        "Residential share": 0.5434782608695652,
        "Non-residential plots": 21,
        "Non-residential share": 0.45652173913043476,
        "Bordering road plots": 3,
        "Road type counts": "{\"Local Access\":1,\"Local Collector/Primary Access\":2}",
        "Context zone counts": "{\"Business1\":6,\"Business2\":4,\"CivicAndCommunityInstitutionZone\":4,\"Commercial\":3,\"CommercialAndResidential\":2,\"PlaceOfWorship\":1,\"Residential\":21,\"ResidentialWithCommercialAtFirstStorey\":2,\"TransportFacilities\":1,\"Waterbody\":2}"
      }
    },
    {
      "type": "Feature",
      "id": "UUID_8e9f5227-0372-49d0-8b26-b9563bc19ca8:Filter 1+2",
      "geometry": {
        "type": "Polygon",
        "coordinates": [
          [
            [
              103.931831259935,
              1.36969528664856
            ],
            [
              103.931889437063,
              1.3697436314847
            ],
            [
              103.931988895525,
              1.36981817942995
            ],
            [
              103.932029759976,
              1.36984571468378
            ],
            [
              103.932035001474,
              1.36984924600381
            ],
            [
              103.932086603224,
              1.36988401661937
            ],
            [
              103.932197776027,
              1.3699289470874
            ],
            [
              103.93222108799,
              1.36993836867679
            ],
            [
              103.932254971047,
              1.36995576449914
            ],
            [
              103.932259890816,
              1.36995829108478
            ],
            [
              103.932373253085,
              1.3700164929791
            ],
            [
              103.932426251068,
              1.37004757824962
            ],
            [
              103.932437153669,
              1.37005397164174
            ],
            [
              103.932512621815,
              1.37009822802077
            ],
            [
              103.932516743651,
              1.37010064521116
            ],
            [
              103.932533390045,
              1.37011040711541
            ],
            [
              103.932579391203,
              1.37012765953848
            ],
            [
              103.93261751535,
              1.37014113024338
            ],
            [
              103.932654872982,
              1.3701537427392
            ],
            [
              103.932660953408,
              1.37014910310378
            ],
            [
              103.932666184698,
              1.37014473119518
            ],
            [
              103.932671593014,
              1.37014058265681
            ],
            [
              103.932685985759,
              1.37012758636112
            ],
            [
              103.932698754722,
              1.37011297041913
            ],
            [
              103.932709720199,
              1.37009694374622
            ],
            [
              103.93272045543,
              1.37007574503133
            ],
            [
              103.932728042917,
              1.37005321160817
            ],
            [
              103.932729316888,
              1.37004837050027
            ],
            [
              103.932731465927,
              1.37004016693454
            ],
            [
              103.932769468919,
              1.36988297531612
            ],
            [
              103.932803579466,
              1.36972966900294
            ],
            [
              103.932804613527,
              1.36972502234307
            ],
            [
              103.932818516305,
              1.3696625366153
            ],
            [
              103.932826885058,
              1.36962819127519
            ],
            [
              103.932834006071,
              1.36960286067676
            ],
            [
              103.932851511547,
              1.36954854843039
            ],
            [
              103.932864297482,
              1.3695097697186
            ],
            [
              103.932883714922,
              1.36945087679398
            ],
            [
              103.932910783523,
              1.36936650945477
            ],
            [
              103.932932304974,
              1.36927527280654
            ],
            [
              103.932945293173,
              1.36921689744592
            ],
            [
              103.932956116223,
              1.3691682549295
            ],
            [
              103.932965527808,
              1.36912413157356
            ],
            [
              103.932976391425,
              1.36907870858736
            ],
            [
              103.932989409439,
              1.36902428076946
            ],
            [
              103.933005542251,
              1.36895682637773
            ],
            [
              103.933012293829,
              1.36892859640686
            ],
            [
              103.933021329174,
              1.36889081717236
            ],
            [
              103.933028685381,
              1.36885999527202
            ],
            [
              103.933042425661,
              1.36880119302025
            ],
            [
              103.933168304189,
              1.36825425799799
            ],
            [
              103.933187891794,
              1.36818208539935
            ],
            [
              103.93318952965,
              1.36817642492324
            ],
            [
              103.933222553098,
              1.3680717136882
            ],
            [
              103.933190403868,
              1.36806560696763
            ],
            [
              103.933064981615,
              1.36804178406253
            ],
            [
              103.932759997051,
              1.36798385426603
            ],
            [
              103.932736796734,
              1.36797944736833
            ],
            [
              103.932603071652,
              1.36795404757539
            ],
            [
              103.932595989202,
              1.36797750523607
            ],
            [
              103.932576985119,
              1.36803674179942
            ],
            [
              103.932561386946,
              1.36808230696641
            ],
            [
              103.932525804886,
              1.36826581725225
            ],
            [
              103.932458106521,
              1.36841368340822
            ],
            [
              103.932340798357,
              1.36858782788906
            ],
            [
              103.932284117015,
              1.36870629183996
            ],
            [
              103.932188148219,
              1.3689068654356
            ],
            [
              103.931983790724,
              1.36933397015728
            ],
            [
              103.931946604832,
              1.36941168812645
            ],
            [
              103.931946098981,
              1.36941274534768
            ],
            [
              103.931932818368,
              1.36944050079617
            ],
            [
              103.931923924195,
              1.3694590903446
            ],
            [
              103.931921385056,
              1.36946439725146
            ],
            [
              103.931906846554,
              1.36949478173497
            ],
            [
              103.931848007892,
              1.36961775492064
            ],
            [
              103.931840695962,
              1.36963303533938
            ],
            [
              103.931834324134,
              1.36965320289656
            ],
            [
              103.93183115304,
              1.36967412365571
            ],
            [
              103.931831259935,
              1.36969528664856
            ]
          ]
        ]
      },
      "properties": {
        "Filter stage": "Filter 1+2",
        "Role": "Candidate",
        "UUID": "UUID_8e9f5227-0372-49d0-8b26-b9563bc19ca8",
        "Zone": "Business1",
        "Width m": 107.51712723940727,
        "Width diff": -0.2898003368819631,
        "Aspect ratio": 2.2203620531256063,
        "Aspect diff": 0.5987434859121739,
        "Final allowable GFA m²": 50132.812245401285,
        "GFA diff": -0.18735869312129408,
        "KG site area m²": 20053.124898160513,
        "Master Plan GPR": 2.5,
        "Master Plan GPR cap m²": 50132.812245401285,
        "Final GFA basis": "Master Plan GPR cap",
        "Width and aspect match": false,
        "GFA match": true,
        "Non-road context plots": 14,
        "Educational plots": 0,
        "B1-family plots": 1,
        "Business2 plots": 2,
        "Residential plots": 3,
        "Residential share": 0.21428571428571427,
        "Non-residential plots": 11,
        "Non-residential share": 0.7857142857142857,
        "Bordering road plots": 2,
        "Road type counts": "{\"no category\":1,\"Local Access\":1}",
        "Context zone counts": "{\"Business1\":1,\"Business2\":2,\"OpenSpace\":2,\"Park\":1,\"PlaceOfWorship\":1,\"Residential\":3,\"TransportFacilities\":1,\"Waterbody\":3}"
      }
    },
    {
      "type": "Feature",
      "id": "UUID_ec7b6fba-904e-4556-8b1b-53442691158c:Filter 1+2",
      "geometry": {
        "type": "Polygon",
        "coordinates": [
          [
            [
              103.929642353025,
              1.31861766101039
            ],
            [
              103.9296203477,
              1.31862216559664
            ],
            [
              103.929387680011,
              1.31869896413722
            ],
            [
              103.929164915309,
              1.31880131958278
            ],
            [
              103.928955162531,
              1.318928074231
            ],
            [
              103.928760658994,
              1.31907744549884
            ],
            [
              103.928583902615,
              1.31924800711265
            ],
            [
              103.928427173809,
              1.31943702509792
            ],
            [
              103.928292363962,
              1.3196427105548
            ],
            [
              103.928181060702,
              1.31986210344422
            ],
            [
              103.928153999127,
              1.31993541218089
            ],
            [
              103.929342575203,
              1.32016845690913
            ],
            [
              103.929642353025,
              1.31861766101039
            ]
          ]
        ]
      },
      "properties": {
        "Filter stage": "Filter 1+2",
        "Role": "Candidate",
        "UUID": "UUID_ec7b6fba-904e-4556-8b1b-53442691158c",
        "Zone": "Business1",
        "Width m": 134.76364211706095,
        "Width diff": -0.1098246791975577,
        "Aspect ratio": 1.296303419420731,
        "Aspect diff": -0.06661319281368075,
        "Final allowable GFA m²": 39531.30855362964,
        "GFA diff": -0.35920661924179637,
        "KG site area m²": 15812.523421451857,
        "Master Plan GPR": 2.5,
        "Master Plan GPR cap m²": 39531.30855362964,
        "Final GFA basis": "Master Plan GPR cap",
        "Width and aspect match": true,
        "GFA match": false,
        "Non-road context plots": 12,
        "Educational plots": 1,
        "B1-family plots": 8,
        "Business2 plots": 0,
        "Residential plots": 0,
        "Residential share": 0,
        "Non-residential plots": 12,
        "Non-residential share": 1,
        "Bordering road plots": 1,
        "Road type counts": "{\"Local Collector/Primary Access\":1}",
        "Context zone counts": "{\"Business1\":8,\"EducationalInstitution\":1,\"Park\":1,\"ReserveSite\":1,\"Utility\":1}"
      }
    },
    {
      "type": "Feature",
      "id": "UUID_0c62d3ec-447a-4c48-ba5d-8c426c4c2236:Filter 1+2",
      "geometry": {
        "type": "Polygon",
        "coordinates": [
          [
            [
              103.796425214623,
              1.2790575849443
            ],
            [
              103.796487171929,
              1.27902602441431
            ],
            [
              103.796377383459,
              1.27882150163876
            ],
            [
              103.79581256155,
              1.27767303063251
            ],
            [
              103.795695126238,
              1.27743433086744
            ],
            [
              103.794768104145,
              1.27790094392682
            ],
            [
              103.79477494818,
              1.27790911767886
            ],
            [
              103.794786180578,
              1.27792349543937
            ],
            [
              103.79479686666,
              1.27793822589384
            ],
            [
              103.794807027989,
              1.27795343474931
            ],
            [
              103.794816592684,
              1.27796901438528
            ],
            [
              103.795287364935,
              1.27876828906971
            ],
            [
              103.795295910507,
              1.27879662113616
            ],
            [
              103.795299357913,
              1.27881580366834
            ],
            [
              103.7953051138,
              1.27882555461495
            ],
            [
              103.795650538373,
              1.27945220312371
            ],
            [
              103.796425214623,
              1.2790575849443
            ]
          ]
        ]
      },
      "properties": {
        "Filter stage": "Filter 1+2",
        "Role": "Candidate",
        "UUID": "UUID_0c62d3ec-447a-4c48-ba5d-8c426c4c2236",
        "Zone": "Business1",
        "Width m": 115.35246655920673,
        "Width diff": -0.23804434703909536,
        "Aspect ratio": 1.710831517487367,
        "Aspect diff": 0.23186249748136797,
        "Final allowable GFA m²": 53736.850245446665,
        "GFA diff": -0.128938069597106,
        "KG site area m²": 21494.740098178667,
        "Master Plan GPR": 2.5,
        "Master Plan GPR cap m²": 53736.850245446665,
        "Final GFA basis": "Master Plan GPR cap",
        "Width and aspect match": false,
        "GFA match": true,
        "Non-road context plots": 7,
        "Educational plots": 0,
        "B1-family plots": 1,
        "Business2 plots": 0,
        "Residential plots": 1,
        "Residential share": 0.14285714285714285,
        "Non-residential plots": 6,
        "Non-residential share": 0.8571428571428571,
        "Bordering road plots": 2,
        "Road type counts": "{\"Local Access\":2}",
        "Context zone counts": "{\"Business1\":1,\"Park\":3,\"Residential\":1,\"Waterbody\":2}"
      }
    },
    {
      "type": "Feature",
      "id": "UUID_0420f7e5-cf3b-466b-98ab-326ad3e03e7a:Filter 1+2",
      "geometry": {
        "type": "Polygon",
        "coordinates": [
          [
            [
              103.917960869154,
              1.33986177904337
            ],
            [
              103.917941043379,
              1.33978366895081
            ],
            [
              103.917912006314,
              1.33964820625209
            ],
            [
              103.91789806808,
              1.33957544164712
            ],
            [
              103.917860274782,
              1.33934123089356
            ],
            [
              103.91783003175,
              1.33914995001329
            ],
            [
              103.917768835604,
              1.33876045180616
            ],
            [
              103.917759628804,
              1.33870279261944
            ],
            [
              103.917752588613,
              1.33866892490869
            ],
            [
              103.917742630288,
              1.33863580731731
            ],
            [
              103.917729830238,
              1.33860369402616
            ],
            [
              103.917714286703,
              1.33857283150436
            ],
            [
              103.917696118979,
              1.33854345662143
            ],
            [
              103.917675466502,
              1.33851579482924
            ],
            [
              103.917652487782,
              1.33849005843172
            ],
            [
              103.917627359178,
              1.33846644495543
            ],
            [
              103.917600273553,
              1.33844513563353
            ],
            [
              103.917571438789,
              1.33842629401481
            ],
            [
              103.917541076192,
              1.33841006470847
            ],
            [
              103.917509418794,
              1.33839657227426
            ],
            [
              103.917476709567,
              1.33838592026645
            ],
            [
              103.917443199558,
              1.33837819040844
            ],
            [
              103.917239016249,
              1.33833928630014
            ],
            [
              103.917109102398,
              1.3385139052832
            ],
            [
              103.916585196829,
              1.33921820178444
            ],
            [
              103.916561644892,
              1.33924986345307
            ],
            [
              103.916409609446,
              1.33945424847728
            ],
            [
              103.916392810761,
              1.33947683010398
            ],
            [
              103.916382649426,
              1.33949049176646
            ],
            [
              103.916365196621,
              1.33951395336104
            ],
            [
              103.916400604559,
              1.33954853713401
            ],
            [
              103.91643560264,
              1.33958354096109
            ],
            [
              103.916470185908,
              1.33961895995343
            ],
            [
              103.916490370053,
              1.33964058802302
            ],
            [
              103.916568134103,
              1.3397240246606
            ],
            [
              103.916596197323,
              1.33975550054921
            ],
            [
              103.916623943236,
              1.33978726011308
            ],
            [
              103.916651368982,
              1.33981930013135
            ],
            [
              103.916713816825,
              1.33989415759063
            ],
            [
              103.916749210683,
              1.33993675913616
            ],
            [
              103.916763202706,
              1.33995360061902
            ],
            [
              103.916816492086,
              1.340017741681
            ],
            [
              103.916816841639,
              1.34001816219806
            ],
            [
              103.916818687382,
              1.34002122430972
            ],
            [
              103.916826569049,
              1.34003336873746
            ],
            [
              103.916827001235,
              1.34003276099032
            ],
            [
              103.917210091077,
              1.33972285861096
            ],
            [
              103.917617403643,
              1.34021311448343
            ],
            [
              103.917680023308,
              1.34018754686176
            ],
            [
              103.917687000521,
              1.34018482267702
            ],
            [
              103.917686917851,
              1.34018473224354
            ],
            [
              103.917739249164,
              1.34016336484114
            ],
            [
              103.917744548757,
              1.34016031514357
            ],
            [
              103.917846885358,
              1.34010143029238
            ],
            [
              103.917886286171,
              1.34007304095319
            ],
            [
              103.917919145221,
              1.34003714562352
            ],
            [
              103.917943782248,
              1.33999504664551
            ],
            [
              103.917957591485,
              1.33994826344066
            ],
            [
              103.917964338002,
              1.33989998828149
            ],
            [
              103.917960869154,
              1.33986177904337
            ]
          ]
        ]
      },
      "properties": {
        "Filter stage": "Filter 1+2",
        "Role": "Candidate",
        "UUID": "UUID_0420f7e5-cf3b-466b-98ab-326ad3e03e7a",
        "Zone": "Business1",
        "Width m": 173.11030179776571,
        "Width diff": 0.1434724975982596,
        "Aspect ratio": 1.110211367397917,
        "Aspect diff": -0.20060641051107977,
        "Final allowable GFA m²": 54723.93239366784,
        "GFA diff": -0.11293769596953877,
        "KG site area m²": 21889.572957467135,
        "Master Plan GPR": 2.5,
        "Master Plan GPR cap m²": 54723.93239366784,
        "Final GFA basis": "Master Plan GPR cap",
        "Width and aspect match": false,
        "GFA match": true,
        "Non-road context plots": 19,
        "Educational plots": 0,
        "B1-family plots": 3,
        "Business2 plots": 4,
        "Residential plots": 1,
        "Residential share": 0.05263157894736842,
        "Non-residential plots": 18,
        "Non-residential share": 0.9473684210526315,
        "Bordering road plots": 4,
        "Road type counts": "{\"Major Arterials/Minor Arterials\":1,\"Local Access\":2,\"Local Collector/Primary Access\":1}",
        "Context zone counts": "{\"Business1\":3,\"Business2\":4,\"HealthAndMedicalCare\":1,\"OpenSpace\":2,\"Park\":1,\"PlaceOfWorship\":3,\"ReserveSite\":1,\"Residential\":1,\"Utility\":2,\"Waterbody\":1}"
      }
    },
    {
      "type": "Feature",
      "id": "UUID_05676f61-e61f-487f-be53-454f2b3268ba:Filter 1+2",
      "geometry": {
        "type": "Polygon",
        "coordinates": [
          [
            [
              103.808824900719,
              1.4412377995113
            ],
            [
              103.80880077468,
              1.44119973548832
            ],
            [
              103.808641505451,
              1.44094946468213
            ],
            [
              103.808600131131,
              1.44088445043206
            ],
            [
              103.808880110855,
              1.44070398228024
            ],
            [
              103.808085443511,
              1.43931163517369
            ],
            [
              103.808063380111,
              1.43932546355252
            ],
            [
              103.808030683541,
              1.4393459569726
            ],
            [
              103.808009066746,
              1.43935950500315
            ],
            [
              103.80799904912,
              1.43936578388807
            ],
            [
              103.807990919474,
              1.43936945189618
            ],
            [
              103.807967518098,
              1.43938001098446
            ],
            [
              103.807936603517,
              1.43939395954329
            ],
            [
              103.807910388619,
              1.4394058362573
            ],
            [
              103.807899465221,
              1.43941080651739
            ],
            [
              103.807895493404,
              1.43941250938959
            ],
            [
              103.807892446247,
              1.43941388489251
            ],
            [
              103.807889230153,
              1.43941533545571
            ],
            [
              103.807888100611,
              1.43941584550412
            ],
            [
              103.80788680213,
              1.4394165536063
            ],
            [
              103.807884419936,
              1.43941785405448
            ],
            [
              103.807882358542,
              1.43941897905972
            ],
            [
              103.807879837064,
              1.43942035547289
            ],
            [
              103.807877407243,
              1.43942168124272
            ],
            [
              103.807869686452,
              1.43942589639499
            ],
            [
              103.807865837739,
              1.43942799628416
            ],
            [
              103.807862754634,
              1.43942967927028
            ],
            [
              103.807855675445,
              1.4394335435366
            ],
            [
              103.807850176898,
              1.4394365441534
            ],
            [
              103.807848326672,
              1.43943791243481
            ],
            [
              103.807844301822,
              1.43944097727798
            ],
            [
              103.807838448313,
              1.43944543662933
            ],
            [
              103.807830874874,
              1.43945120457551
            ],
            [
              103.807826825763,
              1.43945428931437
            ],
            [
              103.807823238534,
              1.43945702135661
            ],
            [
              103.80782039445,
              1.43945918727554
            ],
            [
              103.80781541079,
              1.43946298373806
            ],
            [
              103.807813416781,
              1.43946504476038
            ],
            [
              103.807807880462,
              1.43947076841561
            ],
            [
              103.807803107959,
              1.43947570256997
            ],
            [
              103.807794823699,
              1.43948426589607
            ],
            [
              103.807785277794,
              1.43949413510907
            ],
            [
              103.807782591847,
              1.43949787100503
            ],
            [
              103.807779368529,
              1.43950240454371
            ],
            [
              103.807772669384,
              1.43951182793744
            ],
            [
              103.807766445605,
              1.43952058120306
            ],
            [
              103.807759933371,
              1.43952974052467
            ],
            [
              103.807752622225,
              1.43954422201737
            ],
            [
              103.807745071149,
              1.43955917829824
            ],
            [
              103.807740291406,
              1.43956864602737
            ],
            [
              103.807732181294,
              1.43959334229843
            ],
            [
              103.807726685288,
              1.43961008019885
            ],
            [
              103.807723385422,
              1.43962962526885
            ],
            [
              103.807719423246,
              1.43965310160018
            ],
            [
              103.807719259595,
              1.43966263992178
            ],
            [
              103.807719198451,
              1.4396661705568
            ],
            [
              103.80771900243,
              1.43967754383188
            ],
            [
              103.807718800114,
              1.43968932678365
            ],
            [
              103.807718672431,
              1.43969673352053
            ],
            [
              103.807718812534,
              1.43970372606188
            ],
            [
              103.807718924796,
              1.43970936838798
            ],
            [
              103.807719198715,
              1.43972308125715
            ],
            [
              103.807719477125,
              1.43973699127764
            ],
            [
              103.807719788763,
              1.43975260873709
            ],
            [
              103.807720007899,
              1.43976359042742
            ],
            [
              103.807720165963,
              1.43977153616826
            ],
            [
              103.807720217155,
              1.4397740602478
            ],
            [
              103.807720008611,
              1.43978028317173
            ],
            [
              103.807719586186,
              1.43978786083
            ],
            [
              103.807719249144,
              1.43979391554085
            ],
            [
              103.807718789869,
              1.43980216242781
            ],
            [
              103.807717976476,
              1.43981675342178
            ],
            [
              103.807717324863,
              1.43982845407135
            ],
            [
              103.807716651678,
              1.43984054088396
            ],
            [
              103.807716269698,
              1.43984739233867
            ],
            [
              103.807715888617,
              1.43985423927157
            ],
            [
              103.807715540826,
              1.43985727431205
            ],
            [
              103.807714805711,
              1.43986283704456
            ],
            [
              103.80771372281,
              1.43987103418447
            ],
            [
              103.807712679451,
              1.43987894102407
            ],
            [
              103.807710466918,
              1.43989569071825
            ],
            [
              103.807707678335,
              1.43991681029107
            ],
            [
              103.807705608692,
              1.43993247836793
            ],
            [
              103.807704560868,
              1.43993781591034
            ],
            [
              103.807702583849,
              1.43994723302668
            ],
            [
              103.807699067452,
              1.43996398270608
            ],
            [
              103.80769626368,
              1.43997733922112
            ],
            [
              103.80769191334,
              1.43999806266496
            ],
            [
              103.807690692081,
              1.44000388132687
            ],
            [
              103.807689593038,
              1.44000911486688
            ],
            [
              103.807688876823,
              1.44001206760608
            ],
            [
              103.807687687934,
              1.44001615983814
            ],
            [
              103.807684552608,
              1.44002695971336
            ],
            [
              103.807679795252,
              1.44004334220702
            ],
            [
              103.807677257516,
              1.44005208013987
            ],
            [
              103.807674452886,
              1.44006173961627
            ],
            [
              103.807672045452,
              1.44007002898621
            ],
            [
              103.80767071368,
              1.44007461319047
            ],
            [
              103.80766956343,
              1.44007864844805
            ],
            [
              103.807669493338,
              1.44007882298943
            ],
            [
              103.807669186006,
              1.44007987385651
            ],
            [
              103.807667268326,
              1.44008648021125
            ],
            [
              103.807666242995,
              1.44008930362295
            ],
            [
              103.807660549313,
              1.44010450681574
            ],
            [
              103.807657015025,
              1.44011394200165
            ],
            [
              103.807652441029,
              1.44012615628526
            ],
            [
              103.80764549826,
              1.44014469385262
            ],
            [
              103.807639410981,
              1.44016094519837
            ],
            [
              103.807636117543,
              1.44016805165057
            ],
            [
              103.807632749519,
              1.44017531546118
            ],
            [
              103.807628907924,
              1.44018360210171
            ],
            [
              103.807620195814,
              1.44020239467945
            ],
            [
              103.807614587533,
              1.44021449228831
            ],
            [
              103.807609411488,
              1.4402256584075
            ],
            [
              103.807607483951,
              1.4402298157453
            ],
            [
              103.807606151299,
              1.44023268979784
            ],
            [
              103.807605046002,
              1.44023466672422
            ],
            [
              103.807599311939,
              1.44024491942976
            ],
            [
              103.807595081258,
              1.44025248347925
            ],
            [
              103.807595080546,
              1.44031598608588
            ],
            [
              103.807595080494,
              1.44032065802848
            ],
            [
              103.807595079017,
              1.44045225107841
            ],
            [
              103.807595370989,
              1.4404586774898
            ],
            [
              103.807596186849,
              1.44046464087295
            ],
            [
              103.80759754007,
              1.44047050568657
            ],
            [
              103.807599419872,
              1.44047622309491
            ],
            [
              103.807601807383,
              1.44048174607083
            ],
            [
              103.807604882319,
              1.44048738390873
            ],
            [
              103.807760130113,
              1.4407436425326
            ],
            [
              103.807871378256,
              1.44098720248147
            ],
            [
              103.808010183769,
              1.44122587916958
            ],
            [
              103.808240154992,
              1.44160547932646
            ],
            [
              103.808325884483,
              1.44155296297438
            ],
            [
              103.808524126381,
              1.44142710848538
            ],
            [
              103.80874975048,
              1.44128672296099
            ],
            [
              103.808798633627,
              1.44125521455753
            ],
            [
              103.808824900719,
              1.4412377995113
            ]
          ]
        ]
      },
      "properties": {
        "Filter stage": "Filter 1+2",
        "Role": "Candidate",
        "UUID": "UUID_05676f61-e61f-487f-be53-454f2b3268ba",
        "Zone": "Business1",
        "Width m": 112.93932660622158,
        "Width diff": -0.25398423704239315,
        "Aspect ratio": 2.0327716567663026,
        "Aspect diff": 0.4636714044122502,
        "Final allowable GFA m²": 52197.8297265379,
        "GFA diff": -0.15388523672742965,
        "KG site area m²": 20879.13189061516,
        "Master Plan GPR": 2.5,
        "Master Plan GPR cap m²": 52197.8297265379,
        "Final GFA basis": "Master Plan GPR cap",
        "Width and aspect match": false,
        "GFA match": true,
        "Non-road context plots": 20,
        "Educational plots": 1,
        "B1-family plots": 1,
        "Business2 plots": 1,
        "Residential plots": 6,
        "Residential share": 0.3,
        "Non-residential plots": 14,
        "Non-residential share": 0.7,
        "Bordering road plots": 4,
        "Road type counts": "{\"Local Collector/Primary Access\":1,\"Local Access\":3}",
        "Context zone counts": "{\"Business1\":1,\"Business2\":1,\"EducationalInstitution\":1,\"OpenSpace\":2,\"Park\":6,\"PlaceOfWorship\":1,\"Residential\":6,\"Utility\":1,\"Waterbody\":1}"
      }
    },
    {
      "type": "Feature",
      "id": "UUID_f999e665-f15a-4c2d-9652-877aea3c689a:Filter 1+2",
      "geometry": {
        "type": "Polygon",
        "coordinates": [
          [
            [
              103.823198212279,
              1.43754804940633
            ],
            [
              103.823204614803,
              1.43754197391925
            ],
            [
              103.82320380876,
              1.43754252196008
            ],
            [
              103.82323075867,
              1.4375171646251
            ],
            [
              103.823264746402,
              1.43748789504345
            ],
            [
              103.823300098195,
              1.43746030939261
            ],
            [
              103.823336730478,
              1.43743447188198
            ],
            [
              103.823374558785,
              1.43741044310349
            ],
            [
              103.823390529568,
              1.43740255531289
            ],
            [
              103.823407440283,
              1.43739455900265
            ],
            [
              103.82341436398,
              1.43739138833361
            ],
            [
              103.823424487584,
              1.43738686113291
            ],
            [
              103.823441665179,
              1.43737946351238
            ],
            [
              103.823454915003,
              1.43737399940431
            ],
            [
              103.823458968577,
              1.4373723688541
            ],
            [
              103.823476392385,
              1.43736557987117
            ],
            [
              103.823493931212,
              1.43735909746793
            ],
            [
              103.823496143559,
              1.43735830435051
            ],
            [
              103.823511579666,
              1.43735292435741
            ],
            [
              103.823529332356,
              1.43734706144398
            ],
            [
              103.82353797866,
              1.43734433120716
            ],
            [
              103.823547184789,
              1.43734151144069
            ],
            [
              103.823565129776,
              1.43733627615624
            ],
            [
              103.823580349316,
              1.43733210258299
            ],
            [
              103.823583163722,
              1.43733135739935
            ],
            [
              103.823601279439,
              1.43732675516998
            ],
            [
              103.823619472434,
              1.43732247218119
            ],
            [
              103.823623185437,
              1.43732164018243
            ],
            [
              103.823637737316,
              1.43731851024171
            ],
            [
              103.823656067793,
              1.43731486844711
            ],
            [
              103.823666411541,
              1.43731296118804
            ],
            [
              103.823674458475,
              1.43731154951049
            ],
            [
              103.823692904868,
              1.43730855433618
            ],
            [
              103.823709957537,
              1.43730608006932
            ],
            [
              103.823748780502,
              1.43730158464139
            ],
            [
              103.823750390784,
              1.43730198166388
            ],
            [
              103.823779602359,
              1.43729906250083
            ],
            [
              103.823820821869,
              1.43729688315733
            ],
            [
              103.823861752924,
              1.43729644923391
            ],
            [
              103.823902406304,
              1.43729778695718
            ],
            [
              103.823939835516,
              1.43730072810331
            ],
            [
              103.823977737382,
              1.43730534051499
            ],
            [
              103.823984801244,
              1.43730589220599
            ],
            [
              103.823990315926,
              1.43730632270585
            ],
            [
              103.823915332237,
              1.43694983757885
            ],
            [
              103.823868178438,
              1.43672568811303
            ],
            [
              103.823815713153,
              1.43647629059623
            ],
            [
              103.823792296208,
              1.43636497326737
            ],
            [
              103.823789604967,
              1.43635218283942
            ],
            [
              103.823788767492,
              1.43634819911354
            ],
            [
              103.823781295816,
              1.43631268471734
            ],
            [
              103.823768717522,
              1.43625289175012
            ],
            [
              103.823756212912,
              1.43619344877189
            ],
            [
              103.823754566717,
              1.43618562330533
            ],
            [
              103.823532258535,
              1.43621079803529
            ],
            [
              103.82319422734,
              1.43624907736505
            ],
            [
              103.822997928113,
              1.4362713066458
            ],
            [
              103.822877950189,
              1.43610052875785
            ],
            [
              103.82287791155,
              1.4361004735915
            ],
            [
              103.82285782334,
              1.43612333852784
            ],
            [
              103.822857582516,
              1.43612341449327
            ],
            [
              103.822848605499,
              1.43613357136123
            ],
            [
              103.822812823244,
              1.43617230871296
            ],
            [
              103.822789925116,
              1.43619709902609
            ],
            [
              103.822728615394,
              1.43626994433689
            ],
            [
              103.822727268392,
              1.43627154505446
            ],
            [
              103.822629177156,
              1.43638537414709
            ],
            [
              103.822522052238,
              1.43651812609949
            ],
            [
              103.822521838371,
              1.43651839107705
            ],
            [
              103.822519889306,
              1.43652066735133
            ],
            [
              103.822354293353,
              1.43671403490118
            ],
            [
              103.822244020604,
              1.43685041422762
            ],
            [
              103.822243385293,
              1.43685120011662
            ],
            [
              103.822222145953,
              1.4368774672579
            ],
            [
              103.822113361326,
              1.43700108962991
            ],
            [
              103.822113334368,
              1.43700112037814
            ],
            [
              103.822049705307,
              1.43707820350683
            ],
            [
              103.822124728888,
              1.43711922129628
            ],
            [
              103.822226765096,
              1.4371750074756
            ],
            [
              103.82229083213,
              1.43721003560484
            ],
            [
              103.822364698331,
              1.4372504212305
            ],
            [
              103.822691594178,
              1.43742914676792
            ],
            [
              103.823105623144,
              1.43765551091747
            ],
            [
              103.823109966984,
              1.4376496624167
            ],
            [
              103.823137746345,
              1.43761437607702
            ],
            [
              103.823167183609,
              1.43758047794277
            ],
            [
              103.823198212279,
              1.43754804940633
            ]
          ]
        ]
      },
      "properties": {
        "Filter stage": "Filter 1+2",
        "Role": "Candidate",
        "UUID": "UUID_f999e665-f15a-4c2d-9652-877aea3c689a",
        "Zone": "Business1",
        "Width m": 173.46814174450265,
        "Width diff": 0.14583619365439454,
        "Aspect ratio": 1.1878460110495337,
        "Aspect diff": -0.14470657172379095,
        "Final allowable GFA m²": 22458.87563213491,
        "GFA diff": -0.6359468135283273,
        "KG site area m²": 22458.87563213491,
        "Master Plan GPR": 1,
        "Master Plan GPR cap m²": 22458.87563213491,
        "Final GFA basis": "Master Plan GPR cap",
        "Width and aspect match": true,
        "GFA match": false,
        "Non-road context plots": 31,
        "Educational plots": 1,
        "B1-family plots": 4,
        "Business2 plots": 6,
        "Residential plots": 11,
        "Residential share": 0.3548387096774194,
        "Non-residential plots": 20,
        "Non-residential share": 0.6451612903225806,
        "Bordering road plots": 2,
        "Road type counts": "{\"no category\":1,\"Local Access\":1}",
        "Context zone counts": "{\"Business1\":4,\"Business2\":6,\"EducationalInstitution\":1,\"OpenSpace\":3,\"Park\":3,\"Residential\":11,\"Utility\":1,\"Waterbody\":2}"
      }
    },
    {
      "type": "Feature",
      "id": "UUID_14d77e97-4c3c-464d-ba54-910cd53d7ac7:Filter 1+2",
      "geometry": {
        "type": "Polygon",
        "coordinates": [
          [
            [
              103.869757376109,
              1.37526671041906
            ],
            [
              103.869749879706,
              1.37511424379682
            ],
            [
              103.869867224154,
              1.37510839075706
            ],
            [
              103.869799952372,
              1.37361556706766
            ],
            [
              103.869789372591,
              1.37337844296954
            ],
            [
              103.868850671534,
              1.37342277012745
            ],
            [
              103.868862105144,
              1.37367871494028
            ],
            [
              103.86845914995,
              1.37369696195845
            ],
            [
              103.868508344931,
              1.37480123499297
            ],
            [
              103.868511679412,
              1.37485445676952
            ],
            [
              103.868518662335,
              1.37492400226352
            ],
            [
              103.868531207326,
              1.37498710860272
            ],
            [
              103.868550096167,
              1.37504543980533
            ],
            [
              103.868577557335,
              1.37510028003504
            ],
            [
              103.868612467601,
              1.37515051694047
            ],
            [
              103.868654431576,
              1.37519502911573
            ],
            [
              103.868702415889,
              1.37523290226376
            ],
            [
              103.86875540514,
              1.37526327092297
            ],
            [
              103.868812240161,
              1.37528549934242
            ],
            [
              103.868871725842,
              1.37529899246821
            ],
            [
              103.868935299923,
              1.37530547490083
            ],
            [
              103.869004777535,
              1.37530594412629
            ],
            [
              103.869057712401,
              1.37530431547428
            ],
            [
              103.869057559603,
              1.37530159334073
            ],
            [
              103.869757376109,
              1.37526671041906
            ]
          ]
        ]
      },
      "properties": {
        "Filter stage": "Filter 1+2",
        "Role": "Candidate",
        "UUID": "UUID_14d77e97-4c3c-464d-ba54-910cd53d7ac7",
        "Zone": "Business1",
        "Width m": 149.53492431512495,
        "Width diff": -0.012253623215683416,
        "Aspect ratio": 1.3980079459814079,
        "Aspect diff": 0.006617859346381326,
        "Final allowable GFA m²": 73473.54868799861,
        "GFA diff": 0.1909892533967799,
        "KG site area m²": 29389.419475199444,
        "Master Plan GPR": 2.5,
        "Master Plan GPR cap m²": 73473.54868799861,
        "Final GFA basis": "Master Plan GPR cap",
        "Width and aspect match": true,
        "GFA match": true,
        "Non-road context plots": 34,
        "Educational plots": 0,
        "B1-family plots": 17,
        "Business2 plots": 5,
        "Residential plots": 5,
        "Residential share": 0.14705882352941177,
        "Non-residential plots": 29,
        "Non-residential share": 0.8529411764705882,
        "Bordering road plots": 2,
        "Road type counts": "{\"Local Collector/Primary Access\":2}",
        "Context zone counts": "{\"Business1\":17,\"Business2\":5,\"CivicAndCommunityInstitutionZone\":1,\"Commercial\":2,\"Park\":1,\"PlaceOfWorship\":1,\"Residential\":5,\"TransportFacilities\":1,\"Waterbody\":1}"
      }
    },
    {
      "type": "Feature",
      "id": "UUID_fc117e6f-7b1b-4d46-972c-41f7e300a4b4:Filter 1+2",
      "geometry": {
        "type": "Polygon",
        "coordinates": [
          [
            [
              103.849913871311,
              1.38945383731057
            ],
            [
              103.84983641665,
              1.38855293746759
            ],
            [
              103.849378547514,
              1.38856079051982
            ],
            [
              103.848751447522,
              1.3885715928266
            ],
            [
              103.848759587361,
              1.3890684070054
            ],
            [
              103.848762702166,
              1.38925850341581
            ],
            [
              103.848768876947,
              1.38963620471294
            ],
            [
              103.848777049165,
              1.39013610638593
            ],
            [
              103.849977073426,
              1.39018889495722
            ],
            [
              103.849913871311,
              1.38945383731057
            ]
          ]
        ]
      },
      "properties": {
        "Filter stage": "Filter 1+2",
        "Role": "Candidate",
        "UUID": "UUID_fc117e6f-7b1b-4d46-972c-41f7e300a4b4",
        "Zone": "Business1",
        "Width m": 133.43280958425748,
        "Width diff": -0.1186154350587981,
        "Aspect ratio": 1.3574557331614867,
        "Aspect diff": -0.022581246265204944,
        "Final allowable GFA m²": 56612.35694486007,
        "GFA diff": -0.08232677018084125,
        "KG site area m²": 22644.942777944027,
        "Master Plan GPR": 2.5,
        "Master Plan GPR cap m²": 56612.35694486007,
        "Final GFA basis": "Master Plan GPR cap",
        "Width and aspect match": true,
        "GFA match": true,
        "Non-road context plots": 14,
        "Educational plots": 0,
        "B1-family plots": 7,
        "Business2 plots": 5,
        "Residential plots": 0,
        "Residential share": 0,
        "Non-residential plots": 14,
        "Non-residential share": 1,
        "Bordering road plots": 2,
        "Road type counts": "{\"Local Collector/Primary Access\":1,\"Local Access\":1}",
        "Context zone counts": "{\"Business1\":7,\"Business2\":5,\"CivicAndCommunityInstitutionZone\":1,\"SpecialUseZone\":1}"
      }
    },
    {
      "type": "Feature",
      "id": "UUID_75d57266-e8b1-4d36-be50-c74ac9773ca2:Filter 1+2",
      "geometry": {
        "type": "Polygon",
        "coordinates": [
          [
            [
              103.813706412022,
              1.44539427265085
            ],
            [
              103.813706555805,
              1.44539336738409
            ],
            [
              103.813708602925,
              1.44538049288104
            ],
            [
              103.813710650045,
              1.44536761928235
            ],
            [
              103.813723264362,
              1.44528829856093
            ],
            [
              103.813731327928,
              1.44523759096129
            ],
            [
              103.813740220046,
              1.4451816760429
            ],
            [
              103.813740304515,
              1.44518158470291
            ],
            [
              103.813742683239,
              1.44516618521936
            ],
            [
              103.813744047386,
              1.44515760282019
            ],
            [
              103.813751221289,
              1.44511249141494
            ],
            [
              103.813753824671,
              1.44509612426422
            ],
            [
              103.813734061156,
              1.44506413041992
            ],
            [
              103.813681125448,
              1.44497514057671
            ],
            [
              103.813649897785,
              1.44492264380358
            ],
            [
              103.813519583051,
              1.44470357232639
            ],
            [
              103.813492817773,
              1.44465857819106
            ],
            [
              103.813356247116,
              1.44442899070885
            ],
            [
              103.813339950367,
              1.44440159286782
            ],
            [
              103.813264930151,
              1.44427547778688
            ],
            [
              103.813243400042,
              1.44423928405776
            ],
            [
              103.813178261581,
              1.44412977950898
            ],
            [
              103.813161244171,
              1.44410117162165
            ],
            [
              103.813123345434,
              1.44403745976792
            ],
            [
              103.812978741488,
              1.44409866218419
            ],
            [
              103.812759093565,
              1.44418112188076
            ],
            [
              103.812564499475,
              1.44426182279888
            ],
            [
              103.812367631059,
              1.44433809681884
            ],
            [
              103.812306761529,
              1.44436463932601
            ],
            [
              103.812223285795,
              1.44440760486413
            ],
            [
              103.812180611032,
              1.44444049164879
            ],
            [
              103.812131110452,
              1.4444796582697
            ],
            [
              103.812087144298,
              1.44452348874486
            ],
            [
              103.812077349454,
              1.44453602946334
            ],
            [
              103.812064823745,
              1.44455101465097
            ],
            [
              103.81203969939,
              1.44459697869635
            ],
            [
              103.812025064555,
              1.44462423426977
            ],
            [
              103.812009164303,
              1.44467163362688
            ],
            [
              103.812007646519,
              1.44467707064675
            ],
            [
              103.812006527657,
              1.44468850088826
            ],
            [
              103.812010938412,
              1.44473863704147
            ],
            [
              103.812014588151,
              1.44477825996014
            ],
            [
              103.812020102289,
              1.44483881258412
            ],
            [
              103.812024120407,
              1.44488354425643
            ],
            [
              103.812030244623,
              1.44495172971522
            ],
            [
              103.812032903302,
              1.44498133227531
            ],
            [
              103.812037526114,
              1.4450328032711
            ],
            [
              103.812042703306,
              1.44509044203208
            ],
            [
              103.812093364318,
              1.44511285354464
            ],
            [
              103.812137040549,
              1.44513217568432
            ],
            [
              103.812159353572,
              1.4451420479272
            ],
            [
              103.812178942953,
              1.44515072547999
            ],
            [
              103.812219828136,
              1.44517010637555
            ],
            [
              103.812241291082,
              1.44518028066714
            ],
            [
              103.812253167815,
              1.44518591044174
            ],
            [
              103.812257493651,
              1.44518810446831
            ],
            [
              103.812267224531,
              1.44519355063698
            ],
            [
              103.812279384312,
              1.44520035699117
            ],
            [
              103.812294151815,
              1.44520862301253
            ],
            [
              103.812305799397,
              1.44521514267853
            ],
            [
              103.812317606031,
              1.44522175097361
            ],
            [
              103.812331320363,
              1.44523128399836
            ],
            [
              103.812351202642,
              1.44524510376405
            ],
            [
              103.812375028847,
              1.44526166469236
            ],
            [
              103.812385181141,
              1.44527033672953
            ],
            [
              103.812398270933,
              1.44528151749865
            ],
            [
              103.812403719097,
              1.4452861705001
            ],
            [
              103.812418121732,
              1.44529847269219
            ],
            [
              103.81242875028,
              1.44530755079286
            ],
            [
              103.812437776639,
              1.44531526057647
            ],
            [
              103.812445085778,
              1.44532258418087
            ],
            [
              103.812452912504,
              1.44533051733113
            ],
            [
              103.812456055775,
              1.44533370885949
            ],
            [
              103.812460180307,
              1.44533789519692
            ],
            [
              103.812474639533,
              1.44535257315245
            ],
            [
              103.812488365508,
              1.44536657554148
            ],
            [
              103.812493098387,
              1.4453714057914
            ],
            [
              103.812498826892,
              1.44537846440248
            ],
            [
              103.812507376069,
              1.44538899850906
            ],
            [
              103.812517117674,
              1.44540100312186
            ],
            [
              103.812547722722,
              1.44543871627203
            ],
            [
              103.81256009446,
              1.44545823255328
            ],
            [
              103.812571368124,
              1.4454760160636
            ],
            [
              103.812577323955,
              1.44548541245658
            ],
            [
              103.812583650003,
              1.44549539035879
            ],
            [
              103.812599262043,
              1.44552001813287
            ],
            [
              103.812600586553,
              1.44552282257668
            ],
            [
              103.812604528633,
              1.44553117079364
            ],
            [
              103.812606925151,
              1.44553624429567
            ],
            [
              103.812686763994,
              1.44552586926347
            ],
            [
              103.812704846528,
              1.44552353617065
            ],
            [
              103.812782602414,
              1.44551350115674
            ],
            [
              103.81281833885,
              1.44550888832296
            ],
            [
              103.812875892403,
              1.44550146040247
            ],
            [
              103.812911894825,
              1.44549681410814
            ],
            [
              103.812968407798,
              1.44548952092603
            ],
            [
              103.812991075889,
              1.44548659551409
            ],
            [
              103.813020496961,
              1.44548279835616
            ],
            [
              103.813315071613,
              1.44544478063636
            ],
            [
              103.813316563289,
              1.44544458530706
            ],
            [
              103.813352183804,
              1.44543998783793
            ],
            [
              103.813394106202,
              1.44543457740101
            ],
            [
              103.813424121248,
              1.44543070337214
            ],
            [
              103.813598154057,
              1.44540824322078
            ],
            [
              103.813681335684,
              1.44539750734142
            ],
            [
              103.81369085186,
              1.44539627929842
            ],
            [
              103.813706412022,
              1.44539427265085
            ]
          ]
        ]
      },
      "properties": {
        "Filter stage": "Filter 1+2",
        "Role": "Candidate",
        "UUID": "UUID_75d57266-e8b1-4d36-be50-c74ac9773ca2",
        "Zone": "Business1",
        "Width m": 163.63753605994862,
        "Width diff": 0.08090055944729312,
        "Aspect ratio": 1.0796048730530423,
        "Aspect diff": -0.2226442278983814,
        "Final allowable GFA m²": 54117.52338547845,
        "GFA diff": -0.12276744592463427,
        "KG site area m²": 21647.00935419138,
        "Master Plan GPR": 2.5,
        "Master Plan GPR cap m²": 54117.52338547845,
        "Final GFA basis": "Master Plan GPR cap",
        "Width and aspect match": false,
        "GFA match": true,
        "Non-road context plots": 15,
        "Educational plots": 1,
        "B1-family plots": 4,
        "Business2 plots": 0,
        "Residential plots": 4,
        "Residential share": 0.26666666666666666,
        "Non-residential plots": 11,
        "Non-residential share": 0.7333333333333333,
        "Bordering road plots": 2,
        "Road type counts": "{\"Local Collector/Primary Access\":1,\"Major Arterials/Minor Arterials\":1}",
        "Context zone counts": "{\"Business1\":4,\"EducationalInstitution\":1,\"Park\":3,\"PlaceOfWorship\":1,\"Residential\":4,\"Utility\":1,\"Waterbody\":1}"
      }
    },
    {
      "type": "Feature",
      "id": "UUID_9d0d196d-5ed3-4ea8-a267-09a5558f9dc1:Filter 1+2",
      "geometry": {
        "type": "Polygon",
        "coordinates": [
          [
            [
              103.808324702726,
              1.29041782585051
            ],
            [
              103.808909127919,
              1.28991652316981
            ],
            [
              103.808898370603,
              1.28991424497099
            ],
            [
              103.808637337051,
              1.28983076413885
            ],
            [
              103.808386025988,
              1.28972108935419
            ],
            [
              103.808356823556,
              1.2897046269137
            ],
            [
              103.808329534108,
              1.28968925786882
            ],
            [
              103.808147000947,
              1.28958643792051
            ],
            [
              103.807922769748,
              1.28942813566527
            ],
            [
              103.807856678122,
              1.28937060564324
            ],
            [
              103.807032102992,
              1.29007701371812
            ],
            [
              103.807198192779,
              1.29027320110046
            ],
            [
              103.807387410773,
              1.29049671861319
            ],
            [
              103.807404730853,
              1.29051715924363
            ],
            [
              103.807696287974,
              1.29086155156017
            ],
            [
              103.807742631512,
              1.29091631855211
            ],
            [
              103.808324702726,
              1.29041782585051
            ]
          ]
        ]
      },
      "properties": {
        "Filter stage": "Filter 1+2",
        "Role": "Candidate",
        "UUID": "UUID_9d0d196d-5ed3-4ea8-a267-09a5558f9dc1",
        "Zone": "Business1",
        "Width m": 121.98288018777384,
        "Width diff": -0.19424744094378735,
        "Aspect ratio": 1.397859827652515,
        "Aspect diff": 0.006511208625554764,
        "Final allowable GFA m²": 43075.07796649177,
        "GFA diff": -0.3017629355950799,
        "KG site area m²": 17230.03118659671,
        "Master Plan GPR": 2.5,
        "Master Plan GPR cap m²": 43075.07796649177,
        "Final GFA basis": "Master Plan GPR cap",
        "Width and aspect match": true,
        "GFA match": false,
        "Non-road context plots": 22,
        "Educational plots": 0,
        "B1-family plots": 15,
        "Business2 plots": 0,
        "Residential plots": 1,
        "Residential share": 0.045454545454545456,
        "Non-residential plots": 21,
        "Non-residential share": 0.9545454545454546,
        "Bordering road plots": 1,
        "Road type counts": "{\"Major Arterials/Minor Arterials\":1}",
        "Context zone counts": "{\"Business1\":15,\"Commercial\":1,\"CommercialAndResidential\":1,\"HotelZone\":1,\"OpenSpace\":1,\"Park\":2,\"PlaceOfWorship\":1}"
      }
    },
    {
      "type": "Feature",
      "id": "UUID_6e9c2207-eeb5-4ca9-8484-c8f64418616c:Filter 1+2",
      "geometry": {
        "type": "Polygon",
        "coordinates": [
          [
            [
              103.896414268886,
              1.33102545799228
            ],
            [
              103.895283766732,
              1.33056795097129
            ],
            [
              103.895283657115,
              1.33056822499636
            ],
            [
              103.895283251892,
              1.33056923789435
            ],
            [
              103.895282490863,
              1.3305711388868
            ],
            [
              103.894727713027,
              1.33195834329839
            ],
            [
              103.895348845195,
              1.33220964137069
            ],
            [
              103.895858852816,
              1.33241599522762
            ],
            [
              103.895870524323,
              1.33238677402349
            ],
            [
              103.896065606463,
              1.33189834101507
            ],
            [
              103.896204487436,
              1.33155065470468
            ],
            [
              103.896413552783,
              1.33102725136458
            ],
            [
              103.896414268886,
              1.33102545799228
            ]
          ]
        ]
      },
      "properties": {
        "Filter stage": "Filter 1+2",
        "Role": "Candidate",
        "UUID": "UUID_6e9c2207-eeb5-4ca9-8484-c8f64418616c",
        "Zone": "Business1",
        "Width m": 135.67488411436352,
        "Width diff": -0.1038055101951879,
        "Aspect ratio": 1.2215196256802725,
        "Aspect diff": -0.12046031334343973,
        "Final allowable GFA m²": 45284.26517776034,
        "GFA diff": -0.2659525211759348,
        "KG site area m²": 22642.13258888017,
        "Master Plan GPR": 2,
        "Master Plan GPR cap m²": 45284.26517776034,
        "Final GFA basis": "Master Plan GPR cap",
        "Width and aspect match": true,
        "GFA match": false,
        "Non-road context plots": 29,
        "Educational plots": 0,
        "B1-family plots": 25,
        "Business2 plots": 0,
        "Residential plots": 0,
        "Residential share": 0,
        "Non-residential plots": 29,
        "Non-residential share": 1,
        "Bordering road plots": 3,
        "Road type counts": "{\"Local Collector/Primary Access\":2,\"no category\":1}",
        "Context zone counts": "{\"Business1\":25,\"CivicAndCommunityInstitutionZone\":1,\"Utility\":3}"
      }
    },
    {
      "type": "Feature",
      "id": "UUID_63c447c8-5953-4baa-a2bf-0cb0ce351e49:Filter 1+2",
      "geometry": {
        "type": "Polygon",
        "coordinates": [
          [
            [
              103.895796127861,
              1.33646293534351
            ],
            [
              103.895844766329,
              1.33640954406545
            ],
            [
              103.895933252917,
              1.3363124094872
            ],
            [
              103.896444022678,
              1.335221892531
            ],
            [
              103.896450578193,
              1.33520789642446
            ],
            [
              103.896473931464,
              1.33519898783568
            ],
            [
              103.896473411194,
              1.33519875452321
            ],
            [
              103.896473173074,
              1.33519864781442
            ],
            [
              103.896374451072,
              1.33515431482328
            ],
            [
              103.896271861681,
              1.33510983180315
            ],
            [
              103.896296536436,
              1.33512470795518
            ],
            [
              103.896316431022,
              1.33514561633801
            ],
            [
              103.896330125679,
              1.33517107383145
            ],
            [
              103.896336640936,
              1.33519927173286
            ],
            [
              103.89633550949,
              1.33522820236629
            ],
            [
              103.896326821146,
              1.33525579383149
            ],
            [
              103.895873469635,
              1.33622335829682
            ],
            [
              103.895843530531,
              1.33625621460767
            ],
            [
              103.895822441839,
              1.33627409442382
            ],
            [
              103.895797534126,
              1.33628600553514
            ],
            [
              103.895770424778,
              1.33629117919073
            ],
            [
              103.895742910899,
              1.336289253599
            ],
            [
              103.895716780623,
              1.3362803643688
            ],
            [
              103.89569375021,
              1.33626509929292
            ],
            [
              103.895556115161,
              1.33614588954218
            ],
            [
              103.89537010949,
              1.33597520461315
            ],
            [
              103.89535563314,
              1.33595164629851
            ],
            [
              103.895342243956,
              1.33592456093653
            ],
            [
              103.895334497737,
              1.33589846028359
            ],
            [
              103.89533596157,
              1.33586590404647
            ],
            [
              103.895339510556,
              1.33585334234027
            ],
            [
              103.895339537511,
              1.33585326094683
            ],
            [
              103.895741898813,
              1.33499464751023
            ],
            [
              103.89575671543,
              1.3349713054967
            ],
            [
              103.895776932488,
              1.33495250325242
            ],
            [
              103.895777013356,
              1.33495243994488
            ],
            [
              103.895801202183,
              1.33493946170311
            ],
            [
              103.895827988005,
              1.33493302194648
            ],
            [
              103.895855501835,
              1.33493362716654
            ],
            [
              103.895881973516,
              1.3349412141031
            ],
            [
              103.8957862492,
              1.33490004085822
            ],
            [
              103.895720204542,
              1.33487146464255
            ],
            [
              103.895617606187,
              1.3348269635067
            ],
            [
              103.895642289921,
              1.33484183966544
            ],
            [
              103.895662184499,
              1.33486275709768
            ],
            [
              103.895675870163,
              1.33488821459546
            ],
            [
              103.895682385411,
              1.33491641249908
            ],
            [
              103.895681253958,
              1.33494534313261
            ],
            [
              103.895672565607,
              1.33497294454387
            ],
            [
              103.895308399918,
              1.33575020945837
            ],
            [
              103.895290070033,
              1.3357775217166
            ],
            [
              103.895264012392,
              1.33579834083708
            ],
            [
              103.895233317967,
              1.33581003504198
            ],
            [
              103.895200897984,
              1.3358086250557
            ],
            [
              103.895169753775,
              1.33580017004102
            ],
            [
              103.89514053234,
              1.3357861079204
            ],
            [
              103.895133477614,
              1.33577998465022
            ],
            [
              103.894991467815,
              1.3356716734661
            ],
            [
              103.894800619619,
              1.33552612088789
            ],
            [
              103.894775630075,
              1.33549923477431
            ],
            [
              103.894760829997,
              1.33546538480123
            ],
            [
              103.894758411971,
              1.33542882142464
            ],
            [
              103.894758438924,
              1.33542867672571
            ],
            [
              103.894768178407,
              1.33539336106573
            ],
            [
              103.895089054154,
              1.33471238495556
            ],
            [
              103.895089081109,
              1.33471233069304
            ],
            [
              103.895102451038,
              1.33468837375224
            ],
            [
              103.895122659114,
              1.33466956246979
            ],
            [
              103.895148132957,
              1.33465974043236
            ],
            [
              103.895148213826,
              1.33465971329941
            ],
            [
              103.895173454074,
              1.33465108502816
            ],
            [
              103.895201192517,
              1.33465074066783
            ],
            [
              103.895227664193,
              1.33465833665537
            ],
            [
              103.895132002798,
              1.33461719051306
            ],
            [
              103.895065958155,
              1.33458861427893
            ],
            [
              103.894963305908,
              1.33454408598486
            ],
            [
              103.894987998621,
              1.33455896215033
            ],
            [
              103.895007902177,
              1.33457988863171
            ],
            [
              103.895021605804,
              1.33460536422044
            ],
            [
              103.895028121045,
              1.33463358202225
            ],
            [
              103.895028346416,
              1.33466297203859
            ],
            [
              103.895018300329,
              1.33469014843104
            ],
            [
              103.894729008168,
              1.335307456512
            ],
            [
              103.894711298269,
              1.33533413569571
            ],
            [
              103.894686624393,
              1.33535444742714
            ],
            [
              103.894657152019,
              1.33536660372403
            ],
            [
              103.894625433025,
              1.3353695708341
            ],
            [
              103.89459423406,
              1.33536307918739
            ],
            [
              103.89456628945,
              1.33534769665594
            ],
            [
              103.894398238127,
              1.33521952444441
            ],
            [
              103.89439396934,
              1.33519359643437
            ],
            [
              103.894383878916,
              1.33520867243491
            ],
            [
              103.894328448959,
              1.33529110660082
            ],
            [
              103.894352799758,
              1.33528704539821
            ],
            [
              103.894871107227,
              1.33568214180224
            ],
            [
              103.895027744913,
              1.33580154374433
            ],
            [
              103.895028022603,
              1.33580301242448
            ],
            [
              103.895081687265,
              1.33584394348771
            ],
            [
              103.895778270436,
              1.33644746394119
            ],
            [
              103.895795462914,
              1.33646239274213
            ],
            [
              103.895795479986,
              1.33646237375005
            ],
            [
              103.895795555467,
              1.33646243886233
            ],
            [
              103.895796127861,
              1.33646293534351
            ]
          ]
        ]
      },
      "properties": {
        "Filter stage": "Filter 1+2",
        "Role": "Candidate",
        "UUID": "UUID_63c447c8-5953-4baa-a2bf-0cb0ce351e49",
        "Zone": "Business1",
        "Width m": 156.3723951783286,
        "Width diff": 0.03291099035154739,
        "Aspect ratio": 1.3499263898977494,
        "Aspect diff": -0.028002654219439968,
        "Final allowable GFA m²": 14212.150459511106,
        "GFA diff": -0.7696243237574741,
        "KG site area m²": 5684.860183804442,
        "Master Plan GPR": 2.5,
        "Master Plan GPR cap m²": 14212.150459511106,
        "Final GFA basis": "Master Plan GPR cap",
        "Width and aspect match": true,
        "GFA match": false,
        "Non-road context plots": 20,
        "Educational plots": 0,
        "B1-family plots": 19,
        "Business2 plots": 0,
        "Residential plots": 0,
        "Residential share": 0,
        "Non-residential plots": 20,
        "Non-residential share": 1,
        "Bordering road plots": 3,
        "Road type counts": "{\"Local Collector/Primary Access\":3}",
        "Context zone counts": "{\"Business1\":19,\"PlaceOfWorship\":1}"
      }
    },
    {
      "type": "Feature",
      "id": "UUID_7e4617a7-5812-4a68-b11a-c135a65fce4a:Filter 1+2",
      "geometry": {
        "type": "Polygon",
        "coordinates": [
          [
            [
              103.848027983916,
              1.3365035909214
            ],
            [
              103.848028176983,
              1.33723868552003
            ],
            [
              103.848028083706,
              1.33787189712492
            ],
            [
              103.84802808371,
              1.33787270833986
            ],
            [
              103.848191654343,
              1.33782726303264
            ],
            [
              103.848369326949,
              1.33778217937336
            ],
            [
              103.848547708535,
              1.33774091211496
            ],
            [
              103.848708379575,
              1.33770746770816
            ],
            [
              103.84883740343,
              1.33768191859427
            ],
            [
              103.849572836657,
              1.33753625686252
            ],
            [
              103.849573965236,
              1.33753473752266
            ],
            [
              103.849574500772,
              1.33753401854933
            ],
            [
              103.849658154022,
              1.33742146530789
            ],
            [
              103.849658015634,
              1.33741991432372
            ],
            [
              103.84965473026,
              1.33738289508954
            ],
            [
              103.849662896858,
              1.33718659277347
            ],
            [
              103.849696717312,
              1.33699321228682
            ],
            [
              103.849755481776,
              1.336805836612
            ],
            [
              103.849838282725,
              1.33662810129869
            ],
            [
              103.849917229206,
              1.33650369638315
            ],
            [
              103.848029167317,
              1.33650359091428
            ],
            [
              103.848027983916,
              1.3365035909214
            ]
          ]
        ]
      },
      "properties": {
        "Filter stage": "Filter 1+2",
        "Role": "Reference",
        "UUID": "UUID_7e4617a7-5812-4a68-b11a-c135a65fce4a",
        "Zone": "Business1",
        "Width m": 151.3900003378876,
        "Width diff": 0,
        "Aspect ratio": 1.388816950743517,
        "Aspect diff": 0,
        "Final allowable GFA m²": 61691.193668160486,
        "GFA diff": 0,
        "KG site area m²": 24676.477467264194,
        "Master Plan GPR": 2.5,
        "Master Plan GPR cap m²": 61691.193668160486,
        "Final GFA basis": "Master Plan GPR cap",
        "Width and aspect match": true,
        "GFA match": true,
        "Non-road context plots": 10,
        "Educational plots": 1,
        "B1-family plots": 0,
        "Business2 plots": 0,
        "Residential plots": 5,
        "Residential share": 0.5,
        "Non-residential plots": 5,
        "Non-residential share": 0.5,
        "Bordering road plots": 3,
        "Road type counts": "{\"Local Collector/Primary Access\":3}",
        "Context zone counts": "{\"CivicAndCommunityInstitutionZone\":1,\"Commercial\":2,\"EducationalInstitution\":1,\"PlaceOfWorship\":1,\"Residential\":5}"
      }
    },
    {
      "type": "Feature",
      "id": "UUID_a8098252-cfde-4089-b635-6e8d012f6c26:Filter 1+2",
      "geometry": {
        "type": "Polygon",
        "coordinates": [
          [
            [
              103.931160295078,
              1.31869407441282
            ],
            [
              103.930591525585,
              1.31858617916146
            ],
            [
              103.930347307349,
              1.31855411098216
            ],
            [
              103.930102534893,
              1.3185500156634
            ],
            [
              103.929858785145,
              1.31857336590026
            ],
            [
              103.929642353025,
              1.31861766101039
            ],
            [
              103.929342575203,
              1.32016845690913
            ],
            [
              103.930200895526,
              1.32033676250855
            ],
            [
              103.930818743887,
              1.32045796720756
            ],
            [
              103.931160295078,
              1.31869407441282
            ]
          ]
        ]
      },
      "properties": {
        "Filter stage": "Filter 1+2",
        "Role": "Candidate",
        "UUID": "UUID_a8098252-cfde-4089-b635-6e8d012f6c26",
        "Zone": "Business1",
        "Width m": 167.42965774745971,
        "Width diff": 0.1059492527496741,
        "Aspect ratio": 1.1868383713053332,
        "Aspect diff": -0.14543210991920325,
        "Final allowable GFA m²": 81533.91632509747,
        "GFA diff": 0.3216459510197163,
        "KG site area m²": 32613.566530038985,
        "Master Plan GPR": 2.5,
        "Master Plan GPR cap m²": 81533.91632509747,
        "Final GFA basis": "Master Plan GPR cap",
        "Width and aspect match": true,
        "GFA match": false,
        "Non-road context plots": 14,
        "Educational plots": 1,
        "B1-family plots": 10,
        "Business2 plots": 0,
        "Residential plots": 0,
        "Residential share": 0,
        "Non-residential plots": 14,
        "Non-residential share": 1,
        "Bordering road plots": 1,
        "Road type counts": "{\"Local Collector/Primary Access\":1}",
        "Context zone counts": "{\"Business1\":10,\"EducationalInstitution\":1,\"Park\":1,\"ReserveSite\":1,\"Utility\":1}"
      }
    },
    {
      "type": "Feature",
      "id": "UUID_240c1fd4-ca22-43f0-ab74-163a0fa161bf:Filter 1+2",
      "geometry": {
        "type": "Polygon",
        "coordinates": [
          [
            [
              103.807668072461,
              1.28344232058624
            ],
            [
              103.807654868959,
              1.2832990066626
            ],
            [
              103.807609540781,
              1.28280694401218
            ],
            [
              103.807799777091,
              1.28277135826893
            ],
            [
              103.808891609793,
              1.28256712452843
            ],
            [
              103.80876956039,
              1.28199922925643
            ],
            [
              103.808769475029,
              1.28199924553417
            ],
            [
              103.808769191103,
              1.28199792425439
            ],
            [
              103.807675451827,
              1.2822130889864
            ],
            [
              103.807450502301,
              1.28224977678911
            ],
            [
              103.807219254152,
              1.28227260963787
            ],
            [
              103.806983558382,
              1.28228090023295
            ],
            [
              103.806754844467,
              1.28226883362674
            ],
            [
              103.806523336138,
              1.28225300481287
            ],
            [
              103.806402518824,
              1.28223416561732
            ],
            [
              103.806402357085,
              1.28223431393144
            ],
            [
              103.806324588711,
              1.28230593427956
            ],
            [
              103.806300947931,
              1.28232758090497
            ],
            [
              103.806330229677,
              1.28282598752406
            ],
            [
              103.806362994591,
              1.28285529110084
            ],
            [
              103.806417116677,
              1.28290367247936
            ],
            [
              103.806417172386,
              1.28290366976686
            ],
            [
              103.806417220907,
              1.28290371227252
            ],
            [
              103.80724172071,
              1.28285466811856
            ],
            [
              103.807278238252,
              1.28285245370355
            ],
            [
              103.80727867045,
              1.2828524274814
            ],
            [
              103.807308910795,
              1.28285062900944
            ],
            [
              103.807317267615,
              1.28298805999214
            ],
            [
              103.807337498455,
              1.28332082575992
            ],
            [
              103.807346122099,
              1.28346265738406
            ],
            [
              103.807668072461,
              1.28344232058624
            ]
          ]
        ]
      },
      "properties": {
        "Filter stage": "Filter 1+2",
        "Role": "Candidate",
        "UUID": "UUID_240c1fd4-ca22-43f0-ab74-163a0fa161bf",
        "Zone": "Business1",
        "Width m": 146.8397775040903,
        "Width diff": -0.03005629713747048,
        "Aspect ratio": 1.9510644095480503,
        "Aspect diff": 0.40483913917059294,
        "Final allowable GFA m²": 62881.81971982389,
        "GFA diff": 0.019299773288029308,
        "KG site area m²": 20960.606573274632,
        "Master Plan GPR": 3,
        "Master Plan GPR cap m²": 62881.81971982389,
        "Final GFA basis": "Master Plan GPR cap",
        "Width and aspect match": false,
        "GFA match": true,
        "Non-road context plots": 24,
        "Educational plots": 1,
        "B1-family plots": 4,
        "Business2 plots": 0,
        "Residential plots": 9,
        "Residential share": 0.375,
        "Non-residential plots": 15,
        "Non-residential share": 0.625,
        "Bordering road plots": 3,
        "Road type counts": "{\"Major Arterials/Minor Arterials\":1,\"Expressway\":1,\"Local Access\":1}",
        "Context zone counts": "{\"Business1\":4,\"CivicAndCommunityInstitutionZone\":1,\"Commercial\":1,\"EducationalInstitution\":1,\"OpenSpace\":2,\"Park\":2,\"PlaceOfWorship\":3,\"Residential\":9,\"TransportFacilities\":1}"
      }
    },
    {
      "type": "Feature",
      "id": "UUID_9fc7c32d-3c2b-442d-ada6-eb7326165303:Filter 1+2",
      "geometry": {
        "type": "Polygon",
        "coordinates": [
          [
            [
              103.80587928892,
              1.43582473234748
            ],
            [
              103.805797843155,
              1.43573042160522
            ],
            [
              103.805797753294,
              1.43573050299685
            ],
            [
              103.805791437898,
              1.43573615519325
            ],
            [
              103.805760214968,
              1.43576409784326
            ],
            [
              103.805677127247,
              1.4358384572318
            ],
            [
              103.805536983483,
              1.43596387810115
            ],
            [
              103.805383224935,
              1.43610148238125
            ],
            [
              103.805260697399,
              1.43621113767761
            ],
            [
              103.805153837937,
              1.4363067710029
            ],
            [
              103.805153552181,
              1.43630702693428
            ],
            [
              103.805519838455,
              1.43698990740651
            ],
            [
              103.805584266333,
              1.43710981777247
            ],
            [
              103.805585857723,
              1.43711174589526
            ],
            [
              103.805592104671,
              1.43711931278234
            ],
            [
              103.805606709337,
              1.4371370032183
            ],
            [
              103.805627925776,
              1.43716270549252
            ],
            [
              103.805642508877,
              1.43718037151016
            ],
            [
              103.80567213785,
              1.43721626244756
            ],
            [
              103.805689740191,
              1.43723758484399
            ],
            [
              103.805698305483,
              1.43724795890381
            ],
            [
              103.805699877092,
              1.43725088453938
            ],
            [
              103.805716036183,
              1.43728094759278
            ],
            [
              103.805740919547,
              1.43732724588851
            ],
            [
              103.805764257363,
              1.43737066467134
            ],
            [
              103.805778314685,
              1.4373968199434
            ],
            [
              103.805784433016,
              1.4374143800468
            ],
            [
              103.805794150099,
              1.43744227435739
            ],
            [
              103.805800513738,
              1.43746054077175
            ],
            [
              103.805806948363,
              1.43747900976442
            ],
            [
              103.805814317496,
              1.43750016291973
            ],
            [
              103.805827737568,
              1.43753868354804
            ],
            [
              103.805839590542,
              1.43757270494808
            ],
            [
              103.805844271169,
              1.43758614204
            ],
            [
              103.805850593474,
              1.4376042863646
            ],
            [
              103.805851763406,
              1.43760764608976
            ],
            [
              103.805879978697,
              1.43766016282882
            ],
            [
              103.80588041542,
              1.43765977214901
            ],
            [
              103.805996386778,
              1.43755598425396
            ],
            [
              103.806184042588,
              1.43738804165332
            ],
            [
              103.806341801768,
              1.43724685428005
            ],
            [
              103.806558289278,
              1.43705310778118
            ],
            [
              103.806682154822,
              1.43694225414914
            ],
            [
              103.80677048142,
              1.43686320656473
            ],
            [
              103.806773677758,
              1.43686034519549
            ],
            [
              103.806739896398,
              1.43682127086337
            ],
            [
              103.806729411722,
              1.43680913598881
            ],
            [
              103.806699377458,
              1.4367743628536
            ],
            [
              103.806645774242,
              1.43671229303247
            ],
            [
              103.806476597901,
              1.43651639320595
            ],
            [
              103.806410684103,
              1.43644006774921
            ],
            [
              103.806295745395,
              1.43630697299119
            ],
            [
              103.806158561373,
              1.43614811987538
            ],
            [
              103.806012976516,
              1.43597953750604
            ],
            [
              103.80587928892,
              1.43582473234748
            ]
          ]
        ]
      },
      "properties": {
        "Filter stage": "Filter 1+2",
        "Role": "Candidate",
        "UUID": "UUID_9fc7c32d-3c2b-442d-ada6-eb7326165303",
        "Zone": "Business1",
        "Width m": 133.08132309135544,
        "Width diff": -0.1209371636545941,
        "Aspect ratio": 1.2552183780806874,
        "Aspect diff": -0.09619595483141703,
        "Final allowable GFA m²": 47345.77213563754,
        "GFA diff": -0.23253596955324884,
        "KG site area m²": 18938.308854255018,
        "Master Plan GPR": 2.5,
        "Master Plan GPR cap m²": 47345.77213563754,
        "Final GFA basis": "Master Plan GPR cap",
        "Width and aspect match": true,
        "GFA match": false,
        "Non-road context plots": 11,
        "Educational plots": 1,
        "B1-family plots": 3,
        "Business2 plots": 1,
        "Residential plots": 1,
        "Residential share": 0.09090909090909091,
        "Non-residential plots": 10,
        "Non-residential share": 0.9090909090909091,
        "Bordering road plots": 2,
        "Road type counts": "{\"Local Collector/Primary Access\":1,\"Local Access\":1}",
        "Context zone counts": "{\"Business1\":3,\"Business2\":1,\"CivicAndCommunityInstitutionZone\":1,\"EducationalInstitution\":1,\"HealthAndMedicalCare\":1,\"Park\":3,\"Residential\":1}"
      }
    },
    {
      "type": "Feature",
      "id": "UUID_b63a2359-de88-4d35-984a-d5603e2549f4:Filter 1+2",
      "geometry": {
        "type": "Polygon",
        "coordinates": [
          [
            [
              103.756772348974,
              1.33832120023809
            ],
            [
              103.756605879447,
              1.33840748034476
            ],
            [
              103.755982394956,
              1.33876026195704
            ],
            [
              103.755951579922,
              1.33887116309791
            ],
            [
              103.756171741298,
              1.33926531890873
            ],
            [
              103.756281885604,
              1.33929633302662
            ],
            [
              103.756905424107,
              1.33894361465182
            ],
            [
              103.757034863501,
              1.33887610886223
            ],
            [
              103.757168669611,
              1.33881732850297
            ],
            [
              103.757306060666,
              1.33876814445123
            ],
            [
              103.757446524491,
              1.33872851961168
            ],
            [
              103.75758927036,
              1.33869833639199
            ],
            [
              103.757733588397,
              1.33867812834442
            ],
            [
              103.757879137159,
              1.33866763319276
            ],
            [
              103.758024973132,
              1.33866787283876
            ],
            [
              103.758170458388,
              1.33867730080078
            ],
            [
              103.758315116676,
              1.33869649585714
            ],
            [
              103.758458112324,
              1.33872587398968
            ],
            [
              103.758548425697,
              1.33874917407765
            ],
            [
              103.758655158002,
              1.33869732927313
            ],
            [
              103.758818268023,
              1.33827542144489
            ],
            [
              103.758770279093,
              1.3381743573279
            ],
            [
              103.758600075649,
              1.3381280848663
            ],
            [
              103.758416691007,
              1.33809034918191
            ],
            [
              103.758231030834,
              1.33806537489072
            ],
            [
              103.758044095221,
              1.33805322261532
            ],
            [
              103.757856808792,
              1.33805356048239
            ],
            [
              103.757669953287,
              1.33806642288176
            ],
            [
              103.757484220568,
              1.33809267169354
            ],
            [
              103.757300661979,
              1.33813111952102
            ],
            [
              103.757120104187,
              1.33818196625475
            ],
            [
              103.756944254419,
              1.338246152487
            ],
            [
              103.756772348974,
              1.33832120023809
            ]
          ]
        ]
      },
      "properties": {
        "Filter stage": "Filter 1+2",
        "Role": "Candidate",
        "UUID": "UUID_b63a2359-de88-4d35-984a-d5603e2549f4",
        "Zone": "Business1",
        "Width m": 98.84509756501211,
        "Width diff": -0.3470830481247139,
        "Aspect ratio": 3.2940160865047274,
        "Aspect diff": 1.3718144315139895,
        "Final allowable GFA m²": 53768.7262930984,
        "GFA diff": -0.12842136622736414,
        "KG site area m²": 21507.49051723936,
        "Master Plan GPR": 2.5,
        "Master Plan GPR cap m²": 53768.7262930984,
        "Final GFA basis": "Master Plan GPR cap",
        "Width and aspect match": false,
        "GFA match": true,
        "Non-road context plots": 10,
        "Educational plots": 0,
        "B1-family plots": 9,
        "Business2 plots": 0,
        "Residential plots": 0,
        "Residential share": 0,
        "Non-residential plots": 10,
        "Non-residential share": 1,
        "Bordering road plots": 1,
        "Road type counts": "{\"Local Collector/Primary Access\":1}",
        "Context zone counts": "{\"Business1\":9,\"CivicAndCommunityInstitutionZone\":1}"
      }
    },
    {
      "type": "Feature",
      "id": "UUID_ac206aac-6ca7-44da-b6f1-f80a66f4aae0:Filter 1+2",
      "geometry": {
        "type": "Polygon",
        "coordinates": [
          [
            [
              103.864484935594,
              1.31724080046192
            ],
            [
              103.864621476249,
              1.31713174413342
            ],
            [
              103.864624556531,
              1.31713564642751
            ],
            [
              103.864899204873,
              1.31691715751255
            ],
            [
              103.864912062979,
              1.31690466897868
            ],
            [
              103.864919014042,
              1.31689458432105
            ],
            [
              103.864937168032,
              1.31686823995038
            ],
            [
              103.864957977977,
              1.31682908070011
            ],
            [
              103.864970485377,
              1.31679511260818
            ],
            [
              103.864980153121,
              1.31674251464289
            ],
            [
              103.865017861002,
              1.31640212039026
            ],
            [
              103.865023655978,
              1.31634855480415
            ],
            [
              103.86502482393,
              1.31633561333257
            ],
            [
              103.86491970985,
              1.31620678975364
            ],
            [
              103.864913837731,
              1.31619959289541
            ],
            [
              103.864903895115,
              1.31618740761417
            ],
            [
              103.864807094515,
              1.31606478786491
            ],
            [
              103.864804527315,
              1.31606153489823
            ],
            [
              103.864711528552,
              1.31594373174221
            ],
            [
              103.864707901046,
              1.31593913761621
            ],
            [
              103.864550931678,
              1.31574029967678
            ],
            [
              103.864547834326,
              1.31573637658234
            ],
            [
              103.864489934417,
              1.31566303244091
            ],
            [
              103.86448774192,
              1.31566025606927
            ],
            [
              103.864465000149,
              1.31563144782202
            ],
            [
              103.864464258834,
              1.31563050729219
            ],
            [
              103.864446022466,
              1.3156074082416
            ],
            [
              103.864444060933,
              1.31560757014748
            ],
            [
              103.864442580123,
              1.315607694064
            ],
            [
              103.864429934836,
              1.31560874238115
            ],
            [
              103.864427923882,
              1.31560890971382
            ],
            [
              103.86431194001,
              1.31561853360453
            ],
            [
              103.864247966544,
              1.31566966988816
            ],
            [
              103.863838793103,
              1.31599673025996
            ],
            [
              103.863835383136,
              1.31599945605669
            ],
            [
              103.863381410974,
              1.316362324316
            ],
            [
              103.863380040697,
              1.31636341861373
            ],
            [
              103.862862244936,
              1.31677730275806
            ],
            [
              103.862860384953,
              1.31677879226866
            ],
            [
              103.862837304094,
              1.31679723977196
            ],
            [
              103.862836091062,
              1.31679820836086
            ],
            [
              103.862827520764,
              1.31680506083319
            ],
            [
              103.862826553034,
              1.31680583317205
            ],
            [
              103.862823060399,
              1.31680862408265
            ],
            [
              103.862822584172,
              1.3168090256262
            ],
            [
              103.862816988072,
              1.31681538066258
            ],
            [
              103.862815885565,
              1.31681663322061
            ],
            [
              103.862808717932,
              1.31682583883277
            ],
            [
              103.862797271551,
              1.31684782407141
            ],
            [
              103.862789989048,
              1.31686928563342
            ],
            [
              103.862786868577,
              1.31688603269344
            ],
            [
              103.862785309763,
              1.31690068703531
            ],
            [
              103.862785832898,
              1.31691586317079
            ],
            [
              103.862788959196,
              1.316936272833
            ],
            [
              103.862796247576,
              1.31695615520117
            ],
            [
              103.86280770074,
              1.31697603571102
            ],
            [
              103.862833484156,
              1.3170097103228
            ],
            [
              103.86358372546,
              1.3179606089444
            ],
            [
              103.864484935594,
              1.31724080046192
            ]
          ]
        ]
      },
      "properties": {
        "Filter stage": "Filter 1+2",
        "Role": "Candidate",
        "UUID": "UUID_ac206aac-6ca7-44da-b6f1-f80a66f4aae0",
        "Zone": "Business1",
        "Width m": 153.0937511739903,
        "Width diff": 0.011254051339587125,
        "Aspect ratio": 1.5502866258977688,
        "Aspect diff": 0.11626418806870646,
        "Final allowable GFA m²": 88675.3282855468,
        "GFA diff": 0.4374065893834881,
        "KG site area m²": 35470.13131421872,
        "Master Plan GPR": 2.5,
        "Master Plan GPR cap m²": 88675.3282855468,
        "Final GFA basis": "Master Plan GPR cap",
        "Width and aspect match": true,
        "GFA match": false,
        "Non-road context plots": 43,
        "Educational plots": 0,
        "B1-family plots": 15,
        "Business2 plots": 0,
        "Residential plots": 9,
        "Residential share": 0.20930232558139536,
        "Non-residential plots": 34,
        "Non-residential share": 0.7906976744186046,
        "Bordering road plots": 3,
        "Road type counts": "{\"Local Collector/Primary Access\":1,\"Major Arterials/Minor Arterials\":2}",
        "Context zone counts": "{\"Business1\":15,\"Commercial\":1,\"Park\":7,\"PlaceOfWorship\":1,\"ReserveSite\":2,\"Residential\":9,\"Utility\":3,\"Waterbody\":5}"
      }
    },
    {
      "type": "Feature",
      "id": "UUID_6dbebc22-19c0-4374-9d1a-93a350eca99e:Filter 1+2",
      "geometry": {
        "type": "Polygon",
        "coordinates": [
          [
            [
              103.809912612958,
              1.29096321734588
            ],
            [
              103.809760673958,
              1.28999603215167
            ],
            [
              103.809712744816,
              1.29000083659457
            ],
            [
              103.809438812795,
              1.28999977410532
            ],
            [
              103.809202663769,
              1.28997465493937
            ],
            [
              103.809166441804,
              1.28997078662523
            ],
            [
              103.808909127919,
              1.28991652316981
            ],
            [
              103.808324702726,
              1.29041782585051
            ],
            [
              103.808925740286,
              1.29112786931951
            ],
            [
              103.809257604859,
              1.29104967479384
            ],
            [
              103.809525957491,
              1.29100306366241
            ],
            [
              103.809912612958,
              1.29096321734588
            ]
          ]
        ]
      },
      "properties": {
        "Filter stage": "Filter 1+2",
        "Role": "Candidate",
        "UUID": "UUID_6dbebc22-19c0-4374-9d1a-93a350eca99e",
        "Zone": "Business1",
        "Width m": 132.4435202194727,
        "Width diff": -0.12515014252016796,
        "Aspect ratio": 1.2479821388714998,
        "Aspect diff": -0.10140631693515835,
        "Final allowable GFA m²": 41193.03681736154,
        "GFA diff": -0.3322703879107833,
        "KG site area m²": 16477.214726944618,
        "Master Plan GPR": 2.5,
        "Master Plan GPR cap m²": 41193.03681736154,
        "Final GFA basis": "Master Plan GPR cap",
        "Width and aspect match": true,
        "GFA match": false,
        "Non-road context plots": 22,
        "Educational plots": 0,
        "B1-family plots": 18,
        "Business2 plots": 0,
        "Residential plots": 1,
        "Residential share": 0.045454545454545456,
        "Non-residential plots": 21,
        "Non-residential share": 0.9545454545454546,
        "Bordering road plots": 1,
        "Road type counts": "{\"Local Collector/Primary Access\":1}",
        "Context zone counts": "{\"Business1\":18,\"OpenSpace\":1,\"PlaceOfWorship\":1,\"ReserveSite\":1,\"Residential\":1}"
      }
    },
    {
      "type": "Feature",
      "id": "UUID_7f6c9673-0c8a-4056-8b1e-aed0620eecf2:Filter 1+2",
      "geometry": {
        "type": "Polygon",
        "coordinates": [
          [
            [
              103.747418182468,
              1.33157794587938
            ],
            [
              103.747394279347,
              1.33157080961256
            ],
            [
              103.747370638207,
              1.33157515424994
            ],
            [
              103.747349121036,
              1.33158571646105
            ],
            [
              103.74732800796,
              1.3316036257356
            ],
            [
              103.747316370946,
              1.3316244681937
            ],
            [
              103.747309807125,
              1.33164675962029
            ],
            [
              103.747309982217,
              1.33167632688826
            ],
            [
              103.747315421745,
              1.33173758233541
            ],
            [
              103.747323037608,
              1.33179784848524
            ],
            [
              103.747328846294,
              1.3318374489602
            ],
            [
              103.74732888065,
              1.33185730154997
            ],
            [
              103.747320561886,
              1.33188142967725
            ],
            [
              103.747317599267,
              1.33188378091842
            ],
            [
              103.747333113002,
              1.33193053796291
            ],
            [
              103.747340235284,
              1.33194691714119
            ],
            [
              103.747353839227,
              1.33197820317134
            ],
            [
              103.747378744705,
              1.3320237948207
            ],
            [
              103.747395073309,
              1.33204818698297
            ],
            [
              103.747407629972,
              1.33206694482792
            ],
            [
              103.747464690092,
              1.33214335379245
            ],
            [
              103.747485275044,
              1.33217092041952
            ],
            [
              103.747507019079,
              1.33220007786255
            ],
            [
              103.747644687656,
              1.33243453893459
            ],
            [
              103.747680484304,
              1.33248685761864
            ],
            [
              103.747712030944,
              1.33253459916966
            ],
            [
              103.747742921605,
              1.33258335539331
            ],
            [
              103.747772985558,
              1.33263317783235
            ],
            [
              103.747801989182,
              1.33268403120848
            ],
            [
              103.747835748418,
              1.33274775293942
            ],
            [
              103.747838719748,
              1.33275336100161
            ],
            [
              103.747841340649,
              1.33275877190028
            ],
            [
              103.747874141097,
              1.33282340067395
            ],
            [
              103.747874958706,
              1.33282560915828
            ],
            [
              103.747878930852,
              1.33283631424835
            ],
            [
              103.747967882076,
              1.33290027032564
            ],
            [
              103.747993844852,
              1.33290303587051
            ],
            [
              103.748430293375,
              1.33294952900759
            ],
            [
              103.74880091216,
              1.33298900826399
            ],
            [
              103.748976572385,
              1.33320766230734
            ],
            [
              103.748977182504,
              1.33320768855493
            ],
            [
              103.749021707592,
              1.3332122462733
            ],
            [
              103.749053586123,
              1.3329079480192
            ],
            [
              103.749065750176,
              1.33279328146667
            ],
            [
              103.749119464186,
              1.33228639024
            ],
            [
              103.749137368236,
              1.33211785004031
            ],
            [
              103.748968638087,
              1.33209993783406
            ],
            [
              103.748956562466,
              1.33209799484503
            ],
            [
              103.748944751964,
              1.3320947097895
            ],
            [
              103.748307216254,
              1.33187889664069
            ],
            [
              103.747418182468,
              1.33157794587938
            ]
          ]
        ]
      },
      "properties": {
        "Filter stage": "Filter 1+2",
        "Role": "Candidate",
        "UUID": "UUID_7f6c9673-0c8a-4056-8b1e-aed0620eecf2",
        "Zone": "Business1",
        "Width m": 121.35671379961786,
        "Width diff": -0.1983835555270388,
        "Aspect ratio": 1.9238117745059868,
        "Aspect diff": 0.3852162255623788,
        "Final allowable GFA m²": 51470.55670697981,
        "GFA diff": -0.16567416438978158,
        "KG site area m²": 20588.222682791926,
        "Master Plan GPR": 2.5,
        "Master Plan GPR cap m²": 51470.55670697981,
        "Final GFA basis": "Master Plan GPR cap",
        "Width and aspect match": false,
        "GFA match": true,
        "Non-road context plots": 24,
        "Educational plots": 0,
        "B1-family plots": 6,
        "Business2 plots": 0,
        "Residential plots": 2,
        "Residential share": 0.08333333333333333,
        "Non-residential plots": 22,
        "Non-residential share": 0.9166666666666666,
        "Bordering road plots": 3,
        "Road type counts": "{\"Local Collector/Primary Access\":1,\"Slip Road\":1,\"Major Arterials/Minor Arterials\":1}",
        "Context zone counts": "{\"Business1\":6,\"BusinessPark\":1,\"BusinessParkWhite\":1,\"HealthAndMedicalCare\":1,\"OpenSpace\":1,\"ReserveSite\":1,\"Residential\":2,\"SportsAndRecreation\":1,\"Utility\":2,\"Waterbody\":8}"
      }
    },
    {
      "type": "Feature",
      "id": "UUID_a83a9b0f-fa4f-40e1-8cca-cdd138497d93:Filter 1+2",
      "geometry": {
        "type": "Polygon",
        "coordinates": [
          [
            [
              103.759779639034,
              1.33989573590275
            ],
            [
              103.75977984482,
              1.33989520504743
            ],
            [
              103.759811718997,
              1.3398179272223
            ],
            [
              103.759817514218,
              1.33980392965498
            ],
            [
              103.75983403095,
              1.33976281235074
            ],
            [
              103.75984647508,
              1.33973289546866
            ],
            [
              103.759833421251,
              1.33971847409006
            ],
            [
              103.759813836199,
              1.33969070953121
            ],
            [
              103.759803318235,
              1.33967186498586
            ],
            [
              103.759803999949,
              1.33965151591739
            ],
            [
              103.759817095657,
              1.33961743988614
            ],
            [
              103.759857290298,
              1.3395161053306
            ],
            [
              103.759908173508,
              1.33940739691423
            ],
            [
              103.759949752713,
              1.33930966086177
            ],
            [
              103.759973792717,
              1.33925012641458
            ],
            [
              103.760010529328,
              1.33916104316739
            ],
            [
              103.760041540026,
              1.33908198009778
            ],
            [
              103.760076930591,
              1.33899291399161
            ],
            [
              103.760095230342,
              1.33894204498382
            ],
            [
              103.76011343601,
              1.33888213595269
            ],
            [
              103.760125920248,
              1.33883270109072
            ],
            [
              103.760137965961,
              1.33878417510104
            ],
            [
              103.760155182569,
              1.33871569176671
            ],
            [
              103.760167619315,
              1.3386617359884
            ],
            [
              103.76017694965,
              1.33861098608631
            ],
            [
              103.760185220274,
              1.33857069511946
            ],
            [
              103.75911821035,
              1.33815324200806
            ],
            [
              103.75860012416,
              1.33949350229502
            ],
            [
              103.758644581526,
              1.33960266940614
            ],
            [
              103.758921405681,
              1.33972648527804
            ],
            [
              103.759078750277,
              1.33979240915525
            ],
            [
              103.759170446995,
              1.3398316703805
            ],
            [
              103.759498847523,
              1.3399871124563
            ],
            [
              103.7595370449,
              1.33999878081135
            ],
            [
              103.759588479099,
              1.34000532996361
            ],
            [
              103.759639696134,
              1.34000225667784
            ],
            [
              103.759688829763,
              1.33998739042454
            ],
            [
              103.759720918098,
              1.33996038166699
            ],
            [
              103.759756198287,
              1.33992748650174
            ],
            [
              103.759768650081,
              1.33991182239331
            ],
            [
              103.759779639034,
              1.33989573590275
            ]
          ]
        ]
      },
      "properties": {
        "Filter stage": "Filter 1+2",
        "Role": "Candidate",
        "UUID": "UUID_a83a9b0f-fa4f-40e1-8cca-cdd138497d93",
        "Zone": "Business1",
        "Width m": 138.86487522204334,
        "Width diff": -0.08273416399953383,
        "Aspect ratio": 1.2505591451072418,
        "Aspect diff": -0.09955077633683664,
        "Final allowable GFA m²": 57053.935002537175,
        "GFA diff": -0.07516889186108668,
        "KG site area m²": 22821.57400101487,
        "Master Plan GPR": 2.5,
        "Master Plan GPR cap m²": 57053.935002537175,
        "Final GFA basis": "Master Plan GPR cap",
        "Width and aspect match": true,
        "GFA match": true,
        "Non-road context plots": 61,
        "Educational plots": 1,
        "B1-family plots": 22,
        "Business2 plots": 0,
        "Residential plots": 24,
        "Residential share": 0.39344262295081966,
        "Non-residential plots": 37,
        "Non-residential share": 0.6065573770491803,
        "Bordering road plots": 3,
        "Road type counts": "{\"Local Collector/Primary Access\":2,\"Major Arterials/Minor Arterials\":1}",
        "Context zone counts": "{\"Business1\":22,\"Cemetery\":1,\"CivicAndCommunityInstitutionZone\":2,\"EducationalInstitution\":1,\"OpenSpace\":1,\"Park\":1,\"PlaceOfWorship\":2,\"ReserveSite\":1,\"Residential\":24,\"TransportFacilities\":3,\"Utility\":1,\"Waterbody\":2}"
      }
    },
    {
      "type": "Feature",
      "id": "UUID_c9e9466e-58f3-400d-99de-e75fc4d37c90:Filter 1+2",
      "geometry": {
        "type": "Polygon",
        "coordinates": [
          [
            [
              103.890905223719,
              1.38648645563583
            ],
            [
              103.890940818633,
              1.38647061573871
            ],
            [
              103.89097016205,
              1.38645053091101
            ],
            [
              103.891002878238,
              1.38641047131926
            ],
            [
              103.891021168554,
              1.38636507814369
            ],
            [
              103.891025838312,
              1.38632208548324
            ],
            [
              103.891020892548,
              1.38628488550804
            ],
            [
              103.890994405099,
              1.38620556984314
            ],
            [
              103.890943787434,
              1.38605772841774
            ],
            [
              103.89093227581,
              1.38602190685318
            ],
            [
              103.89091725565,
              1.38596555903136
            ],
            [
              103.890875530484,
              1.38578803888245
            ],
            [
              103.890871179154,
              1.38577041022708
            ],
            [
              103.890860895868,
              1.3857338470537
            ],
            [
              103.890852227561,
              1.38570713869213
            ],
            [
              103.890802006215,
              1.38556042318537
            ],
            [
              103.890718685512,
              1.38540017558542
            ],
            [
              103.890696469366,
              1.38533545533762
            ],
            [
              103.890665444774,
              1.38524540498072
            ],
            [
              103.890651884812,
              1.38518906978192
            ],
            [
              103.890616384836,
              1.38504159243703
            ],
            [
              103.889074743596,
              1.38585002027679
            ],
            [
              103.889673096405,
              1.38684181087252
            ],
            [
              103.889683722801,
              1.38683475025042
            ],
            [
              103.889841363827,
              1.3867670376616
            ],
            [
              103.890064224674,
              1.3867105963843
            ],
            [
              103.890160157681,
              1.38667746451298
            ],
            [
              103.890272869722,
              1.38664111812317
            ],
            [
              103.890394461496,
              1.38660505638731
            ],
            [
              103.890525074093,
              1.386569807449
            ],
            [
              103.89063185217,
              1.38654363527831
            ],
            [
              103.890755655538,
              1.38651626350116
            ],
            [
              103.890855167878,
              1.38649648534923
            ],
            [
              103.890905223719,
              1.38648645563583
            ]
          ]
        ]
      },
      "properties": {
        "Filter stage": "Filter 1+2",
        "Role": "Candidate",
        "UUID": "UUID_c9e9466e-58f3-400d-99de-e75fc4d37c90",
        "Zone": "Business1",
        "Width m": 156.81671837274916,
        "Width diff": 0.035845947702950326,
        "Aspect ratio": 1.2336476790499846,
        "Aspect diff": -0.11172766260554426,
        "Final allowable GFA m²": null,
        "GFA diff": null,
        "KG site area m²": 25333.19122589381,
        "Master Plan GPR": null,
        "Master Plan GPR cap m²": null,
        "Final GFA basis": "Unavailable",
        "Width and aspect match": true,
        "GFA match": false,
        "Non-road context plots": 14,
        "Educational plots": 1,
        "B1-family plots": 1,
        "Business2 plots": 0,
        "Residential plots": 4,
        "Residential share": 0.2857142857142857,
        "Non-residential plots": 10,
        "Non-residential share": 0.7142857142857143,
        "Bordering road plots": 2,
        "Road type counts": "{\"Major Arterials/Minor Arterials\":2}",
        "Context zone counts": "{\"Business1\":1,\"CivicAndCommunityInstitutionZone\":2,\"EducationalInstitution\":1,\"PlaceOfWorship\":1,\"ReserveSite\":1,\"Residential\":4,\"TransportFacilities\":2,\"Utility\":2}"
      }
    },
    {
      "type": "Feature",
      "id": "UUID_179262d6-7b23-4892-a924-9c2cd5632bde:Filter 1+2",
      "geometry": {
        "type": "Polygon",
        "coordinates": [
          [
            [
              103.849091867245,
              1.34360587323269
            ],
            [
              103.849095772383,
              1.34360487117153
            ],
            [
              103.849103672524,
              1.34360420369927
            ],
            [
              103.849488797957,
              1.34354969331306
            ],
            [
              103.849536203265,
              1.34258632780871
            ],
            [
              103.849536325453,
              1.34258384080564
            ],
            [
              103.849379648964,
              1.3425953227522
            ],
            [
              103.849310228026,
              1.34260041025976
            ],
            [
              103.849309980024,
              1.34260042834868
            ],
            [
              103.848432835519,
              1.34266471166218
            ],
            [
              103.848432392529,
              1.34266474150896
            ],
            [
              103.848320632338,
              1.34267216793754
            ],
            [
              103.848320351089,
              1.34267218602657
            ],
            [
              103.847693253269,
              1.34271279668276
            ],
            [
              103.84769346175,
              1.34271542476465
            ],
            [
              103.847697146119,
              1.34276181683103
            ],
            [
              103.847711888086,
              1.34294745473234
            ],
            [
              103.8477239836,
              1.34309977495793
            ],
            [
              103.847732668827,
              1.3432091406048
            ],
            [
              103.847748941162,
              1.34341405140702
            ],
            [
              103.847761980239,
              1.3435782504533
            ],
            [
              103.847767526566,
              1.34364809900902
            ],
            [
              103.847767618219,
              1.34364809719974
            ],
            [
              103.847780333749,
              1.34364784932824
            ],
            [
              103.848386125317,
              1.34363689379422
            ],
            [
              103.849091867245,
              1.34360587323269
            ]
          ]
        ]
      },
      "properties": {
        "Filter stage": "Filter 1+2",
        "Role": "Candidate",
        "UUID": "UUID_179262d6-7b23-4892-a924-9c2cd5632bde",
        "Zone": "Business1",
        "Width m": 109.30865233262011,
        "Width diff": -0.2779664965410269,
        "Aspect ratio": 1.880994353995595,
        "Aspect diff": 0.35438608593348875,
        "Final allowable GFA m²": 53507.9558613678,
        "GFA diff": -0.13264839469326306,
        "KG site area m²": 21403.18234454712,
        "Master Plan GPR": 2.5,
        "Master Plan GPR cap m²": 53507.9558613678,
        "Final GFA basis": "Master Plan GPR cap",
        "Width and aspect match": false,
        "GFA match": true,
        "Non-road context plots": 9,
        "Educational plots": 1,
        "B1-family plots": 3,
        "Business2 plots": 0,
        "Residential plots": 0,
        "Residential share": 0,
        "Non-residential plots": 9,
        "Non-residential share": 1,
        "Bordering road plots": 3,
        "Road type counts": "{\"Local Access\":2,\"Major Arterials/Minor Arterials\":1}",
        "Context zone counts": "{\"Business1\":3,\"EducationalInstitution\":1,\"PlaceOfWorship\":1,\"Waterbody\":4}"
      }
    },
    {
      "type": "Feature",
      "id": "UUID_255deb12-4dc2-4ca6-865e-4ebeaf34a9d2:Filter 1+2",
      "geometry": {
        "type": "Polygon",
        "coordinates": [
          [
            [
              103.751150589147,
              1.32188102540844
            ],
            [
              103.750927717177,
              1.32118892561469
            ],
            [
              103.750325476637,
              1.32131803953256
            ],
            [
              103.750294786892,
              1.32117407284409
            ],
            [
              103.74991926153,
              1.32125428628826
            ],
            [
              103.749803663722,
              1.32122856227679
            ],
            [
              103.748916319639,
              1.32141808671954
            ],
            [
              103.74910342222,
              1.32230219902626
            ],
            [
              103.749103652212,
              1.3223032869836
            ],
            [
              103.750017982688,
              1.32214448192671
            ],
            [
              103.75057070243,
              1.32201591357788
            ],
            [
              103.751150589147,
              1.32188102540844
            ]
          ]
        ]
      },
      "properties": {
        "Filter stage": "Filter 1+2",
        "Role": "Candidate",
        "UUID": "UUID_255deb12-4dc2-4ca6-865e-4ebeaf34a9d2",
        "Zone": "Business1",
        "Width m": 104.0229130353182,
        "Width diff": -0.31288121538312125,
        "Aspect ratio": 2.236133438007222,
        "Aspect diff": 0.6100994712154728,
        "Final allowable GFA m²": 54311.45409944221,
        "GFA diff": -0.11962387384517474,
        "KG site area m²": 21724.581639776887,
        "Master Plan GPR": 2.5,
        "Master Plan GPR cap m²": 54311.45409944221,
        "Final GFA basis": "Master Plan GPR cap",
        "Width and aspect match": false,
        "GFA match": true,
        "Non-road context plots": 19,
        "Educational plots": 0,
        "B1-family plots": 6,
        "Business2 plots": 0,
        "Residential plots": 3,
        "Residential share": 0.15789473684210525,
        "Non-residential plots": 16,
        "Non-residential share": 0.8421052631578947,
        "Bordering road plots": 1,
        "Road type counts": "{\"Local Collector/Primary Access\":1}",
        "Context zone counts": "{\"Business1\":6,\"CivicAndCommunityInstitutionZone\":1,\"OpenSpace\":1,\"Park\":3,\"PlaceOfWorship\":3,\"ReserveSite\":2,\"Residential\":3}"
      }
    },
    {
      "type": "Feature",
      "id": "UUID_105a9a4a-3e95-42e1-a543-db28444c9407:Filter 1+2",
      "geometry": {
        "type": "Polygon",
        "coordinates": [
          [
            [
              103.851787288681,
              1.34241826275275
            ],
            [
              103.851787271607,
              1.3424181451855
            ],
            [
              103.850375254144,
              1.34252173778545
            ],
            [
              103.850375305366,
              1.34252245946793
            ],
            [
              103.850280174836,
              1.34252871923966
            ],
            [
              103.849646147434,
              1.3425752757394
            ],
            [
              103.84964614384,
              1.34257533271437
            ],
            [
              103.849598303744,
              1.34354972875652
            ],
            [
              103.849598422359,
              1.3435504974655
            ],
            [
              103.850985087065,
              1.34337732007667
            ],
            [
              103.851061340643,
              1.34336779656358
            ],
            [
              103.85112776127,
              1.34335813927424
            ],
            [
              103.851129612303,
              1.3433578715688
            ],
            [
              103.851207211012,
              1.34334664240996
            ],
            [
              103.851596648533,
              1.34329028585086
            ],
            [
              103.851597979299,
              1.34329009321121
            ],
            [
              103.851851515064,
              1.34325340393888
            ],
            [
              103.851860908605,
              1.34325204460746
            ],
            [
              103.85186108023,
              1.34325202018832
            ],
            [
              103.851889095519,
              1.34324796570864
            ],
            [
              103.851903503921,
              1.34324588103847
            ],
            [
              103.851907562714,
              1.34324529407491
            ],
            [
              103.851907444997,
              1.34324451089621
            ],
            [
              103.851907471055,
              1.34324450546982
            ],
            [
              103.851907260781,
              1.34324306391452
            ],
            [
              103.851904557771,
              1.34322449462016
            ],
            [
              103.851850623378,
              1.34285356000865
            ],
            [
              103.851787288681,
              1.34241826275275
            ]
          ]
        ]
      },
      "properties": {
        "Filter stage": "Filter 1+2",
        "Role": "Candidate",
        "UUID": "UUID_105a9a4a-3e95-42e1-a543-db28444c9407",
        "Zone": "Business1",
        "Width m": 106.36027600965463,
        "Width diff": -0.29744186688507207,
        "Aspect ratio": 2.436861929284076,
        "Aspect diff": 0.7546314710368975,
        "Final allowable GFA m²": 62777.27948620657,
        "GFA diff": 0.017605200247675326,
        "KG site area m²": 25110.91179448263,
        "Master Plan GPR": 2.5,
        "Master Plan GPR cap m²": 62777.27948620657,
        "Final GFA basis": "Master Plan GPR cap",
        "Width and aspect match": false,
        "GFA match": true,
        "Non-road context plots": 9,
        "Educational plots": 2,
        "B1-family plots": 3,
        "Business2 plots": 0,
        "Residential plots": 0,
        "Residential share": 0,
        "Non-residential plots": 9,
        "Non-residential share": 1,
        "Bordering road plots": 2,
        "Road type counts": "{\"Major Arterials/Minor Arterials\":1,\"Local Access\":1}",
        "Context zone counts": "{\"Business1\":3,\"EducationalInstitution\":2,\"PlaceOfWorship\":1,\"Waterbody\":3}"
      }
    },
    {
      "type": "Feature",
      "id": "UUID_451534a5-bdb7-4c97-9952-a6a498993871:Filter 1+2",
      "geometry": {
        "type": "Polygon",
        "coordinates": [
          [
            [
              103.856043204326,
              1.35611299827827
            ],
            [
              103.855959817434,
              1.35610854959163
            ],
            [
              103.855912446021,
              1.35611362352059
            ],
            [
              103.855827862492,
              1.35613650292164
            ],
            [
              103.855806890931,
              1.35614217529068
            ],
            [
              103.855744714113,
              1.35617482070968
            ],
            [
              103.855731825155,
              1.35618158818796
            ],
            [
              103.855610528559,
              1.35626087493444
            ],
            [
              103.855562275926,
              1.35629610037117
            ],
            [
              103.855531077872,
              1.35631063379396
            ],
            [
              103.855495853308,
              1.35632097462045
            ],
            [
              103.855436107989,
              1.35635262249531
            ],
            [
              103.855416899491,
              1.35636715761514
            ],
            [
              103.85534884986,
              1.356424368326
            ],
            [
              103.855332834859,
              1.35643865381138
            ],
            [
              103.855309530755,
              1.35645944083837
            ],
            [
              103.855282491344,
              1.35648355957739
            ],
            [
              103.855251532438,
              1.35651295712639
            ],
            [
              103.855222581807,
              1.35654044735236
            ],
            [
              103.85520922295,
              1.35655313299225
            ],
            [
              103.855161622781,
              1.35660142919266
            ],
            [
              103.855142421511,
              1.35662091118308
            ],
            [
              103.855138281858,
              1.3566251119929
            ],
            [
              103.855070009519,
              1.35669913483073
            ],
            [
              103.855065851002,
              1.35670395241706
            ],
            [
              103.855047511471,
              1.35672520062246
            ],
            [
              103.855004199266,
              1.35677538238066
            ],
            [
              103.854992013055,
              1.3567904835659
            ],
            [
              103.854967101501,
              1.35682135426627
            ],
            [
              103.854940931968,
              1.35685378229305
            ],
            [
              103.854920713583,
              1.35688059687678
            ],
            [
              103.854895868539,
              1.35691354761376
            ],
            [
              103.854880270523,
              1.35693423508743
            ],
            [
              103.854860088995,
              1.35696291808702
            ],
            [
              103.854860258825,
              1.35696300761757
            ],
            [
              103.854860818634,
              1.35696330333968
            ],
            [
              103.854945093693,
              1.35700789497937
            ],
            [
              103.855572771715,
              1.35734000800507
            ],
            [
              103.855681833353,
              1.35763656613826
            ],
            [
              103.855756514696,
              1.35760886928549
            ],
            [
              103.856539390041,
              1.3573185274484
            ],
            [
              103.856665337047,
              1.35727181762128
            ],
            [
              103.856739505289,
              1.35724431156411
            ],
            [
              103.856760267472,
              1.35723661160413
            ],
            [
              103.856762252396,
              1.35723587543224
            ],
            [
              103.856669818347,
              1.35700650422089
            ],
            [
              103.856659563673,
              1.35698101481237
            ],
            [
              103.856636513122,
              1.35692371993949
            ],
            [
              103.856529674748,
              1.35665815348846
            ],
            [
              103.856490739001,
              1.35656264394872
            ],
            [
              103.856424755845,
              1.35640432656643
            ],
            [
              103.856415230817,
              1.35637943855192
            ],
            [
              103.856399838129,
              1.35635149384227
            ],
            [
              103.85638091407,
              1.35632255436561
            ],
            [
              103.856338294583,
              1.35626586921834
            ],
            [
              103.856284056695,
              1.35621395018107
            ],
            [
              103.856252822365,
              1.3561924175645
            ],
            [
              103.856183192188,
              1.35615441683835
            ],
            [
              103.85614314297,
              1.35613662837232
            ],
            [
              103.856115547948,
              1.35612769351437
            ],
            [
              103.856076145772,
              1.35611781822887
            ],
            [
              103.856043204326,
              1.35611299827827
            ]
          ]
        ]
      },
      "properties": {
        "Filter stage": "Filter 1+2",
        "Role": "Candidate",
        "UUID": "UUID_451534a5-bdb7-4c97-9952-a6a498993871",
        "Zone": "Business1",
        "Width m": 152.01068224800838,
        "Width diff": 0.004099887104402303,
        "Aspect ratio": 1.2161123974049861,
        "Aspect diff": -0.12435371936241983,
        "Final allowable GFA m²": 52596.47888340726,
        "GFA diff": -0.14742322597410057,
        "KG site area m²": 21038.591553362905,
        "Master Plan GPR": 2.5,
        "Master Plan GPR cap m²": 52596.47888340726,
        "Final GFA basis": "Master Plan GPR cap",
        "Width and aspect match": true,
        "GFA match": true,
        "Non-road context plots": 10,
        "Educational plots": 2,
        "B1-family plots": 3,
        "Business2 plots": 0,
        "Residential plots": 1,
        "Residential share": 0.1,
        "Non-residential plots": 9,
        "Non-residential share": 0.9,
        "Bordering road plots": 2,
        "Road type counts": "{\"Expressway\":1,\"Major Arterials/Minor Arterials\":1}",
        "Context zone counts": "{\"Business1\":3,\"EducationalInstitution\":2,\"OpenSpace\":1,\"Park\":1,\"Residential\":1,\"Utility\":2}"
      }
    },
    {
      "type": "Feature",
      "id": "UUID_4c808e1a-7f16-4bf1-b48c-26f59fcdc201:Filter 1+2",
      "geometry": {
        "type": "Polygon",
        "coordinates": [
          [
            [
              103.825570711658,
              1.2646962717743
            ],
            [
              103.825486424349,
              1.26484594122096
            ],
            [
              103.825486341684,
              1.26484608682347
            ],
            [
              103.825378589953,
              1.2650374211967
            ],
            [
              103.825378385985,
              1.26503778475083
            ],
            [
              103.825309652342,
              1.26515983493076
            ],
            [
              103.825276481922,
              1.26521873612242
            ],
            [
              103.82527289406,
              1.26522510645854
            ],
            [
              103.825271543558,
              1.26522750392604
            ],
            [
              103.825269549703,
              1.26523104270021
            ],
            [
              103.82525231395,
              1.26526162375009
            ],
            [
              103.825252254647,
              1.26526172865625
            ],
            [
              103.825131178462,
              1.26547656018892
            ],
            [
              103.825130974494,
              1.26547692283866
            ],
            [
              103.825091746122,
              1.26554652716868
            ],
            [
              103.8250821902,
              1.2655541011953
            ],
            [
              103.825081970059,
              1.26555427573704
            ],
            [
              103.82508185325,
              1.26555436798191
            ],
            [
              103.825072796036,
              1.26555461213145
            ],
            [
              103.825072796033,
              1.26555551649648
            ],
            [
              103.825073128237,
              1.26563567037083
            ],
            [
              103.825080763844,
              1.26567555560652
            ],
            [
              103.825100865809,
              1.26568063548922
            ],
            [
              103.825185273932,
              1.26570332627624
            ],
            [
              103.825243840258,
              1.26572182886503
            ],
            [
              103.8254200608,
              1.26564245419719
            ],
            [
              103.825460072451,
              1.26565060264871
            ],
            [
              103.825505915635,
              1.26564068280825
            ],
            [
              103.825594178539,
              1.26563887253599
            ],
            [
              103.825715282821,
              1.2656383221385
            ],
            [
              103.825790121654,
              1.26563228120017
            ],
            [
              103.82590444201,
              1.2656320825719
            ],
            [
              103.825982335825,
              1.2656363785292
            ],
            [
              103.826069385661,
              1.26565174303366
            ],
            [
              103.8261667147,
              1.26567320388852
            ],
            [
              103.826288095639,
              1.26570691985623
            ],
            [
              103.826350805984,
              1.26573411337928
            ],
            [
              103.826526289351,
              1.265787354723
            ],
            [
              103.826570092824,
              1.2657926634611
            ],
            [
              103.826859267451,
              1.26590273447275
            ],
            [
              103.826866760311,
              1.26590562755533
            ],
            [
              103.827041688568,
              1.2655188862268
            ],
            [
              103.827041345329,
              1.26551870173549
            ],
            [
              103.827041176404,
              1.26551908518586
            ],
            [
              103.827013424352,
              1.26550355626583
            ],
            [
              103.826319249369,
              1.26511512425855
            ],
            [
              103.826318761466,
              1.26511485113899
            ],
            [
              103.825733286508,
              1.26478724233834
            ],
            [
              103.825732987297,
              1.26478707502993
            ],
            [
              103.825696461103,
              1.26476663627202
            ],
            [
              103.825575069534,
              1.26469870995558
            ],
            [
              103.825574779309,
              1.26469854807337
            ],
            [
              103.825570711658,
              1.2646962717743
            ]
          ]
        ]
      },
      "properties": {
        "Filter stage": "Filter 1+2",
        "Role": "Candidate",
        "UUID": "UUID_4c808e1a-7f16-4bf1-b48c-26f59fcdc201",
        "Zone": "Business1",
        "Width m": 121.13801533637707,
        "Width diff": -0.1998281586233641,
        "Aspect ratio": 1.5963270303468822,
        "Aspect diff": 0.1494149963335863,
        "Final allowable GFA m²": null,
        "GFA diff": null,
        "KG site area m²": 14440.37220628787,
        "Master Plan GPR": null,
        "Master Plan GPR cap m²": null,
        "Final GFA basis": "Unavailable",
        "Width and aspect match": true,
        "GFA match": false,
        "Non-road context plots": 5,
        "Educational plots": 0,
        "B1-family plots": 0,
        "Business2 plots": 0,
        "Residential plots": 1,
        "Residential share": 0.2,
        "Non-residential plots": 4,
        "Non-residential share": 0.8,
        "Bordering road plots": 1,
        "Road type counts": "{\"Major Arterials/Minor Arterials\":1}",
        "Context zone counts": "{\"Commercial\":1,\"ReserveSite\":2,\"Residential\":1,\"Waterbody\":1}"
      }
    },
    {
      "type": "Feature",
      "id": "UUID_47a56127-6104-4f24-af2f-0ad4dc0ed818:Filter 1+2",
      "geometry": {
        "type": "Polygon",
        "coordinates": [
          [
            [
              103.894294890544,
              1.32929569739446
            ],
            [
              103.894419929307,
              1.32934630340288
            ],
            [
              103.894515340985,
              1.32910754167598
            ],
            [
              103.894667895408,
              1.32872578589769
            ],
            [
              103.894340498336,
              1.32859322513384
            ],
            [
              103.892847747247,
              1.32798885715194
            ],
            [
              103.892835357093,
              1.3279894597586
            ],
            [
              103.89259677502,
              1.32871985801702
            ],
            [
              103.892471522906,
              1.32910330508871
            ],
            [
              103.892503933654,
              1.32917340337811
            ],
            [
              103.892537902578,
              1.32924686948129
            ],
            [
              103.894031657153,
              1.32985109289123
            ],
            [
              103.894044457198,
              1.32985627096315
            ],
            [
              103.894061075703,
              1.32984509622926
            ],
            [
              103.894078480295,
              1.32982784053177
            ],
            [
              103.894090727082,
              1.32980658767271
            ],
            [
              103.894181174596,
              1.32958025475581
            ],
            [
              103.894294890544,
              1.32929569739446
            ]
          ]
        ]
      },
      "properties": {
        "Filter stage": "Filter 1+2",
        "Role": "Candidate",
        "UUID": "UUID_47a56127-6104-4f24-af2f-0ad4dc0ed818",
        "Zone": "Business1",
        "Width m": 141.92448545513616,
        "Width diff": -0.06252404294620087,
        "Aspect ratio": 1.547258644996202,
        "Aspect diff": 0.11408392889204125,
        "Final allowable GFA m²": 74069.45962820262,
        "GFA diff": 0.200648832094664,
        "KG site area m²": 29627.783851281045,
        "Master Plan GPR": 2.5,
        "Master Plan GPR cap m²": 74069.45962820262,
        "Final GFA basis": "Master Plan GPR cap",
        "Width and aspect match": true,
        "GFA match": false,
        "Non-road context plots": 10,
        "Educational plots": 0,
        "B1-family plots": 9,
        "Business2 plots": 0,
        "Residential plots": 0,
        "Residential share": 0,
        "Non-residential plots": 10,
        "Non-residential share": 1,
        "Bordering road plots": 2,
        "Road type counts": "{\"no category\":1,\"Local Collector/Primary Access\":1}",
        "Context zone counts": "{\"Business1\":9,\"CivicAndCommunityInstitutionZone\":1}"
      }
    },
    {
      "type": "Feature",
      "id": "UUID_8fe171ab-f68a-4f8b-ad24-ed8273b973d0:Filter 1+2",
      "geometry": {
        "type": "Polygon",
        "coordinates": [
          [
            [
              103.876244806409,
              1.37872179142628
            ],
            [
              103.876402741615,
              1.37862973787064
            ],
            [
              103.876410948951,
              1.37856677680646
            ],
            [
              103.876415378437,
              1.37854001750049
            ],
            [
              103.876461799977,
              1.37825930117595
            ],
            [
              103.876481362483,
              1.37814100458649
            ],
            [
              103.876506314043,
              1.37799011552554
            ],
            [
              103.8765192098,
              1.3776094241822
            ],
            [
              103.876540168051,
              1.37730647091333
            ],
            [
              103.876537254297,
              1.37717441573923
            ],
            [
              103.875740391606,
              1.37721408650026
            ],
            [
              103.875413679781,
              1.37723042514066
            ],
            [
              103.875413931448,
              1.37723419633402
            ],
            [
              103.874510003834,
              1.37727906777065
            ],
            [
              103.874498519216,
              1.37728157396292
            ],
            [
              103.874488248628,
              1.37728738920189
            ],
            [
              103.874389722355,
              1.37736619719051
            ],
            [
              103.874395653065,
              1.37737372049178
            ],
            [
              103.87527056799,
              1.37848183229619
            ],
            [
              103.875431883467,
              1.37868612525394
            ],
            [
              103.875573076416,
              1.37869220006344
            ],
            [
              103.875676699984,
              1.3786967109875
            ],
            [
              103.876002379212,
              1.37871215076892
            ],
            [
              103.876240833837,
              1.37872299068495
            ],
            [
              103.876242610318,
              1.37872307114112
            ],
            [
              103.876243320184,
              1.37872265783391
            ],
            [
              103.876244806409,
              1.37872179142628
            ]
          ]
        ]
      },
      "properties": {
        "Filter stage": "Filter 1+2",
        "Role": "Candidate",
        "UUID": "UUID_8fe171ab-f68a-4f8b-ad24-ed8273b973d0",
        "Zone": "Business1",
        "Width m": 169.41339213289757,
        "Width diff": 0.11905272313087731,
        "Aspect ratio": 1.4151741828828395,
        "Aspect diff": 0.018978190124488176,
        "Final allowable GFA m²": 73642.01234238563,
        "GFA diff": 0.1937200103228525,
        "KG site area m²": 29456.80493695425,
        "Master Plan GPR": 2.5,
        "Master Plan GPR cap m²": 73642.01234238563,
        "Final GFA basis": "Master Plan GPR cap",
        "Width and aspect match": true,
        "GFA match": true,
        "Non-road context plots": 19,
        "Educational plots": 0,
        "B1-family plots": 13,
        "Business2 plots": 4,
        "Residential plots": 1,
        "Residential share": 0.05263157894736842,
        "Non-residential plots": 18,
        "Non-residential share": 0.9473684210526315,
        "Bordering road plots": 3,
        "Road type counts": "{\"Local Collector/Primary Access\":1,\"Major Arterials/Minor Arterials\":2}",
        "Context zone counts": "{\"Business1\":13,\"Business2\":4,\"Residential\":1,\"Waterbody\":1}"
      }
    },
    {
      "type": "Feature",
      "id": "UUID_8eee7526-6de8-474d-96f4-69664b23277d:Filter 1+2",
      "geometry": {
        "type": "Polygon",
        "coordinates": [
          [
            [
              103.721285799161,
              1.32422894808866
            ],
            [
              103.721285719191,
              1.32422893632831
            ],
            [
              103.721187643055,
              1.32467074026453
            ],
            [
              103.721090511299,
              1.32501178826303
            ],
            [
              103.720952743019,
              1.32534096282794
            ],
            [
              103.720836062423,
              1.32555963334264
            ],
            [
              103.721089782545,
              1.32597034323872
            ],
            [
              103.721089865211,
              1.32597034414685
            ],
            [
              103.721672489088,
              1.32597703491067
            ],
            [
              103.721669452818,
              1.32635934333036
            ],
            [
              103.721669535485,
              1.32635934423847
            ],
            [
              103.721867493646,
              1.32636359287172
            ],
            [
              103.721867576313,
              1.32636359468419
            ],
            [
              103.721896229334,
              1.32636421004507
            ],
            [
              103.721896312001,
              1.32636421095318
            ],
            [
              103.722420507393,
              1.32637546050613
            ],
            [
              103.72242059006,
              1.3263754623186
            ],
            [
              103.722421260379,
              1.32637547681863
            ],
            [
              103.722421343046,
              1.32637547863108
            ],
            [
              103.72248688342,
              1.32637688606157
            ],
            [
              103.722486966087,
              1.32637688787402
            ],
            [
              103.722488108146,
              1.32637691324767
            ],
            [
              103.722488187219,
              1.32637691505995
            ],
            [
              103.72258045291,
              1.326284846933
            ],
            [
              103.722595280564,
              1.32627054510119
            ],
            [
              103.722597019359,
              1.32618754636871
            ],
            [
              103.722603988043,
              1.32585481890477
            ],
            [
              103.722606149393,
              1.32574624119021
            ],
            [
              103.722604745855,
              1.32574620766563
            ],
            [
              103.722288183447,
              1.32573862116856
            ],
            [
              103.721922926565,
              1.32573379163777
            ],
            [
              103.72210044989,
              1.32511165767925
            ],
            [
              103.722180459598,
              1.32483126176427
            ],
            [
              103.722139136691,
              1.32441442275408
            ],
            [
              103.722117987544,
              1.32441281022446
            ],
            [
              103.721898081164,
              1.32439605600562
            ],
            [
              103.721898000295,
              1.32439604967142
            ],
            [
              103.721837596241,
              1.3243914220259
            ],
            [
              103.721632571119,
              1.3243471722077
            ],
            [
              103.721348569652,
              1.32424120144276
            ],
            [
              103.721285799161,
              1.32422894808866
            ]
          ]
        ]
      },
      "properties": {
        "Filter stage": "Filter 1+2",
        "Role": "Candidate",
        "UUID": "UUID_8eee7526-6de8-474d-96f4-69664b23277d",
        "Zone": "Business1",
        "Width m": 208.02442652273749,
        "Width diff": 0.37409621545972255,
        "Aspect ratio": 1.063609912363246,
        "Aspect diff": -0.23416119612175537,
        "Final allowable GFA m²": 67075.86802536438,
        "GFA diff": 0.08728432758439214,
        "KG site area m²": 26830.347210145756,
        "Master Plan GPR": 2.5,
        "Master Plan GPR cap m²": 67075.86802536438,
        "Final GFA basis": "Master Plan GPR cap",
        "Width and aspect match": false,
        "GFA match": true,
        "Non-road context plots": 18,
        "Educational plots": 0,
        "B1-family plots": 3,
        "Business2 plots": 4,
        "Residential plots": 7,
        "Residential share": 0.3888888888888889,
        "Non-residential plots": 11,
        "Non-residential share": 0.6111111111111112,
        "Bordering road plots": 3,
        "Road type counts": "{\"Local Collector/Primary Access\":2,\"no category\":1}",
        "Context zone counts": "{\"Business1\":3,\"Business2\":4,\"CommercialAndResidential\":4,\"PlaceOfWorship\":1,\"ReserveSite\":1,\"Residential\":3,\"TransportFacilities\":1,\"Waterbody\":1}"
      }
    },
    {
      "type": "Feature",
      "id": "UUID_c88ae8f3-08b6-4b13-94c2-cd81cc9c1f32:Filter 1+2",
      "geometry": {
        "type": "Polygon",
        "coordinates": [
          [
            [
              103.86358372546,
              1.3179606089444
            ],
            [
              103.864088008409,
              1.31860321251849
            ],
            [
              103.864605443839,
              1.31939926657831
            ],
            [
              103.865546639993,
              1.31870056055246
            ],
            [
              103.865541340232,
              1.31869250454228
            ],
            [
              103.865471559155,
              1.31858622362656
            ],
            [
              103.865324956134,
              1.31838662684944
            ],
            [
              103.865080617818,
              1.31805389348522
            ],
            [
              103.864625245845,
              1.3174338307825
            ],
            [
              103.86462683267,
              1.31743254746917
            ],
            [
              103.864653345949,
              1.31741109470266
            ],
            [
              103.86476845187,
              1.31731796359238
            ],
            [
              103.864691625438,
              1.31722061967158
            ],
            [
              103.864624556531,
              1.31713564642751
            ],
            [
              103.864621476249,
              1.31713174413342
            ],
            [
              103.864484935594,
              1.31724080046192
            ],
            [
              103.86358372546,
              1.3179606089444
            ]
          ]
        ]
      },
      "properties": {
        "Filter stage": "Filter 1+2",
        "Role": "Candidate",
        "UUID": "UUID_c88ae8f3-08b6-4b13-94c2-cd81cc9c1f32",
        "Zone": "Business1",
        "Width m": 148.5863886868683,
        "Width diff": -0.018519133659831717,
        "Aspect ratio": 1.3658225718657355,
        "Aspect diff": -0.01655681035968871,
        "Final allowable GFA m²": 64676.544184443694,
        "GFA diff": 0.04839184231612592,
        "KG site area m²": 25870.617673777477,
        "Master Plan GPR": 2.5,
        "Master Plan GPR cap m²": 64676.544184443694,
        "Final GFA basis": "Master Plan GPR cap",
        "Width and aspect match": true,
        "GFA match": true,
        "Non-road context plots": 8,
        "Educational plots": 0,
        "B1-family plots": 5,
        "Business2 plots": 0,
        "Residential plots": 0,
        "Residential share": 0,
        "Non-residential plots": 8,
        "Non-residential share": 1,
        "Bordering road plots": 1,
        "Road type counts": "{\"Local Collector/Primary Access\":1}",
        "Context zone counts": "{\"Business1\":5,\"Park\":1,\"ReserveSite\":1,\"Waterbody\":1}"
      }
    },
    {
      "type": "Feature",
      "id": "UUID_c334beac-c152-474e-ac2d-611502405691:Filter 1+2",
      "geometry": {
        "type": "Polygon",
        "coordinates": [
          [
            [
              103.748607022029,
              1.33718148629103
            ],
            [
              103.748666110973,
              1.33660988174915
            ],
            [
              103.748666818337,
              1.33660405405503
            ],
            [
              103.748666715003,
              1.33660404319907
            ],
            [
              103.748644055272,
              1.33660163047529
            ],
            [
              103.748332059403,
              1.3365684050692
            ],
            [
              103.748120612615,
              1.33654588808748
            ],
            [
              103.74803571457,
              1.33653641100952
            ],
            [
              103.748034258907,
              1.33653641095865
            ],
            [
              103.747996213872,
              1.33654009852753
            ],
            [
              103.747961834833,
              1.33654715226511
            ],
            [
              103.747930717352,
              1.33656012879305
            ],
            [
              103.747900255564,
              1.33658044877534
            ],
            [
              103.747874331377,
              1.33660400653753
            ],
            [
              103.747852109132,
              1.33663082104212
            ],
            [
              103.747834199849,
              1.33666084437934
            ],
            [
              103.747822418625,
              1.33669379083406
            ],
            [
              103.747821651127,
              1.3366975782816
            ],
            [
              103.747821256612,
              1.33669895923087
            ],
            [
              103.747820309408,
              1.33670256308632
            ],
            [
              103.747819413423,
              1.33670613257775
            ],
            [
              103.747818571349,
              1.33670977170705
            ],
            [
              103.747817816437,
              1.33671337647359
            ],
            [
              103.747817114538,
              1.33671701470344
            ],
            [
              103.747816464754,
              1.33672068820529
            ],
            [
              103.747815885957,
              1.3367243282482
            ],
            [
              103.747815711593,
              1.3367255871161
            ],
            [
              103.747815376348,
              1.33672800356368
            ],
            [
              103.747815687319,
              1.33672598232211
            ],
            [
              103.747801434584,
              1.33690258593098
            ],
            [
              103.747790974825,
              1.337074315153
            ],
            [
              103.747752693706,
              1.33743412840096
            ],
            [
              103.747741022366,
              1.3382632041453
            ],
            [
              103.747740916033,
              1.33827196651959
            ],
            [
              103.747740809698,
              1.33828076506845
            ],
            [
              103.747740739305,
              1.3382895600011
            ],
            [
              103.747740703958,
              1.33829832147352
            ],
            [
              103.747740667711,
              1.33830711821609
            ],
            [
              103.747740666507,
              1.33831591495989
            ],
            [
              103.747740683276,
              1.3383246755298
            ],
            [
              103.747740716218,
              1.33833347317916
            ],
            [
              103.747740786,
              1.33834226902109
            ],
            [
              103.747740855784,
              1.33835103140158
            ],
            [
              103.747740959712,
              1.33835982724471
            ],
            [
              103.747741081611,
              1.33836862399283
            ],
            [
              103.747741238555,
              1.338377385472
            ],
            [
              103.747741395497,
              1.33838618222135
            ],
            [
              103.747741587484,
              1.33839497897195
            ],
            [
              103.747741795645,
              1.33840374045291
            ],
            [
              103.747742024473,
              1.33841253720479
            ],
            [
              103.747742287446,
              1.33842129868769
            ],
            [
              103.747742567491,
              1.33843009544137
            ],
            [
              103.747742865508,
              1.33843889129131
            ],
            [
              103.747743177902,
              1.33844765368031
            ],
            [
              103.74774351186,
              1.33845644953151
            ],
            [
              103.747743879067,
              1.33846521101806
            ],
            [
              103.747744264244,
              1.33847397250525
            ],
            [
              103.747744667392,
              1.33848276926324
            ],
            [
              103.747745087613,
              1.33849153075165
            ],
            [
              103.747745524906,
              1.33850032751084
            ],
            [
              103.747745999041,
              1.33850908809679
            ],
            [
              103.747746489349,
              1.33851785049202
            ],
            [
              103.747746996731,
              1.33852661107914
            ],
            [
              103.747747540053,
              1.33853540784205
            ],
            [
              103.747748083377,
              1.33854417023916
            ],
            [
              103.747748661745,
              1.33855293082875
            ],
            [
              103.747749258083,
              1.33856169322772
            ],
            [
              103.747749887669,
              1.33857045291475
            ],
            [
              103.747750519051,
              1.33857921621931
            ],
            [
              103.747751185477,
              1.338587976812
            ],
            [
              103.747751868976,
              1.33859673830966
            ],
            [
              103.747752569547,
              1.33860549980791
            ],
            [
              103.747753305162,
              1.3386142613074
            ],
            [
              103.747754059647,
              1.33862302280754
            ],
            [
              103.747754814133,
              1.33863174813315
            ],
            [
              103.747755619836,
              1.3386405096351
            ],
            [
              103.747756427337,
              1.33864923677129
            ],
            [
              103.747757250112,
              1.33865799736946
            ],
            [
              103.74775810883,
              1.33866675887328
            ],
            [
              103.747758986418,
              1.33867548510757
            ],
            [
              103.747759879282,
              1.33868421043803
            ],
            [
              103.747760809885,
              1.33869297284873
            ],
            [
              103.747761755763,
              1.33870169818104
            ],
            [
              103.747762719614,
              1.3387104262271
            ],
            [
              103.747763700536,
              1.33871914975191
            ],
            [
              103.747764702126,
              1.33872787689492
            ],
            [
              103.747765736063,
              1.3387366031347
            ],
            [
              103.747766770001,
              1.33874532937447
            ],
            [
              103.74776784078,
              1.33875405561554
            ],
            [
              103.747768944806,
              1.33876274568325
            ],
            [
              103.74777004973,
              1.33877147192552
            ],
            [
              103.747771189697,
              1.33878019816902
            ],
            [
              103.747772329666,
              1.33878888823797
            ],
            [
              103.74777352175,
              1.33879761538766
            ],
            [
              103.747774715632,
              1.3388063054585
            ],
            [
              103.74777592479,
              1.33881499733862
            ],
            [
              103.74777716989,
              1.33882368741126
            ],
            [
              103.747778432961,
              1.33883237748455
            ],
            [
              103.747779712206,
              1.33884106936711
            ],
            [
              103.747781028292,
              1.33884975944224
            ],
            [
              103.74778234348,
              1.33885845132608
            ],
            [
              103.747783693711,
              1.33886714140241
            ],
            [
              103.747785061016,
              1.33887579620917
            ],
            [
              103.74778644719,
              1.3388844880955
            ],
            [
              103.74778786751,
              1.3388931429041
            ],
            [
              103.747789288728,
              1.3389018338873
            ],
            [
              103.747790744092,
              1.33891049050587
            ],
            [
              103.747792216528,
              1.33891914531632
            ],
            [
              103.747793707834,
              1.33892780012741
            ],
            [
              103.747795234184,
              1.33893645584411
            ],
            [
              103.747796777607,
              1.33894511156141
            ],
            [
              103.7477983399,
              1.33895373200918
            ],
            [
              103.747799918367,
              1.33896238682335
            ],
            [
              103.747801513907,
              1.33897100727231
            ],
            [
              103.747803145388,
              1.33897966299268
            ],
            [
              103.747804775972,
              1.3389882825385
            ],
            [
              103.747806443397,
              1.3389969020856
            ],
            [
              103.747808126996,
              1.339005523442
            ],
            [
              103.747809845639,
              1.33901414299091
            ],
            [
              103.74781156518,
              1.3390227634442
            ],
            [
              103.747813318868,
              1.33903134772416
            ],
            [
              103.747815090526,
              1.33903996908363
            ],
            [
              103.747816880156,
              1.33904855336485
            ],
            [
              103.747818686858,
              1.33905713945537
            ],
            [
              103.747820528605,
              1.33906572283406
            ],
            [
              103.747822389221,
              1.33907430711776
            ],
            [
              103.747824265113,
              1.33908289321073
            ],
            [
              103.747826158975,
              1.33909147749558
            ],
            [
              103.747828071708,
              1.33910006268547
            ],
            [
              103.747830018587,
              1.33910861170202
            ],
            [
              103.747831983437,
              1.33911716162355
            ],
            [
              103.747833965359,
              1.33912574591151
            ],
            [
              103.747835965253,
              1.33913429673864
            ],
            [
              103.747837983118,
              1.33914284575767
            ],
            [
              103.74784003513,
              1.33915135950773
            ],
            [
              103.748400858528,
              1.33914947001518
            ],
            [
              103.748408294195,
              1.33909438006636
            ],
            [
              103.748504687544,
              1.33816370292228
            ],
            [
              103.748529109453,
              1.33792792715635
            ],
            [
              103.748573971276,
              1.3374962850459
            ],
            [
              103.748607022029,
              1.33718148629103
            ]
          ]
        ]
      },
      "properties": {
        "Filter stage": "Filter 1+2",
        "Role": "Candidate",
        "UUID": "UUID_c334beac-c152-474e-ac2d-611502405691",
        "Zone": "Business1",
        "Width m": 92.8252880995642,
        "Width diff": -0.38684663523094476,
        "Aspect ratio": 3.1225071208707065,
        "Aspect diff": 1.2483215798878613,
        "Final allowable GFA m²": 61151.70715891953,
        "GFA diff": -0.00874495170482311,
        "KG site area m²": 24460.682863567814,
        "Master Plan GPR": 2.5,
        "Master Plan GPR cap m²": 61151.70715891953,
        "Final GFA basis": "Master Plan GPR cap",
        "Width and aspect match": false,
        "GFA match": true,
        "Non-road context plots": 16,
        "Educational plots": 0,
        "B1-family plots": 5,
        "Business2 plots": 0,
        "Residential plots": 2,
        "Residential share": 0.125,
        "Non-residential plots": 14,
        "Non-residential share": 0.875,
        "Bordering road plots": 2,
        "Road type counts": "{\"Local Collector/Primary Access\":1,\"Major Arterials/Minor Arterials\":1}",
        "Context zone counts": "{\"Business1\":5,\"HealthAndMedicalCare\":1,\"OpenSpace\":1,\"ReserveSite\":1,\"Residential\":2,\"Utility\":1,\"Waterbody\":5}"
      }
    },
    {
      "type": "Feature",
      "id": "UUID_a93e405c-94b9-4bee-95f2-cd58a3f5c60b:Filter 1+2",
      "geometry": {
        "type": "Polygon",
        "coordinates": [
          [
            [
              103.835613851301,
              1.35869886574829
            ],
            [
              103.83576418765,
              1.35862786033659
            ],
            [
              103.835864252835,
              1.35858298115128
            ],
            [
              103.836015173239,
              1.35851331146938
            ],
            [
              103.83607223935,
              1.35848739955699
            ],
            [
              103.836171190301,
              1.35844273379013
            ],
            [
              103.836227459381,
              1.35841708866247
            ],
            [
              103.836294346809,
              1.3583866341107
            ],
            [
              103.836353059086,
              1.35835959987339
            ],
            [
              103.836401100895,
              1.35833742751118
            ],
            [
              103.836507801063,
              1.35828918224632
            ],
            [
              103.836589021502,
              1.35825124857397
            ],
            [
              103.83666254393,
              1.35821887222862
            ],
            [
              103.836711381863,
              1.35819723343406
            ],
            [
              103.836731288681,
              1.35818681512839
            ],
            [
              103.836742702257,
              1.35817986959384
            ],
            [
              103.836753318802,
              1.35817051935548
            ],
            [
              103.836762237054,
              1.35815929979834
            ],
            [
              103.83677099625,
              1.3581414015105
            ],
            [
              103.836782674852,
              1.35809860606723
            ],
            [
              103.83679010685,
              1.35806895375743
            ],
            [
              103.836796211657,
              1.35803395936917
            ],
            [
              103.836798865961,
              1.35799148408376
            ],
            [
              103.836796476628,
              1.35795916029571
            ],
            [
              103.836790637699,
              1.3579259818883
            ],
            [
              103.836788248395,
              1.35791396108045
            ],
            [
              103.8367834707,
              1.35790006914614
            ],
            [
              103.836780020192,
              1.35788938408601
            ],
            [
              103.836775507576,
              1.35787709558934
            ],
            [
              103.836768076414,
              1.35786160202948
            ],
            [
              103.836745037119,
              1.35781527961461
            ],
            [
              103.836730704053,
              1.35778589502761
            ],
            [
              103.836717168015,
              1.35775570826817
            ],
            [
              103.836688766935,
              1.35767717059241
            ],
            [
              103.836676557174,
              1.35764260218547
            ],
            [
              103.836665409523,
              1.35761054610123
            ],
            [
              103.836656120112,
              1.35758329851975
            ],
            [
              103.836643379296,
              1.3575453649735
            ],
            [
              103.836632231648,
              1.35751571268957
            ],
            [
              103.836624534507,
              1.35749642532103
            ],
            [
              103.83659692959,
              1.35743845650634
            ],
            [
              103.836551010958,
              1.35734474452253
            ],
            [
              103.836537474027,
              1.35731509224133
            ],
            [
              103.83652340694,
              1.3572843719064
            ],
            [
              103.836476957263,
              1.35719130111608
            ],
            [
              103.836462890178,
              1.35716111435576
            ],
            [
              103.836449088171,
              1.357130927595
            ],
            [
              103.836402903576,
              1.35703726896592
            ],
            [
              103.836376626751,
              1.35698117037232
            ],
            [
              103.836359595295,
              1.35694629539012
            ],
            [
              103.835257230071,
              1.35748666238252
            ],
            [
              103.834934460853,
              1.35764488116742
            ],
            [
              103.835611801668,
              1.35869574750189
            ],
            [
              103.835613821648,
              1.35869887931379
            ],
            [
              103.835613851301,
              1.35869886574829
            ]
          ]
        ]
      },
      "properties": {
        "Filter stage": "Filter 1+2",
        "Role": "Candidate",
        "UUID": "UUID_a93e405c-94b9-4bee-95f2-cd58a3f5c60b",
        "Zone": "Business1",
        "Width m": 141.4995346382202,
        "Width diff": -0.06533103690859934,
        "Aspect ratio": 1.2468804100012385,
        "Aspect diff": -0.10219960281035699,
        "Final allowable GFA m²": 58166.75195700527,
        "GFA diff": -0.05713038606633772,
        "KG site area m²": 23266.70078280211,
        "Master Plan GPR": 2.5,
        "Master Plan GPR cap m²": 58166.75195700527,
        "Final GFA basis": "Master Plan GPR cap",
        "Width and aspect match": true,
        "GFA match": true,
        "Non-road context plots": 18,
        "Educational plots": 0,
        "B1-family plots": 4,
        "Business2 plots": 4,
        "Residential plots": 2,
        "Residential share": 0.1111111111111111,
        "Non-residential plots": 16,
        "Non-residential share": 0.8888888888888888,
        "Bordering road plots": 2,
        "Road type counts": "{\"Local Collector/Primary Access\":1,\"Local Access\":1}",
        "Context zone counts": "{\"Business1\":4,\"Business2\":4,\"CivicAndCommunityInstitutionZone\":4,\"PlaceOfWorship\":3,\"Residential\":2,\"TransportFacilities\":1}"
      }
    },
    {
      "type": "Feature",
      "id": "UUID_c924adbb-e172-4b7c-8eed-8b20b11ffc2d:Filter 1+2",
      "geometry": {
        "type": "Polygon",
        "coordinates": [
          [
            [
              103.845362297681,
              1.4374892827411
            ],
            [
              103.845363225019,
              1.43748674418716
            ],
            [
              103.845371718421,
              1.43746210475198
            ],
            [
              103.845371819064,
              1.43746219970963
            ],
            [
              103.84537542867,
              1.43745181216854
            ],
            [
              103.845382381003,
              1.43743158422782
            ],
            [
              103.845382620924,
              1.43743087701408
            ],
            [
              103.845383424257,
              1.43742851209864
            ],
            [
              103.845389274027,
              1.4374112884601
            ],
            [
              103.845397992969,
              1.43738525811216
            ],
            [
              103.845405423342,
              1.43736274574601
            ],
            [
              103.845407263638,
              1.43735711245447
            ],
            [
              103.845409094048,
              1.43735150900698
            ],
            [
              103.845410122924,
              1.43734833197166
            ],
            [
              103.845414403767,
              1.43733511738588
            ],
            [
              103.845416310553,
              1.4373284404582
            ],
            [
              103.84541700515,
              1.4373251603272
            ],
            [
              103.845418006147,
              1.43731774906101
            ],
            [
              103.845418232552,
              1.43730986752978
            ],
            [
              103.84541761248,
              1.43730205925653
            ],
            [
              103.845416916944,
              1.43729782050735
            ],
            [
              103.845416198949,
              1.43729453857515
            ],
            [
              103.845415702914,
              1.43729278863396
            ],
            [
              103.845414684786,
              1.43728920193277
            ],
            [
              103.845413327886,
              1.43728539637737
            ],
            [
              103.845411446203,
              1.43728098670976
            ],
            [
              103.845407496834,
              1.43727364872336
            ],
            [
              103.845405907205,
              1.43727117801007
            ],
            [
              103.84540310626,
              1.43726729559141
            ],
            [
              103.845399191053,
              1.43726264808694
            ],
            [
              103.845394093291,
              1.43725761713854
            ],
            [
              103.845386614244,
              1.43725163842956
            ],
            [
              103.84538097643,
              1.43724733459243
            ],
            [
              103.845362654882,
              1.43723334779995
            ],
            [
              103.84534804455,
              1.43722219526364
            ],
            [
              103.845334743478,
              1.43721204113788
            ],
            [
              103.845310179358,
              1.43719328928539
            ],
            [
              103.845307432339,
              1.43719119298473
            ],
            [
              103.84529941054,
              1.43718506867575
            ],
            [
              103.845289741608,
              1.43717768821419
            ],
            [
              103.845273200187,
              1.43716506067028
            ],
            [
              103.845241953183,
              1.43714120824066
            ],
            [
              103.845235567734,
              1.43713633375355
            ],
            [
              103.845204246148,
              1.43711249850671
            ],
            [
              103.845195399437,
              1.43710613544964
            ],
            [
              103.845182516221,
              1.43709743192023
            ],
            [
              103.845173395442,
              1.43709165217912
            ],
            [
              103.845167647105,
              1.4370881649825
            ],
            [
              103.845164404961,
              1.43708624955699
            ],
            [
              103.845159976667,
              1.43708369203939
            ],
            [
              103.845152633319,
              1.43707959892732
            ],
            [
              103.845146113987,
              1.43707611263901
            ],
            [
              103.845137809141,
              1.43707186940751
            ],
            [
              103.845123920407,
              1.43706523054544
            ],
            [
              103.845112424641,
              1.43705980984882
            ],
            [
              103.845105779507,
              1.43705663466218
            ],
            [
              103.845091978835,
              1.4370499397289
            ],
            [
              103.845071803507,
              1.43703990863063
            ],
            [
              103.845055271095,
              1.43703146919358
            ],
            [
              103.84504547817,
              1.43702637586751
            ],
            [
              103.845028430859,
              1.43701733955283
            ],
            [
              103.845013450324,
              1.43700916418169
            ],
            [
              103.845004106697,
              1.43700406542694
            ],
            [
              103.844993649706,
              1.43699821876905
            ],
            [
              103.844975313802,
              1.43698776260951
            ],
            [
              103.844946757236,
              1.43697094430317
            ],
            [
              103.844930873605,
              1.43696130296244
            ],
            [
              103.844926162251,
              1.43695840269198
            ],
            [
              103.844909050235,
              1.4369477131998
            ],
            [
              103.844900551287,
              1.43694231147845
            ],
            [
              103.844889423038,
              1.43693514445241
            ],
            [
              103.844888131752,
              1.4369343061138
            ],
            [
              103.84488640015,
              1.43693273433841
            ],
            [
              103.84488613686,
              1.43693248925719
            ],
            [
              103.844848944698,
              1.43689782608803
            ],
            [
              103.844839069183,
              1.43690856003142
            ],
            [
              103.844790498537,
              1.43696131724069
            ],
            [
              103.844731119636,
              1.43702582218827
            ],
            [
              103.844705985142,
              1.43705312505586
            ],
            [
              103.844662580492,
              1.43710028151177
            ],
            [
              103.84463614933,
              1.43712899428815
            ],
            [
              103.844590012061,
              1.43717911073883
            ],
            [
              103.844564579232,
              1.437206740986
            ],
            [
              103.84452635765,
              1.43724825961005
            ],
            [
              103.84450184947,
              1.43727488329512
            ],
            [
              103.844467363331,
              1.43731234673274
            ],
            [
              103.844413140529,
              1.43737125092197
            ],
            [
              103.844390602957,
              1.43739573396721
            ],
            [
              103.844352562517,
              1.43736028128466
            ],
            [
              103.84427752132,
              1.43729029836357
            ],
            [
              103.844252563602,
              1.43726702830021
            ],
            [
              103.84417817749,
              1.43719767028793
            ],
            [
              103.844155587585,
              1.43717660866842
            ],
            [
              103.844100533061,
              1.43712539209806
            ],
            [
              103.844074480198,
              1.43715371870283
            ],
            [
              103.844027552156,
              1.43720466716056
            ],
            [
              103.843971320094,
              1.4372658042229
            ],
            [
              103.843913719474,
              1.43732831863622
            ],
            [
              103.843858308719,
              1.43738849254453
            ],
            [
              103.843835993992,
              1.43741269613488
            ],
            [
              103.843835604001,
              1.43741272598069
            ],
            [
              103.843824119996,
              1.43742454606798
            ],
            [
              103.843812186693,
              1.43743616719727
            ],
            [
              103.84380471939,
              1.43744316700714
            ],
            [
              103.843801232851,
              1.43744616046723
            ],
            [
              103.843785859728,
              1.43745936063134
            ],
            [
              103.843770624985,
              1.43747169260551
            ],
            [
              103.843758172282,
              1.437481195717
            ],
            [
              103.843741010045,
              1.4374925880659
            ],
            [
              103.843723739073,
              1.43750288975248
            ],
            [
              103.843718351104,
              1.43750574575786
            ],
            [
              103.843708048723,
              1.43751120635327
            ],
            [
              103.843705531761,
              1.43751254120568
            ],
            [
              103.843679619896,
              1.43752473847781
            ],
            [
              103.843668068464,
              1.43752942765648
            ],
            [
              103.843651410316,
              1.43753582881887
            ],
            [
              103.843640770953,
              1.43753930162403
            ],
            [
              103.843622408164,
              1.43754479933457
            ],
            [
              103.843615329931,
              1.43754691829091
            ],
            [
              103.843598371646,
              1.43755184262828
            ],
            [
              103.843596472915,
              1.4375523933944
            ],
            [
              103.843585963846,
              1.43755543029536
            ],
            [
              103.843586798645,
              1.43755620171387
            ],
            [
              103.843634267188,
              1.43760046648683
            ],
            [
              103.843677081883,
              1.43764039033401
            ],
            [
              103.843725361865,
              1.43768541024504
            ],
            [
              103.843725884848,
              1.43768549796593
            ],
            [
              103.843745914643,
              1.43770405632251
            ],
            [
              103.843808562347,
              1.43776317519653
            ],
            [
              103.843821659443,
              1.43777521945238
            ],
            [
              103.843838674436,
              1.43779109638356
            ],
            [
              103.843873470929,
              1.43782351314058
            ],
            [
              103.843910186834,
              1.43785777659887
            ],
            [
              103.843947486829,
              1.43789254378442
            ],
            [
              103.843981114246,
              1.43792386807382
            ],
            [
              103.844014742562,
              1.43795519236269
            ],
            [
              103.84404903854,
              1.43798727269599
            ],
            [
              103.84408500322,
              1.43802078010682
            ],
            [
              103.8441167948,
              1.43805042499938
            ],
            [
              103.844150256879,
              1.43808158107532
            ],
            [
              103.844180463331,
              1.43810979888851
            ],
            [
              103.844214759313,
              1.4381417951134
            ],
            [
              103.844247303025,
              1.43817211103835
            ],
            [
              103.84428109759,
              1.43820360353401
            ],
            [
              103.844298406432,
              1.43821971469043
            ],
            [
              103.844420739209,
              1.43833377606792
            ],
            [
              103.844549800719,
              1.43845411097659
            ],
            [
              103.844655059208,
              1.43855225200621
            ],
            [
              103.844678652869,
              1.43857425144053
            ],
            [
              103.844762719666,
              1.43865263403201
            ],
            [
              103.844784737183,
              1.43867316207335
            ],
            [
              103.844785222427,
              1.43867361425276
            ],
            [
              103.844785322172,
              1.43867370740173
            ],
            [
              103.844786458888,
              1.43867193574743
            ],
            [
              103.844794272124,
              1.43865949889787
            ],
            [
              103.844794288298,
              1.4386594735756
            ],
            [
              103.844797514234,
              1.43865432411219
            ],
            [
              103.844798862119,
              1.43865217533714
            ],
            [
              103.844822415047,
              1.43861459166984
            ],
            [
              103.844824596822,
              1.43861119939042
            ],
            [
              103.844824697464,
              1.43861104022189
            ],
            [
              103.844824932895,
              1.43861064501375
            ],
            [
              103.844827633155,
              1.43860619824358
            ],
            [
              103.844875159537,
              1.43852792803401
            ],
            [
              103.844891905638,
              1.43849927408812
            ],
            [
              103.844896207183,
              1.43849191254539
            ],
            [
              103.844926109523,
              1.43844074711002
            ],
            [
              103.844934295663,
              1.43842617143783
            ],
            [
              103.844937739056,
              1.43842036359629
            ],
            [
              103.844938145218,
              1.43841962020722
            ],
            [
              103.844944335592,
              1.43840829482848
            ],
            [
              103.844975531886,
              1.43835275226533
            ],
            [
              103.844980370783,
              1.43834377009985
            ],
            [
              103.844983358588,
              1.43833822543044
            ],
            [
              103.845023426628,
              1.43826385306367
            ],
            [
              103.845047446773,
              1.43821728725092
            ],
            [
              103.845054577065,
              1.43820346582308
            ],
            [
              103.845069703888,
              1.43817413994196
            ],
            [
              103.845071625966,
              1.43817025116795
            ],
            [
              103.845073251511,
              1.43816709493009
            ],
            [
              103.845077052534,
              1.43815927487717
            ],
            [
              103.845114453526,
              1.43808361289984
            ],
            [
              103.845121072516,
              1.43806963863698
            ],
            [
              103.845126296899,
              1.4380586080853
            ],
            [
              103.845138644378,
              1.43803254154506
            ],
            [
              103.845145240904,
              1.43801896791537
            ],
            [
              103.845149487623,
              1.43800964842492
            ],
            [
              103.845157675544,
              1.43799236237376
            ],
            [
              103.845183453284,
              1.43793532040081
            ],
            [
              103.84518885738,
              1.43792336197085
            ],
            [
              103.845194682914,
              1.4379104702353
            ],
            [
              103.845196463912,
              1.43790656247027
            ],
            [
              103.845196728994,
              1.43790594297971
            ],
            [
              103.84519928008,
              1.43790029792792
            ],
            [
              103.845239267136,
              1.43780750999876
            ],
            [
              103.845246539384,
              1.43778980342291
            ],
            [
              103.845251117676,
              1.43777885698016
            ],
            [
              103.845254021005,
              1.4377720733325
            ],
            [
              103.845264433805,
              1.43774623379698
            ],
            [
              103.845277636712,
              1.43771408902274
            ],
            [
              103.845285555037,
              1.43769382580706
            ],
            [
              103.845291864899,
              1.43767816762001
            ],
            [
              103.845305517087,
              1.43764273909847
            ],
            [
              103.845309896786,
              1.43763153129552
            ],
            [
              103.845311923094,
              1.43762634566313
            ],
            [
              103.845314388809,
              1.43762003499994
            ],
            [
              103.845317499705,
              1.437611642488
            ],
            [
              103.845319391225,
              1.43760673449598
            ],
            [
              103.845324255257,
              1.43759341952292
            ],
            [
              103.845349523426,
              1.43752525749406
            ],
            [
              103.845356695914,
              1.43750480617442
            ],
            [
              103.845362297681,
              1.4374892827411
            ]
          ]
        ]
      },
      "properties": {
        "Filter stage": "Filter 1+2",
        "Role": "Candidate",
        "UUID": "UUID_c924adbb-e172-4b7c-8eed-8b20b11ffc2d",
        "Zone": "Business1",
        "Width m": 160.91314816138038,
        "Width diff": 0.06290473480572054,
        "Aspect ratio": 1.1307114478896743,
        "Aspect diff": -0.18584558801335443,
        "Final allowable GFA m²": 50528.590798138765,
        "GFA diff": -0.18094321419789394,
        "KG site area m²": 20211.436319255507,
        "Master Plan GPR": 2.5,
        "Master Plan GPR cap m²": 50528.590798138765,
        "Final GFA basis": "Master Plan GPR cap",
        "Width and aspect match": true,
        "GFA match": true,
        "Non-road context plots": 18,
        "Educational plots": 0,
        "B1-family plots": 10,
        "Business2 plots": 2,
        "Residential plots": 0,
        "Residential share": 0,
        "Non-residential plots": 18,
        "Non-residential share": 1,
        "Bordering road plots": 3,
        "Road type counts": "{\"Local Collector/Primary Access\":2,\"Major Arterials/Minor Arterials\":1}",
        "Context zone counts": "{\"Business1\":10,\"Business2\":2,\"CivicAndCommunityInstitutionZone\":2,\"Utility\":2,\"Waterbody\":2}"
      }
    },
    {
      "type": "Feature",
      "id": "UUID_6f236eb1-d7d4-45bc-bb78-dff94a9141ac:Filter 1+2",
      "geometry": {
        "type": "Polygon",
        "coordinates": [
          [
            [
              103.867136726428,
              1.31307711567931
            ],
            [
              103.867184309855,
              1.31279798833904
            ],
            [
              103.867214739314,
              1.31267063982995
            ],
            [
              103.867270794345,
              1.31253200811847
            ],
            [
              103.867463055776,
              1.31211472715931
            ],
            [
              103.867630873211,
              1.31177755603945
            ],
            [
              103.867632237171,
              1.31177480946548
            ],
            [
              103.867737204578,
              1.31156336577387
            ],
            [
              103.86780613923,
              1.31141542976978
            ],
            [
              103.8678232467,
              1.31134963339374
            ],
            [
              103.867834045477,
              1.31128519998245
            ],
            [
              103.867835375166,
              1.31120761362433
            ],
            [
              103.86782407924,
              1.311122316829
            ],
            [
              103.867799718564,
              1.31104791147694
            ],
            [
              103.867767683423,
              1.31097623379428
            ],
            [
              103.867734310542,
              1.31091907389391
            ],
            [
              103.867690111099,
              1.31086554697496
            ],
            [
              103.867649981408,
              1.31082835553612
            ],
            [
              103.867597667329,
              1.31078617398071
            ],
            [
              103.867567506408,
              1.31076879341328
            ],
            [
              103.867554383901,
              1.31076123129728
            ],
            [
              103.867527642977,
              1.31075273063796
            ],
            [
              103.867499790329,
              1.31079433179042
            ],
            [
              103.867465981277,
              1.31084158439843
            ],
            [
              103.867433444464,
              1.31088100880892
            ],
            [
              103.867401645236,
              1.31091140855492
            ],
            [
              103.867391133293,
              1.31092469200551
            ],
            [
              103.867359772141,
              1.31099089463369
            ],
            [
              103.867333974489,
              1.31103402865418
            ],
            [
              103.867216447346,
              1.31125985641944
            ],
            [
              103.867186297378,
              1.31132227968948
            ],
            [
              103.867205343894,
              1.31132044899634
            ],
            [
              103.867143986023,
              1.31142001132573
            ],
            [
              103.867054116452,
              1.31159880089781
            ],
            [
              103.866982777625,
              1.31170873913326
            ],
            [
              103.866883396133,
              1.31189814425926
            ],
            [
              103.866810618054,
              1.31202609926012
            ],
            [
              103.866613974004,
              1.31208144087213
            ],
            [
              103.86643154435,
              1.3121562659097
            ],
            [
              103.86636580336,
              1.31219152253225
            ],
            [
              103.866327480461,
              1.31220864537548
            ],
            [
              103.866281982309,
              1.31220001653228
            ],
            [
              103.866281698375,
              1.31220058899882
            ],
            [
              103.866295760705,
              1.31220324764421
            ],
            [
              103.86627468089,
              1.31221462482985
            ],
            [
              103.866262793305,
              1.31223152756106
            ],
            [
              103.866201990117,
              1.3123569185126
            ],
            [
              103.866192618355,
              1.31236511217947
            ],
            [
              103.866127725867,
              1.31242187095654
            ],
            [
              103.866091573148,
              1.31245349344465
            ],
            [
              103.866091549786,
              1.31245351424534
            ],
            [
              103.866086491013,
              1.31245808949235
            ],
            [
              103.86623043538,
              1.31262356098394
            ],
            [
              103.866127550876,
              1.31271517356956
            ],
            [
              103.866295794121,
              1.31290242816488
            ],
            [
              103.866295954065,
              1.31290260541821
            ],
            [
              103.866406272391,
              1.31302539857179
            ],
            [
              103.866406440422,
              1.31302558577302
            ],
            [
              103.866482615174,
              1.31311039425711
            ],
            [
              103.866633664001,
              1.31297134618657
            ],
            [
              103.866862796589,
              1.31322445936881
            ],
            [
              103.866946228904,
              1.3131714679047
            ],
            [
              103.867056264474,
              1.31311133883184
            ],
            [
              103.867136726428,
              1.31307711567931
            ]
          ]
        ]
      },
      "properties": {
        "Filter stage": "Filter 1+2",
        "Role": "Candidate",
        "UUID": "UUID_6f236eb1-d7d4-45bc-bb78-dff94a9141ac",
        "Zone": "Business1",
        "Width m": 135.4007991555045,
        "Width diff": -0.10561596635640919,
        "Aspect ratio": 2.036840360422511,
        "Aspect diff": 0.46660102278566534,
        "Final allowable GFA m²": 55371.44831363301,
        "GFA diff": -0.10244161246938505,
        "KG site area m²": 22148.579325453204,
        "Master Plan GPR": 2.5,
        "Master Plan GPR cap m²": 55371.44831363301,
        "Final GFA basis": "Master Plan GPR cap",
        "Width and aspect match": false,
        "GFA match": true,
        "Non-road context plots": 54,
        "Educational plots": 0,
        "B1-family plots": 40,
        "Business2 plots": 0,
        "Residential plots": 4,
        "Residential share": 0.07407407407407407,
        "Non-residential plots": 50,
        "Non-residential share": 0.9259259259259259,
        "Bordering road plots": 4,
        "Road type counts": "{\"Local Access\":1,\"Local Collector/Primary Access\":2,\"Major Arterials/Minor Arterials\":1}",
        "Context zone counts": "{\"Business1\":36,\"Business1White\":4,\"Park\":4,\"ReserveSite\":1,\"Residential\":4,\"Utility\":2,\"Waterbody\":3}"
      }
    },
    {
      "type": "Feature",
      "id": "UUID_7943dc4d-248a-4070-8ed8-4dc0508b1dca:Filter 1+2",
      "geometry": {
        "type": "Polygon",
        "coordinates": [
          [
            [
              103.818697476283,
              1.44222188141825
            ],
            [
              103.818765725895,
              1.44219129446993
            ],
            [
              103.818802600867,
              1.44217476836495
            ],
            [
              103.818809054616,
              1.4421718762513
            ],
            [
              103.818814250325,
              1.44216954754813
            ],
            [
              103.818823451096,
              1.44216542461308
            ],
            [
              103.818832440695,
              1.44216139573047
            ],
            [
              103.818833821926,
              1.44214792614644
            ],
            [
              103.818833790475,
              1.44214790444151
            ],
            [
              103.81883520316,
              1.44213377648091
            ],
            [
              103.818840328189,
              1.44208253526672
            ],
            [
              103.818841545866,
              1.44207035982609
            ],
            [
              103.818845813578,
              1.44202768112185
            ],
            [
              103.818837411726,
              1.44202154224725
            ],
            [
              103.818813090387,
              1.44200377405773
            ],
            [
              103.818813006818,
              1.44200363659391
            ],
            [
              103.818789785357,
              1.44198683246288
            ],
            [
              103.818790110648,
              1.44198698530245
            ],
            [
              103.818786794837,
              1.44198456249078
            ],
            [
              103.818776060236,
              1.44197671977976
            ],
            [
              103.818758035345,
              1.44196355031955
            ],
            [
              103.818742340506,
              1.44195208469542
            ],
            [
              103.818712469454,
              1.44193026039783
            ],
            [
              103.818677674109,
              1.44190483941355
            ],
            [
              103.818659885548,
              1.44189184268755
            ],
            [
              103.818654542511,
              1.44188778839044
            ],
            [
              103.818613555867,
              1.44185632259803
            ],
            [
              103.818579071445,
              1.44182984803056
            ],
            [
              103.818528579482,
              1.44179108395957
            ],
            [
              103.818492906224,
              1.44176369688003
            ],
            [
              103.818464241096,
              1.44174169080998
            ],
            [
              103.818455060167,
              1.44173464213898
            ],
            [
              103.818444676023,
              1.44172667010468
            ],
            [
              103.818431700335,
              1.44171670845313
            ],
            [
              103.818412082246,
              1.44170164795519
            ],
            [
              103.818396603976,
              1.44168976451409
            ],
            [
              103.818386213542,
              1.44168169933002
            ],
            [
              103.818380519159,
              1.44167689802553
            ],
            [
              103.818377506177,
              1.44167435764798
            ],
            [
              103.818376068429,
              1.44167314488677
            ],
            [
              103.818373535295,
              1.44167100966733
            ],
            [
              103.818369702797,
              1.44166777744614
            ],
            [
              103.818365112788,
              1.44166337226021
            ],
            [
              103.818343321928,
              1.4416424623229
            ],
            [
              103.818329458449,
              1.44162915904102
            ],
            [
              103.818313561456,
              1.44161390322435
            ],
            [
              103.818295291281,
              1.44159637201272
            ],
            [
              103.818277407501,
              1.44157921068827
            ],
            [
              103.818260723341,
              1.4415631997223
            ],
            [
              103.818245783349,
              1.4415488636494
            ],
            [
              103.818227103418,
              1.44153093813191
            ],
            [
              103.818219839199,
              1.44152396815239
            ],
            [
              103.818206517572,
              1.44151118397815
            ],
            [
              103.81820099842,
              1.44150588798743
            ],
            [
              103.818188747915,
              1.44149413208178
            ],
            [
              103.818175300485,
              1.44148122853049
            ],
            [
              103.818161791951,
              1.44146826529072
            ],
            [
              103.818153206803,
              1.44146002647985
            ],
            [
              103.818149348246,
              1.44145683766758
            ],
            [
              103.818145099699,
              1.44145332689919
            ],
            [
              103.818132441223,
              1.44144286423058
            ],
            [
              103.818117453594,
              1.44143047706029
            ],
            [
              103.818114860255,
              1.44142833279651
            ],
            [
              103.818110945985,
              1.44142509786124
            ],
            [
              103.818101721032,
              1.44141747401319
            ],
            [
              103.818099892395,
              1.44141596280915
            ],
            [
              103.818097770818,
              1.44141420832929
            ],
            [
              103.818094418168,
              1.44141143824071
            ],
            [
              103.818090801333,
              1.44140844929432
            ],
            [
              103.818088865764,
              1.44140684855755
            ],
            [
              103.818084361118,
              1.44140312526185
            ],
            [
              103.818081654557,
              1.44140088875219
            ],
            [
              103.81806945616,
              1.44139080682344
            ],
            [
              103.818067755124,
              1.44138940052641
            ],
            [
              103.818067427138,
              1.44138913011945
            ],
            [
              103.818066619303,
              1.44138846178924
            ],
            [
              103.818065815063,
              1.4413877970765
            ],
            [
              103.818065307358,
              1.4413873774483
            ],
            [
              103.818064579498,
              1.44138677604154
            ],
            [
              103.818063921728,
              1.44138623251452
            ],
            [
              103.818063515564,
              1.44138589699285
            ],
            [
              103.81806291171,
              1.44138539778002
            ],
            [
              103.818062192835,
              1.44138480360821
            ],
            [
              103.818061960998,
              1.44138461188153
            ],
            [
              103.81806172377,
              1.44138441653739
            ],
            [
              103.818061544051,
              1.44138426731616
            ],
            [
              103.818061335578,
              1.44138409458128
            ],
            [
              103.818061140583,
              1.44138393360323
            ],
            [
              103.818060965358,
              1.44138378890385
            ],
            [
              103.818060614906,
              1.4413834995051
            ],
            [
              103.818060224019,
              1.44138317574026
            ],
            [
              103.818059920294,
              1.44138292522947
            ],
            [
              103.818059780114,
              1.44138280946998
            ],
            [
              103.818059541987,
              1.44138261231708
            ],
            [
              103.818059222088,
              1.44138234824072
            ],
            [
              103.818058774589,
              1.44138197835295
            ],
            [
              103.818058296537,
              1.44138158314278
            ],
            [
              103.818057920027,
              1.44138127203914
            ],
            [
              103.818057865213,
              1.44138122682058
            ],
            [
              103.81805773941,
              1.44138112281789
            ],
            [
              103.818057565083,
              1.4413809790229
            ],
            [
              103.818057347623,
              1.44138079905305
            ],
            [
              103.818057186775,
              1.4413806661105
            ],
            [
              103.818057027724,
              1.44138053497669
            ],
            [
              103.818056763538,
              1.44138031611889
            ],
            [
              103.818056405,
              1.44138002038954
            ],
            [
              103.818056110261,
              1.44137977620936
            ],
            [
              103.81805605365,
              1.44137973008643
            ],
            [
              103.818055871235,
              1.44137957905646
            ],
            [
              103.818055711286,
              1.44137944611391
            ],
            [
              103.818055592672,
              1.44137934844184
            ],
            [
              103.818055410257,
              1.44137919741186
            ],
            [
              103.818055082271,
              1.4413789270049
            ],
            [
              103.818054613206,
              1.44137853902971
            ],
            [
              103.81805436789,
              1.44137833645058
            ],
            [
              103.818054193563,
              1.44137819175122
            ],
            [
              103.818053793689,
              1.44137786165577
            ],
            [
              103.8180535951,
              1.4413776979646
            ],
            [
              103.818053414483,
              1.44137754783901
            ],
            [
              103.81805303977,
              1.44137723854409
            ],
            [
              103.818052725262,
              1.44137697808521
            ],
            [
              103.818052370318,
              1.44137668506899
            ],
            [
              103.818052187005,
              1.44137653403902
            ],
            [
              103.818051919225,
              1.44137631246809
            ],
            [
              103.81805171794,
              1.44137614606382
            ],
            [
              103.818050920888,
              1.44137548496857
            ],
            [
              103.818050871466,
              1.44137544155879
            ],
            [
              103.818050763634,
              1.44137535745223
            ],
            [
              103.81804992974,
              1.44137466832147
            ],
            [
              103.818048607012,
              1.44137357493681
            ],
            [
              103.818048068754,
              1.44137324031862
            ],
            [
              103.818048025622,
              1.44137321047432
            ],
            [
              103.818047864773,
              1.44137311008885
            ],
            [
              103.818047644618,
              1.44137297081536
            ],
            [
              103.818046656164,
              1.44137235222392
            ],
            [
              103.818045151918,
              1.44137140986678
            ],
            [
              103.818043299916,
              1.44137024955565
            ],
            [
              103.818041441624,
              1.44136908562702
            ],
            [
              103.818039598608,
              1.44136793074211
            ],
            [
              103.81803849783,
              1.44136724160954
            ],
            [
              103.81803670244,
              1.4413661156646
            ],
            [
              103.818035375216,
              1.44136528454539
            ],
            [
              103.81803328958,
              1.44136397772574
            ],
            [
              103.818030810359,
              1.44136242401215
            ],
            [
              103.818030163372,
              1.44136201885284
            ],
            [
              103.818028943081,
              1.44136131344091
            ],
            [
              103.818027307638,
              1.44136048051088
            ],
            [
              103.818025510449,
              1.44135956528267
            ],
            [
              103.818023411332,
              1.44135849540621
            ],
            [
              103.818021247516,
              1.44135739297221
            ],
            [
              103.818018622722,
              1.44135605540056
            ],
            [
              103.818015802932,
              1.44135461925192
            ],
            [
              103.818013629231,
              1.44135351139167
            ],
            [
              103.818011875175,
              1.4413526169641
            ],
            [
              103.818009614311,
              1.44135146659817
            ],
            [
              103.818008012116,
              1.441350762088
            ],
            [
              103.818007862949,
              1.44135072952989
            ],
            [
              103.818005844704,
              1.44134991649327
            ],
            [
              103.818002836207,
              1.44134870552989
            ],
            [
              103.817999313713,
              1.44134728655938
            ],
            [
              103.817995354503,
              1.44134569213937
            ],
            [
              103.817989801184,
              1.44134345651466
            ],
            [
              103.81798851799,
              1.44134294011429
            ],
            [
              103.817986930171,
              1.44134244541658
            ],
            [
              103.817985377398,
              1.44134197423257
            ],
            [
              103.81798318752,
              1.44134131131912
            ],
            [
              103.817980312912,
              1.44134043949302
            ],
            [
              103.817978858984,
              1.44133999905802
            ],
            [
              103.817976622379,
              1.44133932167445
            ],
            [
              103.817973869979,
              1.44133848783244
            ],
            [
              103.817971461743,
              1.44133775799458
            ],
            [
              103.817970246841,
              1.44133738991031
            ],
            [
              103.81796750882,
              1.44133655425967
            ],
            [
              103.817966987634,
              1.44133640774921
            ],
            [
              103.817965296476,
              1.44133602971371
            ],
            [
              103.817963498384,
              1.44133565439056
            ],
            [
              103.817961180904,
              1.44133517144462
            ],
            [
              103.817959459193,
              1.44133481240052
            ],
            [
              103.81795801425,
              1.44133451033324
            ],
            [
              103.817956793956,
              1.44133425619874
            ],
            [
              103.817952856307,
              1.44133343500975
            ],
            [
              103.817945512079,
              1.44133190296773
            ],
            [
              103.817944013219,
              1.44133165154444
            ],
            [
              103.817943906286,
              1.44133163616952
            ],
            [
              103.817942229504,
              1.44133144171992
            ],
            [
              103.817936947552,
              1.4413308212905
            ],
            [
              103.817929132454,
              1.44132990330817
            ],
            [
              103.817925345766,
              1.44132945923983
            ],
            [
              103.817922068583,
              1.44132909295022
            ],
            [
              103.817921870892,
              1.44132908661832
            ],
            [
              103.817921556383,
              1.4413290784769
            ],
            [
              103.817921357792,
              1.44132907214501
            ],
            [
              103.817920963308,
              1.44132906128995
            ],
            [
              103.817919835568,
              1.44132902962954
            ],
            [
              103.81791805994,
              1.44132897897308
            ],
            [
              103.817916575457,
              1.44132893736225
            ],
            [
              103.817914158229,
              1.44132886861414
            ],
            [
              103.817911469626,
              1.44132879262926
            ],
            [
              103.817909691301,
              1.44132874287714
            ],
            [
              103.817905961223,
              1.44132863704118
            ],
            [
              103.817901064765,
              1.44132849864015
            ],
            [
              103.817900899423,
              1.4413284941172
            ],
            [
              103.817900826637,
              1.44132849230798
            ],
            [
              103.817900185038,
              1.44132847421632
            ],
            [
              103.817899723159,
              1.44132846064773
            ],
            [
              103.817899454479,
              1.44132847692445
            ],
            [
              103.817898930596,
              1.4413285085736
            ],
            [
              103.817898655625,
              1.44132852575462
            ],
            [
              103.817898218906,
              1.4413285519782
            ],
            [
              103.817897766911,
              1.44132857910603
            ],
            [
              103.817895847506,
              1.44132869485148
            ],
            [
              103.817894552626,
              1.44132877352229
            ],
            [
              103.817894378142,
              1.44135195688451
            ],
            [
              103.817868589275,
              1.44135379075803
            ],
            [
              103.817842818356,
              1.44135923666
            ],
            [
              103.817805902967,
              1.44137376862729
            ],
            [
              103.817788180764,
              1.44138255168587
            ],
            [
              103.817744425142,
              1.44141268116584
            ],
            [
              103.817705676521,
              1.44144058413611
            ],
            [
              103.81765368879,
              1.44147853087723
            ],
            [
              103.817583728116,
              1.44152926790785
            ],
            [
              103.817504836235,
              1.44158589589891
            ],
            [
              103.817461772521,
              1.44161673078182
            ],
            [
              103.817417261161,
              1.44164820865627
            ],
            [
              103.817318126468,
              1.44171785390918
            ],
            [
              103.817238461788,
              1.44177336499608
            ],
            [
              103.817226022451,
              1.44178000384144
            ],
            [
              103.817188143715,
              1.44180018082979
            ],
            [
              103.817163878786,
              1.4418130931613
            ],
            [
              103.817119211117,
              1.44183670668198
            ],
            [
              103.817093568633,
              1.44185026290979
            ],
            [
              103.81706435331,
              1.44186559709065
            ],
            [
              103.817014788265,
              1.44189153478869
            ],
            [
              103.817011888478,
              1.44189305048132
            ],
            [
              103.817011892971,
              1.44189309027335
            ],
            [
              103.817133079084,
              1.44210418771681
            ],
            [
              103.817278283553,
              1.44235712028409
            ],
            [
              103.817599000518,
              1.44220762669828
            ],
            [
              103.817650285582,
              1.44229817556453
            ],
            [
              103.817823826093,
              1.44261341352539
            ],
            [
              103.817827815881,
              1.44261162562574
            ],
            [
              103.817949516092,
              1.44255708518725
            ],
            [
              103.818324636089,
              1.44238897282833
            ],
            [
              103.818550343013,
              1.44228782033144
            ],
            [
              103.818650392307,
              1.44224298263119
            ],
            [
              103.818654321888,
              1.44224122095621
            ],
            [
              103.818697476283,
              1.44222188141825
            ]
          ]
        ]
      },
      "properties": {
        "Filter stage": "Filter 1+2",
        "Role": "Candidate",
        "UUID": "UUID_7943dc4d-248a-4070-8ed8-4dc0508b1dca",
        "Zone": "Business1",
        "Width m": 132.70567524723447,
        "Width diff": -0.12341848899499021,
        "Aspect ratio": 1.2755099661117018,
        "Aspect diff": -0.08158525468108327,
        "Final allowable GFA m²": 39453.80219261632,
        "GFA diff": -0.3604629794514923,
        "KG site area m²": 15781.520877046529,
        "Master Plan GPR": 2.5,
        "Master Plan GPR cap m²": 39453.80219261632,
        "Final GFA basis": "Master Plan GPR cap",
        "Width and aspect match": true,
        "GFA match": false,
        "Non-road context plots": 17,
        "Educational plots": 1,
        "B1-family plots": 4,
        "Business2 plots": 0,
        "Residential plots": 6,
        "Residential share": 0.35294117647058826,
        "Non-residential plots": 11,
        "Non-residential share": 0.6470588235294118,
        "Bordering road plots": 2,
        "Road type counts": "{\"Major Arterials/Minor Arterials\":1,\"Local Collector/Primary Access\":1}",
        "Context zone counts": "{\"Business1\":4,\"EducationalInstitution\":1,\"Park\":3,\"PlaceOfWorship\":1,\"Residential\":6,\"TransportFacilities\":1,\"Utility\":1}"
      }
    },
    {
      "type": "Feature",
      "id": "UUID_708f56c7-4e9d-418d-84da-eccb7bf9567c:Filter 1+2",
      "geometry": {
        "type": "Polygon",
        "coordinates": [
          [
            [
              103.931160295078,
              1.31869407441282
            ],
            [
              103.930818743887,
              1.32045796720756
            ],
            [
              103.932279134169,
              1.32074433908922
            ],
            [
              103.932569468445,
              1.31924458561619
            ],
            [
              103.932353264375,
              1.31892036195128
            ],
            [
              103.931160295078,
              1.31869407441282
            ]
          ]
        ]
      },
      "properties": {
        "Filter stage": "Filter 1+2",
        "Role": "Candidate",
        "UUID": "UUID_708f56c7-4e9d-418d-84da-eccb7bf9567c",
        "Zone": "Business1",
        "Width m": 165.5832608211931,
        "Width diff": 0.0937529589248136,
        "Aspect ratio": 1.2050902407236828,
        "Aspect diff": -0.1322900832406131,
        "Final allowable GFA m²": 81884.8903872512,
        "GFA diff": 0.3273351594996436,
        "KG site area m²": 32753.956154900483,
        "Master Plan GPR": 2.5,
        "Master Plan GPR cap m²": 81884.8903872512,
        "Final GFA basis": "Master Plan GPR cap",
        "Width and aspect match": true,
        "GFA match": false,
        "Non-road context plots": 15,
        "Educational plots": 1,
        "B1-family plots": 11,
        "Business2 plots": 0,
        "Residential plots": 0,
        "Residential share": 0,
        "Non-residential plots": 15,
        "Non-residential share": 1,
        "Bordering road plots": 2,
        "Road type counts": "{\"Local Collector/Primary Access\":1,\"Major Arterials/Minor Arterials\":1}",
        "Context zone counts": "{\"Business1\":11,\"EducationalInstitution\":1,\"Park\":1,\"ReserveSite\":1,\"Utility\":1}"
      }
    },
    {
      "type": "Feature",
      "id": "UUID_daae09e2-6ff0-47b5-af7d-d26cfc153818:Filter 1+2",
      "geometry": {
        "type": "Polygon",
        "coordinates": [
          [
            [
              103.86514928222,
              1.31065443875859
            ],
            [
              103.865139138439,
              1.3106493093323
            ],
            [
              103.864711093653,
              1.3112614357453
            ],
            [
              103.864505743582,
              1.31153553314565
            ],
            [
              103.864439916899,
              1.31161770453603
            ],
            [
              103.8644415395,
              1.31167599985684
            ],
            [
              103.8644416249,
              1.31167909730449
            ],
            [
              103.864443169293,
              1.3117346234619
            ],
            [
              103.864443390435,
              1.31174258819802
            ],
            [
              103.864528552498,
              1.31183773804202
            ],
            [
              103.864865888757,
              1.31150016795058
            ],
            [
              103.864996198872,
              1.31163119425299
            ],
            [
              103.865073945013,
              1.31170938914525
            ],
            [
              103.865151639941,
              1.31178751439952
            ],
            [
              103.865228929622,
              1.31186524897088
            ],
            [
              103.86537322677,
              1.3120103343244
            ],
            [
              103.86539133726,
              1.3120285624633
            ],
            [
              103.865539564494,
              1.31215905764219
            ],
            [
              103.865564100555,
              1.31218065897635
            ],
            [
              103.865684895209,
              1.31224982773137
            ],
            [
              103.8657359835,
              1.31227907783356
            ],
            [
              103.865736235994,
              1.31227918816275
            ],
            [
              103.865736720315,
              1.31227946579636
            ],
            [
              103.865845223444,
              1.31232697788523
            ],
            [
              103.865846011476,
              1.31232732334217
            ],
            [
              103.865890462959,
              1.31234678468582
            ],
            [
              103.865900373099,
              1.31234992270105
            ],
            [
              103.865901200666,
              1.31235018495593
            ],
            [
              103.866126849778,
              1.31242159332818
            ],
            [
              103.866127725867,
              1.31242187095654
            ],
            [
              103.866192618355,
              1.31236511217947
            ],
            [
              103.866201990117,
              1.3123569185126
            ],
            [
              103.866262793305,
              1.31223152756106
            ],
            [
              103.86627468089,
              1.31221462482985
            ],
            [
              103.866295760705,
              1.31220324764421
            ],
            [
              103.866281698375,
              1.31220058899882
            ],
            [
              103.866281982309,
              1.31220001653228
            ],
            [
              103.866280550917,
              1.31219974524189
            ],
            [
              103.866650386595,
              1.31145379871589
            ],
            [
              103.866580132155,
              1.31141638699816
            ],
            [
              103.86514928222,
              1.31065443875859
            ]
          ]
        ]
      },
      "properties": {
        "Filter stage": "Filter 1+2",
        "Role": "Candidate",
        "UUID": "UUID_daae09e2-6ff0-47b5-af7d-d26cfc153818",
        "Zone": "Business1",
        "Width m": 147.95996616256707,
        "Width diff": -0.02265694013914422,
        "Aspect ratio": 1.4384942277700132,
        "Aspect diff": 0.03576949215654441,
        "Final allowable GFA m²": 60782.025004898715,
        "GFA diff": -0.014737414032742297,
        "KG site area m²": 24312.810001959486,
        "Master Plan GPR": 2.5,
        "Master Plan GPR cap m²": 60782.025004898715,
        "Final GFA basis": "Master Plan GPR cap",
        "Width and aspect match": true,
        "GFA match": true,
        "Non-road context plots": 27,
        "Educational plots": 0,
        "B1-family plots": 27,
        "Business2 plots": 0,
        "Residential plots": 0,
        "Residential share": 0,
        "Non-residential plots": 27,
        "Non-residential share": 1,
        "Bordering road plots": 1,
        "Road type counts": "{\"Local Access\":1}",
        "Context zone counts": "{\"Business1\":23,\"Business1White\":4}"
      }
    },
    {
      "type": "Feature",
      "id": "UUID_cac94b33-e06c-492a-a604-b2f275c6bcf0:Filter 1+2",
      "geometry": {
        "type": "Polygon",
        "coordinates": [
          [
            [
              103.805797753294,
              1.43573050299685
            ],
            [
              103.805716672362,
              1.43563652144451
            ],
            [
              103.805624484953,
              1.43552966613708
            ],
            [
              103.805577148512,
              1.43547479781548
            ],
            [
              103.80552374664,
              1.43541289889552
            ],
            [
              103.80543690312,
              1.43531223491967
            ],
            [
              103.805276741568,
              1.43512641063165
            ],
            [
              103.805049909721,
              1.4348638909429
            ],
            [
              103.804851497376,
              1.43463468744141
            ],
            [
              103.804840079973,
              1.43462305627718
            ],
            [
              103.80482676835,
              1.43460987772291
            ],
            [
              103.804806796424,
              1.43459010627384
            ],
            [
              103.804782430339,
              1.43457266802772
            ],
            [
              103.804760781582,
              1.43455717329301
            ],
            [
              103.804719377296,
              1.43453523652717
            ],
            [
              103.804700062119,
              1.43452548814803
            ],
            [
              103.804672205792,
              1.43451623615675
            ],
            [
              103.804638546338,
              1.43450707995447
            ],
            [
              103.804583661171,
              1.43449808717327
            ],
            [
              103.804516182986,
              1.43449790273339
            ],
            [
              103.804449289632,
              1.43451003392337
            ],
            [
              103.804415306402,
              1.43452339636907
            ],
            [
              103.804406288117,
              1.43452669546317
            ],
            [
              103.804397350456,
              1.43453020976875
            ],
            [
              103.804388498487,
              1.43453393729095
            ],
            [
              103.804353821027,
              1.43455105919561
            ],
            [
              103.804320931261,
              1.43457144313219
            ],
            [
              103.804290131229,
              1.43459490190475
            ],
            [
              103.804230082856,
              1.43464743110063
            ],
            [
              103.804097810905,
              1.4347631373087
            ],
            [
              103.804091234008,
              1.43476940446432
            ],
            [
              103.804085195363,
              1.43477621514939
            ],
            [
              103.804079740799,
              1.43478350425036
            ],
            [
              103.804074924232,
              1.43479122745408
            ],
            [
              103.804070763634,
              1.43479933049897
            ],
            [
              103.80406729495,
              1.43480775912368
            ],
            [
              103.804064545139,
              1.43481645002311
            ],
            [
              103.804062523187,
              1.43482534803117
            ],
            [
              103.804061256053,
              1.43483437446859
            ],
            [
              103.804060743738,
              1.43484349044774
            ],
            [
              103.804061005113,
              1.43485260643684
            ],
            [
              103.804072656865,
              1.4350199862137
            ],
            [
              103.804072674828,
              1.43502074587941
            ],
            [
              103.804072629888,
              1.43502151458796
            ],
            [
              103.804072531033,
              1.43502226520851
            ],
            [
              103.803821083297,
              1.43524485298572
            ],
            [
              103.803853034196,
              1.43535018554009
            ],
            [
              103.803890294674,
              1.43547301940827
            ],
            [
              103.803915691501,
              1.43555674662898
            ],
            [
              103.803985279893,
              1.4355353728937
            ],
            [
              103.80409122451,
              1.43551725081175
            ],
            [
              103.804198032515,
              1.43551178078348
            ],
            [
              103.804305054233,
              1.43551844731324
            ],
            [
              103.804410719805,
              1.43553836365272
            ],
            [
              103.804512898675,
              1.43557054040128
            ],
            [
              103.804610566444,
              1.43561514575809
            ],
            [
              103.804702168561,
              1.43567079060158
            ],
            [
              103.804787362675,
              1.43573648736305
            ],
            [
              103.804863617439,
              1.43581238161405
            ],
            [
              103.804930876269,
              1.43589648827654
            ],
            [
              103.804986615011,
              1.43598852696702
            ],
            [
              103.805090705851,
              1.43618910617584
            ],
            [
              103.805153837937,
              1.4363067710029
            ],
            [
              103.805260697399,
              1.43621113767761
            ],
            [
              103.805383224935,
              1.43610148238125
            ],
            [
              103.805536983483,
              1.43596387810115
            ],
            [
              103.805677127247,
              1.4358384572318
            ],
            [
              103.805760214968,
              1.43576409784326
            ],
            [
              103.805791437898,
              1.43573615519325
            ],
            [
              103.805797753294,
              1.43573050299685
            ]
          ]
        ]
      },
      "properties": {
        "Filter stage": "Filter 1+2",
        "Role": "Candidate",
        "UUID": "UUID_cac94b33-e06c-492a-a604-b2f275c6bcf0",
        "Zone": "Business1",
        "Width m": 145.57362449865468,
        "Width diff": -0.03841981522063117,
        "Aspect ratio": 1.4126475185475929,
        "Aspect diff": 0.017158897572007486,
        "Final allowable GFA m²": 51802.83050073663,
        "GFA diff": -0.1602880829412019,
        "KG site area m²": 20721.13220029465,
        "Master Plan GPR": 2.5,
        "Master Plan GPR cap m²": 51802.83050073663,
        "Final GFA basis": "Master Plan GPR cap",
        "Width and aspect match": true,
        "GFA match": true,
        "Non-road context plots": 11,
        "Educational plots": 1,
        "B1-family plots": 3,
        "Business2 plots": 1,
        "Residential plots": 1,
        "Residential share": 0.09090909090909091,
        "Non-residential plots": 10,
        "Non-residential share": 0.9090909090909091,
        "Bordering road plots": 2,
        "Road type counts": "{\"Local Collector/Primary Access\":1,\"Local Access\":1}",
        "Context zone counts": "{\"Business1\":3,\"Business2\":1,\"CivicAndCommunityInstitutionZone\":1,\"EducationalInstitution\":1,\"HealthAndMedicalCare\":1,\"Park\":3,\"Residential\":1}"
      }
    },
    {
      "type": "Feature",
      "id": "UUID_dd474997-a19b-4697-989e-c2ecb3e618ae:Filter 1+2",
      "geometry": {
        "type": "Polygon",
        "coordinates": [
          [
            [
              103.892210727261,
              1.32914302017831
            ],
            [
              103.892588961618,
              1.32798346978079
            ],
            [
              103.892589985895,
              1.3279803316126
            ],
            [
              103.892613443643,
              1.32790841329926
            ],
            [
              103.892649081305,
              1.32779915982795
            ],
            [
              103.892705302441,
              1.32762680204412
            ],
            [
              103.892706051658,
              1.32761937448355
            ],
            [
              103.892706734399,
              1.32761261344093
            ],
            [
              103.89271393095,
              1.32753853770681
            ],
            [
              103.892658202153,
              1.3275194316479
            ],
            [
              103.892658124877,
              1.32751940723194
            ],
            [
              103.892637423813,
              1.32751230756897
            ],
            [
              103.892562862964,
              1.32748690397055
            ],
            [
              103.89213525296,
              1.32734877895084
            ],
            [
              103.892122970528,
              1.32734481179928
            ],
            [
              103.892122712661,
              1.32734561035896
            ],
            [
              103.892112011674,
              1.32737927647386
            ],
            [
              103.892037525447,
              1.32735524116019
            ],
            [
              103.892046821203,
              1.32732610594342
            ],
            [
              103.892048210265,
              1.32732175320569
            ],
            [
              103.892048602006,
              1.32732053320912
            ],
            [
              103.892043475716,
              1.32731890547617
            ],
            [
              103.892041879871,
              1.32731839907038
            ],
            [
              103.891758849332,
              1.32722854457771
            ],
            [
              103.891709072649,
              1.32721274199726
            ],
            [
              103.891697945769,
              1.3272092052934
            ],
            [
              103.891486910646,
              1.32714214174697
            ],
            [
              103.891475258108,
              1.32713844588641
            ],
            [
              103.891469893468,
              1.32716530110636
            ],
            [
              103.891323853213,
              1.3278968239063
            ],
            [
              103.891319208228,
              1.32792009240077
            ],
            [
              103.891312980175,
              1.32795128858857
            ],
            [
              103.891307050392,
              1.32798033690452
            ],
            [
              103.891362207071,
              1.32801057572999
            ],
            [
              103.891382897453,
              1.32802191687169
            ],
            [
              103.891298243089,
              1.32822584484358
            ],
            [
              103.89126301723,
              1.32831070125691
            ],
            [
              103.891241194764,
              1.32830352112039
            ],
            [
              103.891115239662,
              1.3289136632971
            ],
            [
              103.892171341942,
              1.32926288192465
            ],
            [
              103.892171598032,
              1.32926296692875
            ],
            [
              103.892210727261,
              1.32914302017831
            ]
          ]
        ]
      },
      "properties": {
        "Filter stage": "Filter 1+2",
        "Role": "Candidate",
        "UUID": "UUID_dd474997-a19b-4697-989e-c2ecb3e618ae",
        "Zone": "Business1",
        "Width m": 146.90537833455164,
        "Width diff": -0.0296229737322593,
        "Aspect ratio": 1.362592557119062,
        "Aspect diff": -0.01888254143961561,
        "Final allowable GFA m²": 67353.95648790253,
        "GFA diff": 0.09179207732958257,
        "KG site area m²": 26941.582595161013,
        "Master Plan GPR": 2.5,
        "Master Plan GPR cap m²": 67353.95648790253,
        "Final GFA basis": "Master Plan GPR cap",
        "Width and aspect match": true,
        "GFA match": true,
        "Non-road context plots": 23,
        "Educational plots": 0,
        "B1-family plots": 13,
        "Business2 plots": 0,
        "Residential plots": 2,
        "Residential share": 0.08695652173913043,
        "Non-residential plots": 21,
        "Non-residential share": 0.9130434782608695,
        "Bordering road plots": 2,
        "Road type counts": "{\"Local Collector/Primary Access\":2}",
        "Context zone counts": "{\"Business1\":13,\"CivicAndCommunityInstitutionZone\":4,\"Park\":1,\"Residential\":2,\"Waterbody\":3}"
      }
    },
    {
      "type": "Feature",
      "id": "UUID_144994f3-d081-40a9-9eee-4d477d694125:Filter 1+2",
      "geometry": {
        "type": "Polygon",
        "coordinates": [
          [
            [
              103.895270454182,
              1.36132259233969
            ],
            [
              103.895270597927,
              1.36132158758777
            ],
            [
              103.895271287004,
              1.36131673746678
            ],
            [
              103.895277626152,
              1.36127212865313
            ],
            [
              103.895280696901,
              1.36125051970463
            ],
            [
              103.895285583327,
              1.3612161365702
            ],
            [
              103.895326018842,
              1.36107602062911
            ],
            [
              103.895341259878,
              1.36102321624006
            ],
            [
              103.895362868385,
              1.36094418965713
            ],
            [
              103.895391696663,
              1.36071632449802
            ],
            [
              103.89539274418,
              1.36070804411575
            ],
            [
              103.895430634461,
              1.3604085522022
            ],
            [
              103.895443295021,
              1.36029375735661
            ],
            [
              103.895453464748,
              1.36017871477973
            ],
            [
              103.895460557114,
              1.36007262638868
            ],
            [
              103.895460816697,
              1.3600686101022
            ],
            [
              103.895461149035,
              1.36006346878525
            ],
            [
              103.895441930071,
              1.36004665715946
            ],
            [
              103.89543692495,
              1.36004247008454
            ],
            [
              103.895405726213,
              1.3600221588806
            ],
            [
              103.895362954229,
              1.36001302591246
            ],
            [
              103.89528552299,
              1.36001329289227
            ],
            [
              103.895276633475,
              1.36001332387025
            ],
            [
              103.895273086835,
              1.36001333662292
            ],
            [
              103.895271950149,
              1.36001334026973
            ],
            [
              103.894949875299,
              1.36001445188902
            ],
            [
              103.894584670172,
              1.36001571107382
            ],
            [
              103.894550220808,
              1.3600104521732
            ],
            [
              103.894549590009,
              1.36001023785506
            ],
            [
              103.894549517228,
              1.36001032558021
            ],
            [
              103.894474581771,
              1.36010049437545
            ],
            [
              103.893709498218,
              1.36030839535484
            ],
            [
              103.893737350496,
              1.36042952695666
            ],
            [
              103.89376537003,
              1.36051931149389
            ],
            [
              103.893802357134,
              1.36060407658508
            ],
            [
              103.89384748512,
              1.36068352381063
            ],
            [
              103.893902183623,
              1.3607582762406
            ],
            [
              103.893962584249,
              1.36082563444612
            ],
            [
              103.893985493721,
              1.36084640529539
            ],
            [
              103.894012165544,
              1.36086929949548
            ],
            [
              103.894027069485,
              1.36088193127232
            ],
            [
              103.894039620919,
              1.36089219367539
            ],
            [
              103.894060800527,
              1.36090798333163
            ],
            [
              103.894092962593,
              1.36093087739164
            ],
            [
              103.894106298457,
              1.36094035116917
            ],
            [
              103.894132184718,
              1.36095456168611
            ],
            [
              103.894143951644,
              1.36096245557958
            ],
            [
              103.894144434145,
              1.36096125366779
            ],
            [
              103.894184616805,
              1.36098363746178
            ],
            [
              103.894268373104,
              1.36101986414933
            ],
            [
              103.894549631397,
              1.36111748848429
            ],
            [
              103.894846857382,
              1.36122065431687
            ],
            [
              103.89492175369,
              1.36125135554512
            ],
            [
              103.895003110917,
              1.36129076562831
            ],
            [
              103.895077854764,
              1.36133289801412
            ],
            [
              103.895154800308,
              1.36138311535322
            ],
            [
              103.895211228701,
              1.36142628641675
            ],
            [
              103.895211467715,
              1.3614260983029
            ],
            [
              103.895213655679,
              1.36142430398857
            ],
            [
              103.895215813091,
              1.36142247169175
            ],
            [
              103.895217938154,
              1.36142060141248
            ],
            [
              103.895220030867,
              1.36141869405514
            ],
            [
              103.895222090333,
              1.3614167505241
            ],
            [
              103.895224114753,
              1.36141477172378
            ],
            [
              103.895226105027,
              1.36141275674976
            ],
            [
              103.895228060256,
              1.36141070741085
            ],
            [
              103.895229979541,
              1.36140862370703
            ],
            [
              103.895231862883,
              1.36140650744703
            ],
            [
              103.895233708484,
              1.36140435772655
            ],
            [
              103.895235517243,
              1.36140217635429
            ],
            [
              103.895237287363,
              1.36139996333029
            ],
            [
              103.895239018844,
              1.36139771955893
            ],
            [
              103.895240711686,
              1.36139544504019
            ],
            [
              103.895242364091,
              1.3613931424872
            ],
            [
              103.895243976959,
              1.36139081009124
            ],
            [
              103.895245548492,
              1.36138845056542
            ],
            [
              103.895247079589,
              1.36138606300537
            ],
            [
              103.895248568452,
              1.36138364921987
            ],
            [
              103.895250015082,
              1.36138121011327
            ],
            [
              103.895251419479,
              1.36137874568558
            ],
            [
              103.895252781643,
              1.36137625684115
            ],
            [
              103.895254099776,
              1.36137374448438
            ],
            [
              103.895255373879,
              1.36137120951968
            ],
            [
              103.895256603951,
              1.36136865194701
            ],
            [
              103.895257789994,
              1.3613660735751
            ],
            [
              103.895258931107,
              1.36136347530836
            ],
            [
              103.895260026393,
              1.36136085714679
            ],
            [
              103.89526107675,
              1.36135821909039
            ],
            [
              103.895262080381,
              1.36135556385227
            ],
            [
              103.895263038185,
              1.36135289143242
            ],
            [
              103.895263950162,
              1.36135020273521
            ],
            [
              103.895264814514,
              1.36134749776068
            ],
            [
              103.89526563214,
              1.36134477922191
            ],
            [
              103.895266403041,
              1.36134204531017
            ],
            [
              103.895267125418,
              1.36133929964294
            ],
            [
              103.895267800172,
              1.36133654041147
            ],
            [
              103.8952684273,
              1.36133377032889
            ],
            [
              103.895269006805,
              1.36133098939517
            ],
            [
              103.895269537787,
              1.36132819941905
            ],
            [
              103.895270020246,
              1.36132540040056
            ],
            [
              103.895270454182,
              1.36132259233969
            ]
          ]
        ]
      },
      "properties": {
        "Filter stage": "Filter 1+2",
        "Role": "Candidate",
        "UUID": "UUID_144994f3-d081-40a9-9eee-4d477d694125",
        "Zone": "Business1",
        "Width m": 157.15240574228665,
        "Width diff": 0.03806331588306962,
        "Aspect ratio": 1.2179719662530268,
        "Aspect diff": -0.12301476043983094,
        "Final allowable GFA m²": 50708.085133221204,
        "GFA diff": -0.17803365248560243,
        "KG site area m²": 20283.23405328848,
        "Master Plan GPR": 2.5,
        "Master Plan GPR cap m²": 50708.085133221204,
        "Final GFA basis": "Master Plan GPR cap",
        "Width and aspect match": true,
        "GFA match": true,
        "Non-road context plots": 30,
        "Educational plots": 0,
        "B1-family plots": 21,
        "Business2 plots": 6,
        "Residential plots": 0,
        "Residential share": 0,
        "Non-residential plots": 30,
        "Non-residential share": 1,
        "Bordering road plots": 2,
        "Road type counts": "{\"Local Access\":1,\"Local Collector/Primary Access\":1}",
        "Context zone counts": "{\"Business1\":21,\"Business2\":6,\"CivicAndCommunityInstitutionZone\":1,\"Waterbody\":2}"
      }
    },
    {
      "type": "Feature",
      "id": "UUID_1615c219-f06f-44e8-89b9-88da5cd2152a:Filter 1+2",
      "geometry": {
        "type": "Polygon",
        "coordinates": [
          [
            [
              103.798838242458,
              1.27824967821296
            ],
            [
              103.79883782824,
              1.27824907861349
            ],
            [
              103.798837263059,
              1.27824915366814
            ],
            [
              103.798798626715,
              1.27819253990953
            ],
            [
              103.798797306589,
              1.27813836753619
            ],
            [
              103.798039370381,
              1.27704291908849
            ],
            [
              103.797802074296,
              1.27662875470676
            ],
            [
              103.797683374221,
              1.27667866313755
            ],
            [
              103.797335692365,
              1.27682807741314
            ],
            [
              103.797418515302,
              1.27712907831126
            ],
            [
              103.797170922455,
              1.27720246401994
            ],
            [
              103.797073426766,
              1.27687824786245
            ],
            [
              103.796823641319,
              1.2769647920145
            ],
            [
              103.796863013642,
              1.27707534212791
            ],
            [
              103.797086100527,
              1.27784722968812
            ],
            [
              103.797162526387,
              1.27811191121192
            ],
            [
              103.79716869007,
              1.27813206959016
            ],
            [
              103.797276949871,
              1.27848643741632
            ],
            [
              103.797326609757,
              1.27864936847566
            ],
            [
              103.797327085964,
              1.27865063459308
            ],
            [
              103.797444140013,
              1.27860100470357
            ],
            [
              103.797732752483,
              1.27843558234175
            ],
            [
              103.797826478597,
              1.2783926986698
            ],
            [
              103.797905100874,
              1.27837329209443
            ],
            [
              103.798838242458,
              1.27824967821296
            ]
          ]
        ]
      },
      "properties": {
        "Filter stage": "Filter 1+2",
        "Role": "Candidate",
        "UUID": "UUID_1615c219-f06f-44e8-89b9-88da5cd2152a",
        "Zone": "Business1",
        "Width m": 173.79325977686676,
        "Width diff": 0.1479837465418936,
        "Aspect ratio": 1.1807062456620987,
        "Aspect diff": -0.1498474690779114,
        "Final allowable GFA m²": 66324.9769875028,
        "GFA diff": 0.0751125573006032,
        "KG site area m²": 26529.99079500112,
        "Master Plan GPR": 2.5,
        "Master Plan GPR cap m²": 66324.9769875028,
        "Final GFA basis": "Master Plan GPR cap",
        "Width and aspect match": true,
        "GFA match": true,
        "Non-road context plots": 13,
        "Educational plots": 0,
        "B1-family plots": 11,
        "Business2 plots": 0,
        "Residential plots": 0,
        "Residential share": 0,
        "Non-residential plots": 13,
        "Non-residential share": 1,
        "Bordering road plots": 1,
        "Road type counts": "{\"Local Access\":1}",
        "Context zone counts": "{\"Business1\":11,\"BusinessPark\":1,\"Park\":1}"
      }
    },
    {
      "type": "Feature",
      "id": "UUID_63e6a8cb-7f9d-4a4b-b697-4260818a8a43:Filter 1+2",
      "geometry": {
        "type": "Polygon",
        "coordinates": [
          [
            [
              103.805201044455,
              1.28187498141263
            ],
            [
              103.804623014212,
              1.28166889101479
            ],
            [
              103.804623023196,
              1.28166902033908
            ],
            [
              103.804623033078,
              1.28166916322883
            ],
            [
              103.804622922558,
              1.28166912433989
            ],
            [
              103.804632885493,
              1.28183591736018
            ],
            [
              103.804655842468,
              1.28222046981783
            ],
            [
              103.804670759015,
              1.28247116172139
            ],
            [
              103.804670799442,
              1.28247184723038
            ],
            [
              103.804688738111,
              1.28277333914771
            ],
            [
              103.804714872624,
              1.28321257043892
            ],
            [
              103.804721621874,
              1.28326438157479
            ],
            [
              103.804724225618,
              1.28328436806638
            ],
            [
              103.804744594726,
              1.28335382351287
            ],
            [
              103.804775539687,
              1.28341918230545
            ],
            [
              103.804816296758,
              1.28347882562219
            ],
            [
              103.804865868581,
              1.28353127933681
            ],
            [
              103.80490125904,
              1.28355851287048
            ],
            [
              103.804923043038,
              1.28357525019362
            ],
            [
              103.804986325873,
              1.28360957154479
            ],
            [
              103.804987484984,
              1.28360997942625
            ],
            [
              103.804990750262,
              1.2836111298147
            ],
            [
              103.804991503235,
              1.28361139480198
            ],
            [
              103.805419963834,
              1.28358433009688
            ],
            [
              103.805588952205,
              1.28357365592081
            ],
            [
              103.805589190319,
              1.2835736405492
            ],
            [
              103.806237395088,
              1.28353269519114
            ],
            [
              103.806228617789,
              1.28339706117506
            ],
            [
              103.806223204971,
              1.28331342274569
            ],
            [
              103.80620644905,
              1.28305423070486
            ],
            [
              103.806160271555,
              1.28226676448896
            ],
            [
              103.806063733003,
              1.28213981686082
            ],
            [
              103.806063648541,
              1.28213980419881
            ],
            [
              103.806063473328,
              1.28213957448827
            ],
            [
              103.806054345107,
              1.28213647241905
            ],
            [
              103.805864600091,
              1.2821095293493
            ],
            [
              103.805741977869,
              1.28206787297858
            ],
            [
              103.805303977036,
              1.2819117467873
            ],
            [
              103.805303955472,
              1.28191167262916
            ],
            [
              103.805201044455,
              1.28187498141263
            ]
          ]
        ]
      },
      "properties": {
        "Filter stage": "Filter 1+2",
        "Role": "Candidate",
        "UUID": "UUID_63e6a8cb-7f9d-4a4b-b697-4260818a8a43",
        "Zone": "Business1",
        "Width m": 166.96015395994618,
        "Width diff": 0.10284796609622508,
        "Aspect ratio": 1.2991080964232253,
        "Aspect diff": -0.06459372077239207,
        "Final allowable GFA m²": 75415.23340084984,
        "GFA diff": 0.22246351410399906,
        "KG site area m²": 30166.09336033994,
        "Master Plan GPR": 2.5,
        "Master Plan GPR cap m²": 75415.23340084984,
        "Final GFA basis": "Master Plan GPR cap",
        "Width and aspect match": true,
        "GFA match": false,
        "Non-road context plots": 24,
        "Educational plots": 1,
        "B1-family plots": 4,
        "Business2 plots": 0,
        "Residential plots": 9,
        "Residential share": 0.375,
        "Non-residential plots": 15,
        "Non-residential share": 0.625,
        "Bordering road plots": 3,
        "Road type counts": "{\"Major Arterials/Minor Arterials\":1,\"Expressway\":1,\"Local Access\":1}",
        "Context zone counts": "{\"Business1\":4,\"CivicAndCommunityInstitutionZone\":1,\"Commercial\":1,\"EducationalInstitution\":1,\"OpenSpace\":2,\"Park\":2,\"PlaceOfWorship\":3,\"Residential\":9,\"TransportFacilities\":1}"
      }
    },
    {
      "type": "Feature",
      "id": "UUID_7e586ca8-8334-4a52-9a43-8d430b030575:Filter 1+2",
      "geometry": {
        "type": "Polygon",
        "coordinates": [
          [
            [
              103.827032634156,
              1.38529492469118
            ],
            [
              103.826363538327,
              1.38462948260943
            ],
            [
              103.826275864534,
              1.38454226546806
            ],
            [
              103.825127063451,
              1.38419275212717
            ],
            [
              103.824949010138,
              1.38434408780024
            ],
            [
              103.824911755973,
              1.38437575488305
            ],
            [
              103.824911419898,
              1.38437786295473
            ],
            [
              103.824897588712,
              1.38446484193767
            ],
            [
              103.824947650796,
              1.38454213812161
            ],
            [
              103.824947967091,
              1.38454303886945
            ],
            [
              103.825860322699,
              1.38595067571446
            ],
            [
              103.825874529137,
              1.38596820233687
            ],
            [
              103.82588970604,
              1.38598483364176
            ],
            [
              103.82589047522,
              1.38598535365359
            ],
            [
              103.825909555552,
              1.3859982454249
            ],
            [
              103.825930240753,
              1.38600718060792
            ],
            [
              103.825952076144,
              1.38601214563572
            ],
            [
              103.825974396774,
              1.386014885929
            ],
            [
              103.825996340014,
              1.38601366420154
            ],
            [
              103.826017160046,
              1.38600844698953
            ],
            [
              103.826038438363,
              1.38599949385043
            ],
            [
              103.826059150587,
              1.38598701368916
            ],
            [
              103.826828530156,
              1.38548338458411
            ],
            [
              103.826906033411,
              1.38542513470125
            ],
            [
              103.826957566877,
              1.38537991663321
            ],
            [
              103.827032634156,
              1.38529492469118
            ]
          ]
        ]
      },
      "properties": {
        "Filter stage": "Filter 1+2",
        "Role": "Candidate",
        "UUID": "UUID_7e586ca8-8334-4a52-9a43-8d430b030575",
        "Zone": "Business1",
        "Width m": 148.8859382101873,
        "Width diff": -0.016540472436168092,
        "Aspect ratio": 1.497668174528664,
        "Aspect diff": 0.07837694069536831,
        "Final allowable GFA m²": 49489.44434315027,
        "GFA diff": -0.1977875382124057,
        "KG site area m²": 24744.722171575137,
        "Master Plan GPR": 2,
        "Master Plan GPR cap m²": 49489.44434315027,
        "Final GFA basis": "Master Plan GPR cap",
        "Width and aspect match": true,
        "GFA match": true,
        "Non-road context plots": 24,
        "Educational plots": 0,
        "B1-family plots": 20,
        "Business2 plots": 0,
        "Residential plots": 1,
        "Residential share": 0.041666666666666664,
        "Non-residential plots": 23,
        "Non-residential share": 0.9583333333333334,
        "Bordering road plots": 3,
        "Road type counts": "{\"Major Arterials/Minor Arterials\":2,\"Local Collector/Primary Access\":1}",
        "Context zone counts": "{\"Business1\":20,\"Park\":1,\"ReserveSite\":1,\"Residential\":1,\"Utility\":1}"
      }
    },
    {
      "type": "Feature",
      "id": "UUID_638d24ce-ff49-454a-8e33-fc25fd76d2ae:Filter 1+2",
      "geometry": {
        "type": "Polygon",
        "coordinates": [
          [
            [
              103.834552504278,
              1.28852375522057
            ],
            [
              103.834599889694,
              1.28844135489517
            ],
            [
              103.834717914869,
              1.28848730109137
            ],
            [
              103.83484074273,
              1.28849873128898
            ],
            [
              103.834907740643,
              1.28850496593972
            ],
            [
              103.834906453909,
              1.28846647526665
            ],
            [
              103.834867724986,
              1.28844842597605
            ],
            [
              103.834836484501,
              1.28842517929542
            ],
            [
              103.8348127028,
              1.28839398505143
            ],
            [
              103.834797433873,
              1.28835780956051
            ],
            [
              103.834795973742,
              1.2883543494613
            ],
            [
              103.834793590755,
              1.28825497784898
            ],
            [
              103.834793571885,
              1.28825418019917
            ],
            [
              103.83479260683,
              1.28821394138846
            ],
            [
              103.834792219549,
              1.28819780299726
            ],
            [
              103.834792141374,
              1.28819453824007
            ],
            [
              103.834790210364,
              1.28811403167893
            ],
            [
              103.834787670129,
              1.28800812512581
            ],
            [
              103.834784721883,
              1.28777204971685
            ],
            [
              103.834784719188,
              1.28777183899982
            ],
            [
              103.834782818688,
              1.2876196687557
            ],
            [
              103.834776168505,
              1.28747117113994
            ],
            [
              103.834772915747,
              1.28739831007986
            ],
            [
              103.834749587725,
              1.2871963093417
            ],
            [
              103.834730650045,
              1.28712242274033
            ],
            [
              103.834704692092,
              1.28708988641869
            ],
            [
              103.834671012985,
              1.28706547491509
            ],
            [
              103.834631138449,
              1.28705385113381
            ],
            [
              103.834587104572,
              1.28704588370126
            ],
            [
              103.834472536173,
              1.28705056384368
            ],
            [
              103.834409249261,
              1.28702201759341
            ],
            [
              103.834380781697,
              1.28700917743255
            ],
            [
              103.834358431396,
              1.2869938204214
            ],
            [
              103.834357883286,
              1.28699344420583
            ],
            [
              103.834254786528,
              1.2869226053431
            ],
            [
              103.834169089107,
              1.28683944449875
            ],
            [
              103.834141391591,
              1.2868123578747
            ],
            [
              103.834133108843,
              1.28680261967611
            ],
            [
              103.834120025192,
              1.28678723824204
            ],
            [
              103.834119947918,
              1.28678714780557
            ],
            [
              103.834117194789,
              1.28678391108445
            ],
            [
              103.834102432663,
              1.28676466349086
            ],
            [
              103.834100571786,
              1.28676206525108
            ],
            [
              103.834100437903,
              1.28676187895196
            ],
            [
              103.834089331041,
              1.28674637271476
            ],
            [
              103.834085362186,
              1.28673953843041
            ],
            [
              103.834085213029,
              1.28673928068646
            ],
            [
              103.834081567649,
              1.28673300349079
            ],
            [
              103.834081483186,
              1.28673285788806
            ],
            [
              103.834080457951,
              1.28673109256808
            ],
            [
              103.834080377082,
              1.28673095329591
            ],
            [
              103.834079763379,
              1.28672989699788
            ],
            [
              103.834079580076,
              1.2867295813746
            ],
            [
              103.834079530657,
              1.28672950179051
            ],
            [
              103.834073888723,
              1.28673506906246
            ],
            [
              103.834068150646,
              1.28674073129276
            ],
            [
              103.834062415265,
              1.2867477781057
            ],
            [
              103.834062380222,
              1.28674782151522
            ],
            [
              103.834021537084,
              1.28679800202169
            ],
            [
              103.83402141668,
              1.28679815033756
            ],
            [
              103.833893312712,
              1.28695554422699
            ],
            [
              103.833847571624,
              1.28701174328003
            ],
            [
              103.833847501538,
              1.28701182919472
            ],
            [
              103.833838098315,
              1.28702338336251
            ],
            [
              103.833834715311,
              1.28702753982424
            ],
            [
              103.833829357315,
              1.28703412269737
            ],
            [
              103.833823540166,
              1.28704127079864
            ],
            [
              103.83381897648,
              1.2870468769575
            ],
            [
              103.833818746453,
              1.2870471591194
            ],
            [
              103.83381875454,
              1.28704727849557
            ],
            [
              103.833821611008,
              1.28708821185889
            ],
            [
              103.833823648905,
              1.28712680653477
            ],
            [
              103.833825264489,
              1.28716541929799
            ],
            [
              103.833826528742,
              1.28720411978467
            ],
            [
              103.833827371581,
              1.28724275063533
            ],
            [
              103.833827881063,
              1.28729139461414
            ],
            [
              103.833827602525,
              1.28734005848912
            ],
            [
              103.833826794746,
              1.28738870246814
            ],
            [
              103.833825269932,
              1.28743727861993
            ],
            [
              103.833823110748,
              1.28748583668453
            ],
            [
              103.83382033876,
              1.28753441012341
            ],
            [
              103.833816900054,
              1.2875829681882
            ],
            [
              103.833813513462,
              1.2876240164069
            ],
            [
              103.833809635368,
              1.28766499589395
            ],
            [
              103.8338052487,
              1.2877059229279
            ],
            [
              103.833763801776,
              1.28807621966107
            ],
            [
              103.833792865983,
              1.28810926876644
            ],
            [
              103.833938481729,
              1.28817914810633
            ],
            [
              103.834050559444,
              1.28824499940632
            ],
            [
              103.834159671991,
              1.2883481023963
            ],
            [
              103.834165814419,
              1.28835389666012
            ],
            [
              103.834221923827,
              1.28841335320609
            ],
            [
              103.834223924878,
              1.28841450084443
            ],
            [
              103.834304114283,
              1.28846052665708
            ],
            [
              103.834306603242,
              1.28846195464828
            ],
            [
              103.834359151726,
              1.2884921161008
            ],
            [
              103.834396288424,
              1.2884927003052
            ],
            [
              103.834552504278,
              1.28852375522057
            ]
          ]
        ]
      },
      "properties": {
        "Filter stage": "Filter 1+2",
        "Role": "Candidate",
        "UUID": "UUID_638d24ce-ff49-454a-8e33-fc25fd76d2ae",
        "Zone": "Business1",
        "Width m": 120.87342020902724,
        "Width diff": -0.20157593011923086,
        "Aspect ratio": 1.705850784814323,
        "Aspect diff": 0.22827618420201354,
        "Final allowable GFA m²": 53285.168286770226,
        "GFA diff": -0.13625972981827233,
        "KG site area m²": 17188.763963474266,
        "Master Plan GPR": 3.1,
        "Master Plan GPR cap m²": 53285.168286770226,
        "Final GFA basis": "Master Plan GPR cap",
        "Width and aspect match": false,
        "GFA match": true,
        "Non-road context plots": 16,
        "Educational plots": 1,
        "B1-family plots": 0,
        "Business2 plots": 0,
        "Residential plots": 4,
        "Residential share": 0.25,
        "Non-residential plots": 12,
        "Non-residential share": 0.75,
        "Bordering road plots": 2,
        "Road type counts": "{\"Local Collector/Primary Access\":1,\"Major Arterials/Minor Arterials\":1}",
        "Context zone counts": "{\"EducationalInstitution\":1,\"HotelZone\":2,\"OpenSpace\":1,\"PlaceOfWorship\":1,\"Residential\":4,\"TransportFacilities\":1,\"Utility\":1,\"Waterbody\":5}"
      }
    },
    {
      "type": "Feature",
      "id": "UUID_901d81bc-83e1-4979-ad54-8e52a851f138:Filter 1+2",
      "geometry": {
        "type": "Polygon",
        "coordinates": [
          [
            [
              103.845783655505,
              1.38558193634351
            ],
            [
              103.845828368156,
              1.3854859288089
            ],
            [
              103.84587012447,
              1.38538660227271
            ],
            [
              103.845932182022,
              1.38523262309303
            ],
            [
              103.845932255705,
              1.38523243679363
            ],
            [
              103.845872118417,
              1.38521690737345
            ],
            [
              103.845848000558,
              1.38520241054444
            ],
            [
              103.84535916641,
              1.38507101621527
            ],
            [
              103.845359058583,
              1.38507142589277
            ],
            [
              103.845349116936,
              1.38511078477573
            ],
            [
              103.845232244148,
              1.38557286842255
            ],
            [
              103.844589866491,
              1.38540834422908
            ],
            [
              103.84458950077,
              1.38540825017696
            ],
            [
              103.844147594977,
              1.38650781435386
            ],
            [
              103.844130369458,
              1.38655060894426
            ],
            [
              103.843913509374,
              1.38709018070766
            ],
            [
              103.844046612207,
              1.38714438045669
            ],
            [
              103.84480439612,
              1.38745295316051
            ],
            [
              103.844825661884,
              1.38746161324761
            ],
            [
              103.84482605636,
              1.38746176698758
            ],
            [
              103.845070443948,
              1.38687752303499
            ],
            [
              103.84509931482,
              1.38679691691508
            ],
            [
              103.84510806867,
              1.38677980087559
            ],
            [
              103.845120583932,
              1.3867567539972
            ],
            [
              103.845202892786,
              1.38660197166088
            ],
            [
              103.845231143791,
              1.38655303908765
            ],
            [
              103.845683411315,
              1.38577045157759
            ],
            [
              103.845735618109,
              1.38567626177743
            ],
            [
              103.845783655505,
              1.38558193634351
            ]
          ]
        ]
      },
      "properties": {
        "Filter stage": "Filter 1+2",
        "Role": "Candidate",
        "UUID": "UUID_901d81bc-83e1-4979-ad54-8e52a851f138",
        "Zone": "Business1",
        "Width m": 131.1663860873232,
        "Width diff": -0.13358619595367793,
        "Aspect ratio": 2.0950577997198923,
        "Aspect diff": 0.5085197502797486,
        "Final allowable GFA m²": 69710.52866508481,
        "GFA diff": 0.12999156800337933,
        "KG site area m²": 27884.211466033925,
        "Master Plan GPR": 2.5,
        "Master Plan GPR cap m²": 69710.52866508481,
        "Final GFA basis": "Master Plan GPR cap",
        "Width and aspect match": false,
        "GFA match": true,
        "Non-road context plots": 6,
        "Educational plots": 0,
        "B1-family plots": 1,
        "Business2 plots": 2,
        "Residential plots": 0,
        "Residential share": 0,
        "Non-residential plots": 6,
        "Non-residential share": 1,
        "Bordering road plots": 1,
        "Road type counts": "{\"Local Collector/Primary Access\":1}",
        "Context zone counts": "{\"Business1\":1,\"Business2\":2,\"CivicAndCommunityInstitutionZone\":2,\"Waterbody\":1}"
      }
    },
    {
      "type": "Feature",
      "id": "UUID_9711d423-d997-4dba-9cd3-4d22bac8f3f8:Filter 1+2",
      "geometry": {
        "type": "Polygon",
        "coordinates": [
          [
            [
              103.85841819549,
              1.36166577590058
            ],
            [
              103.858338365413,
              1.36144619257024
            ],
            [
              103.858280208475,
              1.36128363369982
            ],
            [
              103.858278777915,
              1.3612796355203
            ],
            [
              103.858158080729,
              1.36094222841344
            ],
            [
              103.858124169584,
              1.36084193476692
            ],
            [
              103.858076651747,
              1.36085955498694
            ],
            [
              103.858012143869,
              1.36088347427817
            ],
            [
              103.856958784579,
              1.36127406083087
            ],
            [
              103.856889243757,
              1.36129310742708
            ],
            [
              103.856817477062,
              1.36129970999069
            ],
            [
              103.855960818244,
              1.36130313672999
            ],
            [
              103.855959488365,
              1.36130314578619
            ],
            [
              103.855926277326,
              1.36130328175419
            ],
            [
              103.855925897311,
              1.36218034779967
            ],
            [
              103.857048030084,
              1.36217504189752
            ],
            [
              103.858411315187,
              1.36166831542746
            ],
            [
              103.85841819549,
              1.36166577590058
            ]
          ]
        ]
      },
      "properties": {
        "Filter stage": "Filter 1+2",
        "Role": "Candidate",
        "UUID": "UUID_9711d423-d997-4dba-9cd3-4d22bac8f3f8",
        "Zone": "Business1",
        "Width m": 119.85197638797399,
        "Width diff": -0.20832303242964428,
        "Aspect ratio": 2.3623975793212195,
        "Aspect diff": 0.7010143619405612,
        "Final allowable GFA m²": 65995.93360206138,
        "GFA diff": 0.06977884002466017,
        "KG site area m²": 26398.373440824555,
        "Master Plan GPR": 2.5,
        "Master Plan GPR cap m²": 65995.93360206138,
        "Final GFA basis": "Master Plan GPR cap",
        "Width and aspect match": false,
        "GFA match": true,
        "Non-road context plots": 11,
        "Educational plots": 2,
        "B1-family plots": 5,
        "Business2 plots": 0,
        "Residential plots": 4,
        "Residential share": 0.36363636363636365,
        "Non-residential plots": 7,
        "Non-residential share": 0.6363636363636364,
        "Bordering road plots": 2,
        "Road type counts": "{\"Expressway\":1,\"Local Collector/Primary Access\":1}",
        "Context zone counts": "{\"Business1\":5,\"CommercialAndResidential\":1,\"EducationalInstitution\":2,\"Residential\":3}"
      }
    },
    {
      "type": "Feature",
      "id": "UUID_987193a7-acc4-4703-a1e1-1fbb55c2676b:Filter 1+2",
      "geometry": {
        "type": "Polygon",
        "coordinates": [
          [
            [
              103.838303562257,
              1.44078793614798
            ],
            [
              103.837900274963,
              1.44061680696114
            ],
            [
              103.837407799191,
              1.44142601448056
            ],
            [
              103.837527394591,
              1.4414969525529
            ],
            [
              103.837588184808,
              1.44153958414555
            ],
            [
              103.837640348507,
              1.44159151261206
            ],
            [
              103.837683948585,
              1.44165146280009
            ],
            [
              103.837717322635,
              1.44171775259679
            ],
            [
              103.837739528023,
              1.44178863658245
            ],
            [
              103.837750597991,
              1.44186159158254
            ],
            [
              103.837761982696,
              1.4420522676078
            ],
            [
              103.837771949085,
              1.44207228115745
            ],
            [
              103.837792840616,
              1.4420859189213
            ],
            [
              103.837817696739,
              1.44208792655963
            ],
            [
              103.838395647888,
              1.4420345678805
            ],
            [
              103.838355030277,
              1.44158594930204
            ],
            [
              103.838729182486,
              1.44097165576126
            ],
            [
              103.838729213936,
              1.44097160511682
            ],
            [
              103.838729366697,
              1.44097135189462
            ],
            [
              103.838729226516,
              1.44097129220695
            ],
            [
              103.83869694886,
              1.44095758755568
            ],
            [
              103.838695085167,
              1.44095679624183
            ],
            [
              103.838633008191,
              1.44093043870707
            ],
            [
              103.838630781464,
              1.44092949365219
            ],
            [
              103.838568909369,
              1.44090322383845
            ],
            [
              103.838563950005,
              1.44090111758679
            ],
            [
              103.838501829899,
              1.44087474196123
            ],
            [
              103.83849859135,
              1.44087336733576
            ],
            [
              103.838427478073,
              1.44084317350497
            ],
            [
              103.838425225287,
              1.4408422166932
            ],
            [
              103.838368103188,
              1.44081796359438
            ],
            [
              103.838369082655,
              1.44081573885743
            ],
            [
              103.838303562257,
              1.44078793614798
            ]
          ]
        ]
      },
      "properties": {
        "Filter stage": "Filter 1+2",
        "Role": "Candidate",
        "UUID": "UUID_987193a7-acc4-4703-a1e1-1fbb55c2676b",
        "Zone": "Business1",
        "Width m": 127.43957380692154,
        "Width diff": -0.15820349083500276,
        "Aspect ratio": 1.21101246623798,
        "Aspect diff": -0.12802586000289504,
        "Final allowable GFA m²": 34341.05060973512,
        "GFA diff": -0.4433395016725229,
        "KG site area m²": 13736.420243894048,
        "Master Plan GPR": 2.5,
        "Master Plan GPR cap m²": 34341.05060973512,
        "Final GFA basis": "Master Plan GPR cap",
        "Width and aspect match": true,
        "GFA match": false,
        "Non-road context plots": 24,
        "Educational plots": 0,
        "B1-family plots": 9,
        "Business2 plots": 9,
        "Residential plots": 2,
        "Residential share": 0.08333333333333333,
        "Non-residential plots": 22,
        "Non-residential share": 0.9166666666666666,
        "Bordering road plots": 2,
        "Road type counts": "{\"Local Access\":1,\"Major Arterials/Minor Arterials\":1}",
        "Context zone counts": "{\"Business1\":9,\"Business2\":9,\"ReserveSite\":1,\"Residential\":2,\"TransportFacilities\":2,\"Utility\":1}"
      }
    },
    {
      "type": "Feature",
      "id": "UUID_aa93be47-e8d7-4935-9675-6759434fe5d3:Filter 1+2",
      "geometry": {
        "type": "Polygon",
        "coordinates": [
          [
            [
              103.841074101362,
              1.36097110868074
            ],
            [
              103.841080796575,
              1.36096772724081
            ],
            [
              103.841080825329,
              1.36096771096217
            ],
            [
              103.841080967302,
              1.36096763951692
            ],
            [
              103.841116279128,
              1.36094816029888
            ],
            [
              103.841116319563,
              1.36094813768964
            ],
            [
              103.841118276639,
              1.36094705877662
            ],
            [
              103.841118428497,
              1.36094697467025
            ],
            [
              103.841173034013,
              1.36082209081969
            ],
            [
              103.841320102198,
              1.36073774027157
            ],
            [
              103.841367483519,
              1.36070257842745
            ],
            [
              103.84140524205,
              1.36065711590486
            ],
            [
              103.841414716476,
              1.36063790355676
            ],
            [
              103.841442338866,
              1.36050118527879
            ],
            [
              103.841441903955,
              1.36049986219523
            ],
            [
              103.841439641341,
              1.36049297818146
            ],
            [
              103.841439011439,
              1.3604910627399
            ],
            [
              103.841438288085,
              1.36048885971078
            ],
            [
              103.841437819927,
              1.36048743443416
            ],
            [
              103.841437221476,
              1.36048561485511
            ],
            [
              103.841430351862,
              1.36046470868767
            ],
            [
              103.841415149755,
              1.36041878059548
            ],
            [
              103.84139897719,
              1.36037105643887
            ],
            [
              103.841386203941,
              1.36033440259469
            ],
            [
              103.841366257374,
              1.36027988215237
            ],
            [
              103.84133902517,
              1.36020743180658
            ],
            [
              103.841306627071,
              1.3601240902177
            ],
            [
              103.841282487768,
              1.36006117095677
            ],
            [
              103.841269932886,
              1.36002844747862
            ],
            [
              103.841261835829,
              1.36000621099471
            ],
            [
              103.841251281168,
              1.35997655240062
            ],
            [
              103.841242822882,
              1.35995278482896
            ],
            [
              103.841234583845,
              1.35992844931574
            ],
            [
              103.841227352111,
              1.35990695531197
            ],
            [
              103.841209832583,
              1.35985347940095
            ],
            [
              103.841196747522,
              1.3598122286726
            ],
            [
              103.841179529004,
              1.35975511902435
            ],
            [
              103.841164686311,
              1.35970271296721
            ],
            [
              103.841152323692,
              1.35965906386192
            ],
            [
              103.841138030916,
              1.35960425400231
            ],
            [
              103.841123875614,
              1.35954727457205
            ],
            [
              103.841115174679,
              1.35951136590915
            ],
            [
              103.84110391548,
              1.35946110589649
            ],
            [
              103.841087542453,
              1.35938369145609
            ],
            [
              103.841080603612,
              1.35934900910539
            ],
            [
              103.841073818423,
              1.35931347393855
            ],
            [
              103.841064392291,
              1.35925994645129
            ],
            [
              103.841059083462,
              1.35922882548207
            ],
            [
              103.841058391552,
              1.35922445740444
            ],
            [
              103.839978090616,
              1.3597515712141
            ],
            [
              103.839972662344,
              1.35974029470995
            ],
            [
              103.839969405044,
              1.35974188459151
            ],
            [
              103.839945412449,
              1.35975359708055
            ],
            [
              103.839883952371,
              1.35978360044106
            ],
            [
              103.839825810693,
              1.35981198407447
            ],
            [
              103.839823699064,
              1.35981301415119
            ],
            [
              103.83982130259,
              1.35981418440515
            ],
            [
              103.839819298789,
              1.35981516202843
            ],
            [
              103.839818824346,
              1.35981539445136
            ],
            [
              103.839802953883,
              1.35982314218366
            ],
            [
              103.839800649961,
              1.35982426631476
            ],
            [
              103.839798256183,
              1.35982543566433
            ],
            [
              103.839796482414,
              1.35982630114581
            ],
            [
              103.839794395047,
              1.35982732037005
            ],
            [
              103.83979148639,
              1.35982874022994
            ],
            [
              103.839788168886,
              1.35983035995542
            ],
            [
              103.839782764914,
              1.35983299800079
            ],
            [
              103.839781245439,
              1.35983374048801
            ],
            [
              103.839778651281,
              1.35983500660507
            ],
            [
              103.839766390355,
              1.3598409917213
            ],
            [
              103.839764145738,
              1.35984208872129
            ],
            [
              103.839765005671,
              1.35984388026477
            ],
            [
              103.839766169321,
              1.35984629039266
            ],
            [
              103.839767716662,
              1.35984949726453
            ],
            [
              103.839768603552,
              1.35985133402615
            ],
            [
              103.839769691722,
              1.35985358860357
            ],
            [
              103.839770112254,
              1.35985446040968
            ],
            [
              103.839771156394,
              1.35985662093333
            ],
            [
              103.839772095401,
              1.35985856893164
            ],
            [
              103.839772884347,
              1.35986020221154
            ],
            [
              103.839773631958,
              1.35986175229005
            ],
            [
              103.83977557467,
              1.35986577761059
            ],
            [
              103.839776754495,
              1.35986822119991
            ],
            [
              103.839778273081,
              1.35987136567069
            ],
            [
              103.83977929296,
              1.35987348097618
            ],
            [
              103.83977955714,
              1.35987402721154
            ],
            [
              103.839781326427,
              1.35987769349989
            ],
            [
              103.83978253231,
              1.35988019044664
            ],
            [
              103.839784062578,
              1.35988336114396
            ],
            [
              103.83979586262,
              1.35990780788948
            ],
            [
              103.839853418831,
              1.3600270490784
            ],
            [
              103.839915017723,
              1.36015466376426
            ],
            [
              103.839948882199,
              1.36022482244893
            ],
            [
              103.840056718021,
              1.36044822727507
            ],
            [
              103.840099783884,
              1.36053744902774
            ],
            [
              103.840157766947,
              1.36065757377136
            ],
            [
              103.840214196384,
              1.36077447988515
            ],
            [
              103.840310449657,
              1.36097389013698
            ],
            [
              103.840351940341,
              1.36105984713392
            ],
            [
              103.840408092138,
              1.36117617806775
            ],
            [
              103.840437706395,
              1.36123753005733
            ],
            [
              103.840439867462,
              1.3612420075588
            ],
            [
              103.840475431823,
              1.36123224483996
            ],
            [
              103.840687583354,
              1.3611740076563
            ],
            [
              103.840696210485,
              1.36117010981948
            ],
            [
              103.841014176919,
              1.36100137252199
            ],
            [
              103.841074044753,
              1.36097113671622
            ],
            [
              103.841074101362,
              1.36097110868074
            ]
          ]
        ]
      },
      "properties": {
        "Filter stage": "Filter 1+2",
        "Role": "Candidate",
        "UUID": "UUID_aa93be47-e8d7-4935-9675-6759434fe5d3",
        "Zone": "Business1",
        "Width m": 159.4051586126934,
        "Width diff": 0.05294377605467173,
        "Aspect ratio": 1.112549403133696,
        "Aspect diff": -0.19892293758505647,
        "Final allowable GFA m²": 61635.3574066818,
        "GFA diff": -0.0009050929015741672,
        "KG site area m²": 24654.14296267272,
        "Master Plan GPR": 2.5,
        "Master Plan GPR cap m²": 61635.3574066818,
        "Final GFA basis": "Master Plan GPR cap",
        "Width and aspect match": true,
        "GFA match": true,
        "Non-road context plots": 59,
        "Educational plots": 3,
        "B1-family plots": 4,
        "Business2 plots": 1,
        "Residential plots": 39,
        "Residential share": 0.6610169491525424,
        "Non-residential plots": 20,
        "Non-residential share": 0.3389830508474576,
        "Bordering road plots": 3,
        "Road type counts": "{\"Major Arterials/Minor Arterials\":1,\"Local Collector/Primary Access\":2}",
        "Context zone counts": "{\"Business1\":4,\"Business2\":1,\"CivicAndCommunityInstitutionZone\":3,\"EducationalInstitution\":3,\"Park\":2,\"PlaceOfWorship\":3,\"Residential\":39,\"TransportFacilities\":1,\"Utility\":2,\"Waterbody\":1}"
      }
    },
    {
      "type": "Feature",
      "id": "UUID_42a34276-777f-4661-9bed-969c13c5f685:Filter 1+2",
      "geometry": {
        "type": "Polygon",
        "coordinates": [
          [
            [
              103.810531390413,
              1.29214286106518
            ],
            [
              103.810530162173,
              1.29213530146884
            ],
            [
              103.810834070285,
              1.29208042372283
            ],
            [
              103.810678640889,
              1.29111914767334
            ],
            [
              103.809872339426,
              1.29125631165276
            ],
            [
              103.809836134423,
              1.2912624772754
            ],
            [
              103.809515781987,
              1.29133754378752
            ],
            [
              103.809287267855,
              1.29139653695491
            ],
            [
              103.809069334862,
              1.2914640447975
            ],
            [
              103.809026058065,
              1.29149788661589
            ],
            [
              103.809000698304,
              1.29152026668696
            ],
            [
              103.808891643801,
              1.29164189546198
            ],
            [
              103.808807228471,
              1.29173625244717
            ],
            [
              103.808804105106,
              1.29173976677836
            ],
            [
              103.808801051826,
              1.29174331638045
            ],
            [
              103.808798067733,
              1.2917469383324
            ],
            [
              103.808795136654,
              1.29175059465072
            ],
            [
              103.808792258588,
              1.29175432151001
            ],
            [
              103.808789468579,
              1.29175808364036
            ],
            [
              103.808786729786,
              1.29176189912874
            ],
            [
              103.808784062876,
              1.29176576707097
            ],
            [
              103.808781448082,
              1.29176967118831
            ],
            [
              103.808778903373,
              1.29177360967217
            ],
            [
              103.80877644672,
              1.2917776196017
            ],
            [
              103.808774042183,
              1.29178164671467
            ],
            [
              103.808771707732,
              1.29178572718585
            ],
            [
              103.808769444265,
              1.29178984202357
            ],
            [
              103.808767267956,
              1.29179401112402
            ],
            [
              103.808765144661,
              1.29179819740792
            ],
            [
              103.808763108524,
              1.29180243614583
            ],
            [
              103.808761125401,
              1.29180669297154
            ],
            [
              103.808759228537,
              1.29181100225125
            ],
            [
              103.808757404455,
              1.29181533052332
            ],
            [
              103.808755649561,
              1.29181969316193
            ],
            [
              103.808753981824,
              1.29182409197598
            ],
            [
              103.808752368001,
              1.29182850706911
            ],
            [
              103.808750841335,
              1.29183295743332
            ],
            [
              103.808749401827,
              1.29183742769441
            ],
            [
              103.808748033305,
              1.29184193141767
            ],
            [
              103.808746734868,
              1.29184645413328
            ],
            [
              103.80874552359,
              1.29185099312831
            ],
            [
              103.808744400368,
              1.29185556739441
            ],
            [
              103.808743329262,
              1.29186014256538
            ],
            [
              103.808742363285,
              1.29186475119888
            ],
            [
              103.808741469191,
              1.29186936254617
            ],
            [
              103.808740644285,
              1.29187399017271
            ],
            [
              103.808739907436,
              1.29187863588738
            ],
            [
              103.808739239774,
              1.29188329788131
            ],
            [
              103.808738661967,
              1.29188797977214
            ],
            [
              103.808738169521,
              1.29189264267213
            ],
            [
              103.808737748059,
              1.29189734084305
            ],
            [
              103.808737414655,
              1.29190202273625
            ],
            [
              103.808737151337,
              1.29190672090869
            ],
            [
              103.808736976076,
              1.2919114371693
            ],
            [
              103.808736887974,
              1.29191613534346
            ],
            [
              103.808736870856,
              1.29192083351831
            ],
            [
              103.808736256208,
              1.29192558504486
            ],
            [
              103.808736450248,
              1.29193028231741
            ],
            [
              103.808736659563,
              1.29193498230317
            ],
            [
              103.808737624552,
              1.29193964612174
            ],
            [
              103.808737992909,
              1.29194434339598
            ],
            [
              103.808738467295,
              1.29194902439269
            ],
            [
              103.808739011766,
              1.29195370539007
            ],
            [
              103.808739643396,
              1.29195836830101
            ],
            [
              103.808740363084,
              1.29196301402987
            ],
            [
              103.808741152858,
              1.29196765975943
            ],
            [
              103.80874201182,
              1.29197226931506
            ],
            [
              103.808742978607,
              1.29197687977611
            ],
            [
              103.808743994814,
              1.29198147124598
            ],
            [
              103.808745100875,
              1.29198604734251
            ],
            [
              103.808746294095,
              1.29199060354389
            ],
            [
              103.808747556503,
              1.29199512628443
            ],
            [
              103.808748890795,
              1.291999630034
            ],
            [
              103.808750313144,
              1.2920041166015
            ],
            [
              103.808751804681,
              1.29200856789945
            ],
            [
              103.808753384276,
              1.29201300111097
            ],
            [
              103.808755033957,
              1.29201741714024
            ],
            [
              103.808756753724,
              1.29202177981266
            ],
            [
              103.808758543578,
              1.29202612530283
            ],
            [
              103.80876042149,
              1.29203043552362
            ],
            [
              103.808762369488,
              1.29203470957052
            ],
            [
              103.808764387573,
              1.29203896643517
            ],
            [
              103.808766474846,
              1.29204317084733
            ],
            [
              103.808768651973,
              1.29204733908576
            ],
            [
              103.808770880318,
              1.29205147205447
            ],
            [
              103.808773179648,
              1.29205556975364
            ],
            [
              103.808775566137,
              1.2920596150005
            ],
            [
              103.808778005641,
              1.29206362497764
            ],
            [
              103.808780515231,
              1.29206759878087
            ],
            [
              103.808783094907,
              1.29207152013164
            ],
            [
              103.808785744671,
              1.29207538902992
            ],
            [
              103.80878846542,
              1.29207922175428
            ],
            [
              103.808791238285,
              1.292083002026
            ],
            [
              103.808794098308,
              1.29208674612398
            ],
            [
              103.808796994274,
              1.29209043776914
            ],
            [
              103.808799977399,
              1.29209407696199
            ],
            [
              103.808802996467,
              1.29209766189331
            ],
            [
              103.808806102693,
              1.29210117718937
            ],
            [
              103.808809243963,
              1.29210465721554
            ],
            [
              103.80881245532,
              1.29210806579758
            ],
            [
              103.808815719691,
              1.2921114391099
            ],
            [
              103.808819053251,
              1.2921147427868
            ],
            [
              103.808822440724,
              1.29211797411504
            ],
            [
              103.808825880313,
              1.29212117288665
            ],
            [
              103.808829372916,
              1.29212429930958
            ],
            [
              103.808832917636,
              1.29212735519256
            ],
            [
              103.80883651537,
              1.29213035771853
            ],
            [
              103.808840166118,
              1.29213328970457
            ],
            [
              103.808843868983,
              1.29213616923793
            ],
            [
              103.808847624862,
              1.29213897732699
            ],
            [
              103.808868069253,
              1.29215351428462
            ],
            [
              103.808888917994,
              1.29216745074778
            ],
            [
              103.808910117172,
              1.29218076953304
            ],
            [
              103.808931686555,
              1.29219350500641
            ],
            [
              103.808953605477,
              1.29220563908039
            ],
            [
              103.808975893707,
              1.29221712111075
            ],
            [
              103.808998445216,
              1.29222796737502
            ],
            [
              103.809021365132,
              1.29223829996345
            ],
            [
              103.809044460271,
              1.29224789278296
            ],
            [
              103.809067888776,
              1.29225677658349
            ],
            [
              103.809131083931,
              1.29227959883535
            ],
            [
              103.809151583205,
              1.29228678782743
            ],
            [
              103.809172326889,
              1.2922933935064
            ],
            [
              103.809193175707,
              1.29229936432214
            ],
            [
              103.809214287805,
              1.29230469846742
            ],
            [
              103.809235505038,
              1.29230939774946
            ],
            [
              103.809256880421,
              1.29231347754294
            ],
            [
              103.809278361838,
              1.29231683384545
            ],
            [
              103.80929993042,
              1.29231955438016
            ],
            [
              103.80932149811,
              1.29232162105893
            ],
            [
              103.809351455492,
              1.292323335115
            ],
            [
              103.809470126909,
              1.292318301641
            ],
            [
              103.809910534572,
              1.29224549807074
            ],
            [
              103.809911763708,
              1.29225307485029
            ],
            [
              103.809968502241,
              1.29224369620894
            ],
            [
              103.809967256033,
              1.29223610134196
            ],
            [
              103.810029100988,
              1.29222589253965
            ],
            [
              103.81042103759,
              1.29216110291249
            ],
            [
              103.810434191368,
              1.2921589289389
            ],
            [
              103.810531390413,
              1.29214286106518
            ]
          ]
        ]
      },
      "properties": {
        "Filter stage": "Filter 1+2",
        "Role": "Candidate",
        "UUID": "UUID_42a34276-777f-4661-9bed-969c13c5f685",
        "Zone": "Business1",
        "Width m": 109.43659825379291,
        "Width diff": -0.27712135537656934,
        "Aspect ratio": 2.085661097210478,
        "Aspect diff": 0.5017537740260862,
        "Final allowable GFA m²": 56138.47251305473,
        "GFA diff": -0.09000832736312536,
        "KG site area m²": 22455.389005221892,
        "Master Plan GPR": 2.5,
        "Master Plan GPR cap m²": 56138.47251305473,
        "Final GFA basis": "Master Plan GPR cap",
        "Width and aspect match": false,
        "GFA match": true,
        "Non-road context plots": 33,
        "Educational plots": 0,
        "B1-family plots": 24,
        "Business2 plots": 0,
        "Residential plots": 2,
        "Residential share": 0.06060606060606061,
        "Non-residential plots": 31,
        "Non-residential share": 0.9393939393939394,
        "Bordering road plots": 2,
        "Road type counts": "{\"Local Collector/Primary Access\":1,\"Major Arterials/Minor Arterials\":1}",
        "Context zone counts": "{\"Business1\":24,\"Commercial\":1,\"CommercialAndResidential\":1,\"HotelZone\":1,\"Park\":2,\"PlaceOfWorship\":2,\"ReserveSite\":1,\"Residential\":1}"
      }
    },
    {
      "type": "Feature",
      "id": "UUID_fa9a4b23-36a0-4a7b-9bbc-10f6b1bdc47f:Filter 1+2",
      "geometry": {
        "type": "Polygon",
        "coordinates": [
          [
            [
              103.825127063451,
              1.38419275212717
            ],
            [
              103.826275864534,
              1.38454226546806
            ],
            [
              103.826363538327,
              1.38462948260943
            ],
            [
              103.82680154277,
              1.38367679951453
            ],
            [
              103.825998756511,
              1.38330920929081
            ],
            [
              103.825878266708,
              1.38325403365453
            ],
            [
              103.825628173739,
              1.3837093983001
            ],
            [
              103.825372330367,
              1.38399187559905
            ],
            [
              103.82531153257,
              1.38404166968413
            ],
            [
              103.825127063451,
              1.38419275212717
            ]
          ]
        ]
      },
      "properties": {
        "Filter stage": "Filter 1+2",
        "Role": "Candidate",
        "UUID": "UUID_fa9a4b23-36a0-4a7b-9bbc-10f6b1bdc47f",
        "Zone": "Business1",
        "Width m": 129.1001072457475,
        "Width diff": -0.1472349101155378,
        "Aspect ratio": 1.1308435277782911,
        "Aspect diff": -0.18575048556767493,
        "Final allowable GFA m²": 29238.749283449964,
        "GFA diff": -0.5260466276479198,
        "KG site area m²": 14619.374641724982,
        "Master Plan GPR": 2,
        "Master Plan GPR cap m²": 29238.749283449964,
        "Final GFA basis": "Master Plan GPR cap",
        "Width and aspect match": true,
        "GFA match": false,
        "Non-road context plots": 30,
        "Educational plots": 0,
        "B1-family plots": 28,
        "Business2 plots": 0,
        "Residential plots": 0,
        "Residential share": 0,
        "Non-residential plots": 30,
        "Non-residential share": 1,
        "Bordering road plots": 2,
        "Road type counts": "{\"Local Access\":1,\"Major Arterials/Minor Arterials\":1}",
        "Context zone counts": "{\"Business1\":28,\"Park\":1,\"ReserveSite\":1}"
      }
    },
    {
      "type": "Feature",
      "id": "UUID_5996b53b-d901-4338-9ccd-de81d2157125:Filter 1+2",
      "geometry": {
        "type": "Polygon",
        "coordinates": [
          [
            [
              103.840324317797,
              1.44207141556402
            ],
            [
              103.840320652401,
              1.44206656818582
            ],
            [
              103.840310737231,
              1.44205345584685
            ],
            [
              103.840302089089,
              1.44204201928993
            ],
            [
              103.840290939241,
              1.44202727367381
            ],
            [
              103.840280301596,
              1.44201320542448
            ],
            [
              103.840272368741,
              1.44200271482968
            ],
            [
              103.840257939896,
              1.44198363370377
            ],
            [
              103.840253764993,
              1.44197811257604
            ],
            [
              103.840240737069,
              1.44196088358264
            ],
            [
              103.840230418427,
              1.44194723766995
            ],
            [
              103.840216559297,
              1.44192890987701
            ],
            [
              103.840210571915,
              1.44192099128648
            ],
            [
              103.840200192169,
              1.44190726488547
            ],
            [
              103.840190317438,
              1.44189420680766
            ],
            [
              103.84018518822,
              1.44188742228657
            ],
            [
              103.840183603986,
              1.44188532778499
            ],
            [
              103.840172586234,
              1.44187075761441
            ],
            [
              103.840166145957,
              1.44186224033635
            ],
            [
              103.840161587348,
              1.44185500363163
            ],
            [
              103.840154931402,
              1.44184443706599
            ],
            [
              103.840149040167,
              1.44183508596287
            ],
            [
              103.840142368945,
              1.44182449497942
            ],
            [
              103.840141019244,
              1.44182235254582
            ],
            [
              103.840138972229,
              1.44181910226876
            ],
            [
              103.840128908784,
              1.44180312761824
            ],
            [
              103.840119071787,
              1.44178751290374
            ],
            [
              103.840094908377,
              1.44174915348447
            ],
            [
              103.840083505117,
              1.44173105177427
            ],
            [
              103.840071920339,
              1.44171265976378
            ],
            [
              103.84007123201,
              1.44171156729446
            ],
            [
              103.840069719663,
              1.44170916530892
            ],
            [
              103.840067873934,
              1.44170623608031
            ],
            [
              103.840065766713,
              1.44170289084518
            ],
            [
              103.840062996323,
              1.44169849383699
            ],
            [
              103.84006180208,
              1.44169659648546
            ],
            [
              103.840059990499,
              1.44169372151857
            ],
            [
              103.840058132191,
              1.44169114860931
            ],
            [
              103.840055944996,
              1.44168844456828
            ],
            [
              103.840010633936,
              1.44163242931782
            ],
            [
              103.839937603782,
              1.44155900424146
            ],
            [
              103.839860540744,
              1.44149194408618
            ],
            [
              103.839777140821,
              1.44143245799247
            ],
            [
              103.839686203483,
              1.44137947067455
            ],
            [
              103.839598122822,
              1.4413379244505
            ],
            [
              103.839324580396,
              1.44122181393224
            ],
            [
              103.839323538028,
              1.4412238406141
            ],
            [
              103.839300722629,
              1.44122213866183
            ],
            [
              103.839251785065,
              1.44124687404263
            ],
            [
              103.839240741355,
              1.44126843410273
            ],
            [
              103.839210962025,
              1.4413449795261
            ],
            [
              103.839187266205,
              1.44142361401351
            ],
            [
              103.839168484817,
              1.44150365929536
            ],
            [
              103.839089553933,
              1.44191919654132
            ],
            [
              103.838882941948,
              1.44300689338863
            ],
            [
              103.839039365171,
              1.44325352745346
            ],
            [
              103.839171032991,
              1.44316892750947
            ],
            [
              103.839341649595,
              1.44306355060266
            ],
            [
              103.839514099331,
              1.44296128468912
            ],
            [
              103.839688346258,
              1.44286213881214
            ],
            [
              103.839864309501,
              1.44276615818976
            ],
            [
              103.840035195654,
              1.44267166976887
            ],
            [
              103.840162356062,
              1.44259636302189
            ],
            [
              103.840247282479,
              1.44256407697922
            ],
            [
              103.840300263699,
              1.44252181590021
            ],
            [
              103.840343719745,
              1.44246948023771
            ],
            [
              103.840375925319,
              1.44240981926333
            ],
            [
              103.840395083231,
              1.44234502154332
            ],
            [
              103.840400591425,
              1.44227634414547
            ],
            [
              103.840392288174,
              1.4422098553509
            ],
            [
              103.840369418653,
              1.4421444066199
            ],
            [
              103.840324317797,
              1.44207141556402
            ]
          ]
        ]
      },
      "properties": {
        "Filter stage": "Filter 1+2",
        "Role": "Candidate",
        "UUID": "UUID_5996b53b-d901-4338-9ccd-de81d2157125",
        "Zone": "Business1",
        "Width m": 151.54236852916074,
        "Width diff": 0.0010064613972723129,
        "Aspect ratio": 1.4954269044877275,
        "Aspect diff": 0.0767631426784759,
        "Final allowable GFA m²": 56371.4018744892,
        "GFA diff": -0.08623259621602829,
        "KG site area m²": 22548.56074979568,
        "Master Plan GPR": 2.5,
        "Master Plan GPR cap m²": 56371.4018744892,
        "Final GFA basis": "Master Plan GPR cap",
        "Width and aspect match": true,
        "GFA match": true,
        "Non-road context plots": 25,
        "Educational plots": 0,
        "B1-family plots": 10,
        "Business2 plots": 9,
        "Residential plots": 2,
        "Residential share": 0.08,
        "Non-residential plots": 23,
        "Non-residential share": 0.92,
        "Bordering road plots": 2,
        "Road type counts": "{\"Local Access\":1,\"Major Arterials/Minor Arterials\":1}",
        "Context zone counts": "{\"Business1\":10,\"Business2\":9,\"ReserveSite\":1,\"Residential\":2,\"TransportFacilities\":2,\"Utility\":1}"
      }
    },
    {
      "type": "Feature",
      "id": "UUID_f71b7979-6632-41c3-ae78-410575c6dcc7:Filter 1+2",
      "geometry": {
        "type": "Polygon",
        "coordinates": [
          [
            [
              103.930200895526,
              1.32033676250855
            ],
            [
              103.929342575203,
              1.32016845690913
            ],
            [
              103.928153999127,
              1.31993541218089
            ],
            [
              103.928150549045,
              1.31994475438732
            ],
            [
              103.927941146722,
              1.32102660714716
            ],
            [
              103.929989553585,
              1.32142830932287
            ],
            [
              103.930200895526,
              1.32033676250855
            ]
          ]
        ]
      },
      "properties": {
        "Filter stage": "Filter 1+2",
        "Role": "Candidate",
        "UUID": "UUID_f71b7979-6632-41c3-ae78-410575c6dcc7",
        "Zone": "Business1",
        "Width m": 122.96815556938236,
        "Width diff": -0.1877392476720423,
        "Aspect ratio": 1.888795456268285,
        "Aspect diff": 0.3600031705093312,
        "Final allowable GFA m²": 71917.597115185,
        "GFA diff": 0.16576763779337392,
        "KG site area m²": 28767.038846074,
        "Master Plan GPR": 2.5,
        "Master Plan GPR cap m²": 71917.597115185,
        "Final GFA basis": "Master Plan GPR cap",
        "Width and aspect match": false,
        "GFA match": true,
        "Non-road context plots": 13,
        "Educational plots": 1,
        "B1-family plots": 9,
        "Business2 plots": 0,
        "Residential plots": 0,
        "Residential share": 0,
        "Non-residential plots": 13,
        "Non-residential share": 1,
        "Bordering road plots": 1,
        "Road type counts": "{\"Local Collector/Primary Access\":1}",
        "Context zone counts": "{\"Business1\":9,\"EducationalInstitution\":1,\"Park\":1,\"ReserveSite\":1,\"Utility\":1}"
      }
    },
    {
      "type": "Feature",
      "id": "UUID_ef272b8e-e256-4963-9452-52309e4f05e6:Filter 1+2",
      "geometry": {
        "type": "Polygon",
        "coordinates": [
          [
            [
              103.759296938816,
              1.33659728143571
            ],
            [
              103.759310229146,
              1.33639495214832
            ],
            [
              103.759029832934,
              1.33641183262238
            ],
            [
              103.758826227587,
              1.3364234176463
            ],
            [
              103.758758719262,
              1.33644372397743
            ],
            [
              103.757931994634,
              1.33690829013171
            ],
            [
              103.757902884461,
              1.33692485808014
            ],
            [
              103.757901308363,
              1.33692575606462
            ],
            [
              103.758354924962,
              1.33773757307239
            ],
            [
              103.758328249686,
              1.33793781647298
            ],
            [
              103.758440677684,
              1.33795294089098
            ],
            [
              103.758633443199,
              1.33799273880986
            ],
            [
              103.758823244001,
              1.33804503493033
            ],
            [
              103.75900843482,
              1.33811025425402
            ],
            [
              103.759117435802,
              1.33815293902263
            ],
            [
              103.75914555145,
              1.33807088062373
            ],
            [
              103.759227400058,
              1.3376560623061
            ],
            [
              103.759296938816,
              1.33659728143571
            ]
          ]
        ]
      },
      "properties": {
        "Filter stage": "Filter 1+2",
        "Role": "Candidate",
        "UUID": "UUID_ef272b8e-e256-4963-9452-52309e4f05e6",
        "Zone": "Business1",
        "Width m": 152.58517522915645,
        "Width diff": 0.007894675266538883,
        "Aspect ratio": 1.2804733684924752,
        "Aspect diff": -0.07801141985849112,
        "Final allowable GFA m²": 50721.05718531839,
        "GFA diff": -0.17782337851737678,
        "KG site area m²": 20288.422874127355,
        "Master Plan GPR": 2.5,
        "Master Plan GPR cap m²": 50721.05718531839,
        "Final GFA basis": "Master Plan GPR cap",
        "Width and aspect match": true,
        "GFA match": true,
        "Non-road context plots": 29,
        "Educational plots": 0,
        "B1-family plots": 20,
        "Business2 plots": 1,
        "Residential plots": 1,
        "Residential share": 0.034482758620689655,
        "Non-residential plots": 28,
        "Non-residential share": 0.9655172413793104,
        "Bordering road plots": 2,
        "Road type counts": "{\"Slip Road\":1,\"Local Collector/Primary Access\":1}",
        "Context zone counts": "{\"Business1\":20,\"Business2\":1,\"CivicAndCommunityInstitutionZone\":2,\"Park\":2,\"ReserveSite\":1,\"Residential\":1,\"TransportFacilities\":1,\"Waterbody\":1}"
      }
    },
    {
      "type": "Feature",
      "id": "UUID_36049d31-03a3-4510-b7a6-4b3fec66e4e1:Filter 1+2",
      "geometry": {
        "type": "Polygon",
        "coordinates": [
          [
            [
              103.759310229146,
              1.33639495214832
            ],
            [
              103.759296938816,
              1.33659728143571
            ],
            [
              103.759227400058,
              1.3376560623061
            ],
            [
              103.75914555145,
              1.33807088062373
            ],
            [
              103.759117435802,
              1.33815293902263
            ],
            [
              103.75911821035,
              1.33815324200806
            ],
            [
              103.760185220274,
              1.33857069511946
            ],
            [
              103.76018551055,
              1.33856928432066
            ],
            [
              103.760192878808,
              1.33850590672808
            ],
            [
              103.760200922591,
              1.33841856080239
            ],
            [
              103.760205879679,
              1.33833622857678
            ],
            [
              103.76021050308,
              1.33826474780211
            ],
            [
              103.760214146933,
              1.33822763463048
            ],
            [
              103.760216237562,
              1.33808657836073
            ],
            [
              103.760212254259,
              1.33796503988786
            ],
            [
              103.760209005726,
              1.33791264909197
            ],
            [
              103.760205402355,
              1.33782681400826
            ],
            [
              103.760200738241,
              1.33772562460432
            ],
            [
              103.760192296766,
              1.33764889541437
            ],
            [
              103.76018357537,
              1.3375879889648
            ],
            [
              103.760168381298,
              1.33750908819475
            ],
            [
              103.760150960907,
              1.33738953710989
            ],
            [
              103.760131361339,
              1.33727589055065
            ],
            [
              103.760114475004,
              1.3372065045409
            ],
            [
              103.760096337609,
              1.33714617569682
            ],
            [
              103.760073041326,
              1.33706467101961
            ],
            [
              103.760060011752,
              1.33702054671905
            ],
            [
              103.760018385976,
              1.33690267340544
            ],
            [
              103.759960642143,
              1.33674568768147
            ],
            [
              103.75992924903,
              1.33666203218254
            ],
            [
              103.759917268546,
              1.3366323578375
            ],
            [
              103.759904894347,
              1.33660766200324
            ],
            [
              103.759893832137,
              1.33657978465658
            ],
            [
              103.759875626298,
              1.33655516551764
            ],
            [
              103.759855154365,
              1.33652831795795
            ],
            [
              103.759843767427,
              1.33651219642623
            ],
            [
              103.759824226306,
              1.33648849969779
            ],
            [
              103.759803864587,
              1.33647204599407
            ],
            [
              103.759781688735,
              1.33645380883013
            ],
            [
              103.759762247971,
              1.33643960340221
            ],
            [
              103.759736966609,
              1.33642457120956
            ],
            [
              103.759712162301,
              1.3364122448875
            ],
            [
              103.759680191071,
              1.33640091767091
            ],
            [
              103.759650010679,
              1.33638911481265
            ],
            [
              103.759611363018,
              1.33638284911776
            ],
            [
              103.759569605367,
              1.33637933711601
            ],
            [
              103.759310229146,
              1.33639495214832
            ]
          ]
        ]
      },
      "properties": {
        "Filter stage": "Filter 1+2",
        "Role": "Candidate",
        "UUID": "UUID_36049d31-03a3-4510-b7a6-4b3fec66e4e1",
        "Zone": "Business1",
        "Width m": 123.24486090879873,
        "Width diff": -0.18591148270210514,
        "Aspect ratio": 1.8942308022859968,
        "Aspect diff": 0.3639168223514995,
        "Final allowable GFA m²": 52996.02098743599,
        "GFA diff": -0.14094674075356994,
        "KG site area m²": 21198.408394974398,
        "Master Plan GPR": 2.5,
        "Master Plan GPR cap m²": 52996.02098743599,
        "Final GFA basis": "Master Plan GPR cap",
        "Width and aspect match": false,
        "GFA match": true,
        "Non-road context plots": 45,
        "Educational plots": 1,
        "B1-family plots": 15,
        "Business2 plots": 0,
        "Residential plots": 24,
        "Residential share": 0.5333333333333333,
        "Non-residential plots": 21,
        "Non-residential share": 0.4666666666666667,
        "Bordering road plots": 2,
        "Road type counts": "{\"Major Arterials/Minor Arterials\":1,\"Local Collector/Primary Access\":1}",
        "Context zone counts": "{\"Business1\":15,\"CivicAndCommunityInstitutionZone\":1,\"EducationalInstitution\":1,\"OpenSpace\":1,\"Park\":1,\"ReserveSite\":1,\"Residential\":24,\"TransportFacilities\":1}"
      }
    },
    {
      "type": "Feature",
      "id": "UUID_3aa251f9-6934-4f6a-9f8a-e20a0dc02170:Filter 1+2",
      "geometry": {
        "type": "Polygon",
        "coordinates": [
          [
            [
              103.820947601082,
              1.44116528694724
            ],
            [
              103.820610785593,
              1.44092029747165
            ],
            [
              103.82060908633,
              1.44092314892089
            ],
            [
              103.820608116734,
              1.44092476591776
            ],
            [
              103.820605305895,
              1.44092944869726
            ],
            [
              103.820599432607,
              1.44093921307924
            ],
            [
              103.820586223102,
              1.44096108323254
            ],
            [
              103.820575366148,
              1.44097895792015
            ],
            [
              103.820547784344,
              1.44102398332064
            ],
            [
              103.820538052445,
              1.44103973818587
            ],
            [
              103.820523172434,
              1.44106369650514
            ],
            [
              103.820519824229,
              1.44106906659792
            ],
            [
              103.820513356965,
              1.44107939439487
            ],
            [
              103.820513040655,
              1.44107991892403
            ],
            [
              103.820511659499,
              1.44108212646803
            ],
            [
              103.820489534931,
              1.44111728800368
            ],
            [
              103.820474111266,
              1.44114160173446
            ],
            [
              103.820376436451,
              1.44129195616593
            ],
            [
              103.820355274297,
              1.44132373990721
            ],
            [
              103.820329606536,
              1.44136192742182
            ],
            [
              103.82030016194,
              1.44140525350894
            ],
            [
              103.820272194652,
              1.44144593976653
            ],
            [
              103.820236581135,
              1.44149711117234
            ],
            [
              103.820181822841,
              1.44157443666472
            ],
            [
              103.820147963407,
              1.44162145433672
            ],
            [
              103.820099457614,
              1.44168778460947
            ],
            [
              103.820045894478,
              1.44175967307077
            ],
            [
              103.820012345968,
              1.44180399573861
            ],
            [
              103.81997155291,
              1.44185718112742
            ],
            [
              103.819924538815,
              1.44191753898712
            ],
            [
              103.819884099812,
              1.44196867327949
            ],
            [
              103.819866297558,
              1.44199095940828
            ],
            [
              103.819853184222,
              1.44200728852117
            ],
            [
              103.819848512377,
              1.44201308908211
            ],
            [
              103.819844363519,
              1.44201838048938
            ],
            [
              103.819842411749,
              1.44202101941101
            ],
            [
              103.81984013019,
              1.44202424164527
            ],
            [
              103.81983823503,
              1.442027041544
            ],
            [
              103.819835591331,
              1.44203115366996
            ],
            [
              103.819835254354,
              1.44203171166036
            ],
            [
              103.819835234584,
              1.44203174331297
            ],
            [
              103.819833641355,
              1.44203435781891
            ],
            [
              103.819831418201,
              1.44203821220374
            ],
            [
              103.819828992858,
              1.44204269512013
            ],
            [
              103.819826800254,
              1.44204703967025
            ],
            [
              103.819824758614,
              1.44205137969947
            ],
            [
              103.819823125839,
              1.44205508938961
            ],
            [
              103.81982137894,
              1.44205934079294
            ],
            [
              103.819819667983,
              1.44206384541831
            ],
            [
              103.819817406173,
              1.44207046625145
            ],
            [
              103.819816065438,
              1.44207485783357
            ],
            [
              103.81981491431,
              1.44207900523861
            ],
            [
              103.819813969862,
              1.44208273754195
            ],
            [
              103.819813406426,
              1.44208514766785
            ],
            [
              103.819812776492,
              1.44208804705411
            ],
            [
              103.819812788173,
              1.44208812030764
            ],
            [
              103.819812328079,
              1.44209026816868
            ],
            [
              103.819811642426,
              1.44209399414302
            ],
            [
              103.819810774348,
              1.44209954512222
            ],
            [
              103.819810048246,
              1.44210546056085
            ],
            [
              103.81980944165,
              1.44211259779553
            ],
            [
              103.819809136986,
              1.44211929189383
            ],
            [
              103.819809088422,
              1.44212596338454
            ],
            [
              103.819809222283,
              1.44213105585734
            ],
            [
              103.819809710176,
              1.44213881077898
            ],
            [
              103.819810430811,
              1.4421456739994
            ],
            [
              103.819811214356,
              1.44215122860593
            ],
            [
              103.819812281855,
              1.44215730684074
            ],
            [
              103.819813926244,
              1.44216489536636
            ],
            [
              103.819815480783,
              1.44217089944626
            ],
            [
              103.819817389368,
              1.44217729783084
            ],
            [
              103.819819306942,
              1.44218296729833
            ],
            [
              103.81982169448,
              1.44218926349267
            ],
            [
              103.819824294986,
              1.44219540504208
            ],
            [
              103.819827511927,
              1.44220221672867
            ],
            [
              103.819829966869,
              1.44220695651347
            ],
            [
              103.819831939271,
              1.44221052062258
            ],
            [
              103.81983274171,
              1.44221192239111
            ],
            [
              103.819835180481,
              1.4422159974685
            ],
            [
              103.819837542874,
              1.44221972074793
            ],
            [
              103.819839872918,
              1.44222319804026
            ],
            [
              103.819842869717,
              1.44222742324534
            ],
            [
              103.819844890648,
              1.44223013001794
            ],
            [
              103.819847563059,
              1.44223354671992
            ],
            [
              103.819849809538,
              1.44223628966842
            ],
            [
              103.819852109933,
              1.44223898468596
            ],
            [
              103.819854354616,
              1.44224151149152
            ],
            [
              103.819856967722,
              1.44224433221746
            ],
            [
              103.819859644629,
              1.44224709687324
            ],
            [
              103.819862034886,
              1.442249465416
            ],
            [
              103.819864997547,
              1.44225227710038
            ],
            [
              103.819868645836,
              1.44225556538851
            ],
            [
              103.819871990401,
              1.44225842048462
            ],
            [
              103.819874938687,
              1.44226082068342
            ],
            [
              103.819878321893,
              1.44226344516701
            ],
            [
              103.819881564021,
              1.44226583813263
            ],
            [
              103.819884024372,
              1.44226757814301
            ],
            [
              103.81988609743,
              1.44226899619762
            ],
            [
              103.819888775241,
              1.44227080041912
            ],
            [
              103.820030774787,
              1.44235874881971
            ],
            [
              103.820146698029,
              1.44242853653211
            ],
            [
              103.820253516852,
              1.44246868728318
            ],
            [
              103.8203989293,
              1.44255650726085
            ],
            [
              103.820449326045,
              1.44259818786267
            ],
            [
              103.820450298323,
              1.44259899184753
            ],
            [
              103.820505038873,
              1.44264426460548
            ],
            [
              103.820653698867,
              1.44273376037116
            ],
            [
              103.820722873743,
              1.44275432960596
            ],
            [
              103.820739172471,
              1.44276291120393
            ],
            [
              103.820756228728,
              1.44276954390223
            ],
            [
              103.820756331168,
              1.44276958007735
            ],
            [
              103.820774132373,
              1.44277424036243
            ],
            [
              103.820792127687,
              1.44277681789886
            ],
            [
              103.820792344249,
              1.44277684141351
            ],
            [
              103.820810624431,
              1.44277734162796
            ],
            [
              103.820810731364,
              1.44277733981981
            ],
            [
              103.820829056486,
              1.44277573829313
            ],
            [
              103.820829105909,
              1.44277573015413
            ],
            [
              103.820847081489,
              1.44277204949321
            ],
            [
              103.820847174943,
              1.44277202417154
            ],
            [
              103.82086457543,
              1.44276632768063
            ],
            [
              103.820864633839,
              1.44276630416749
            ],
            [
              103.820881309168,
              1.44275864249014
            ],
            [
              103.820881388245,
              1.44275859908111
            ],
            [
              103.820897067937,
              1.44274909611366
            ],
            [
              103.820897129042,
              1.44274905270455
            ],
            [
              103.820911647755,
              1.44273780883048
            ],
            [
              103.820911710657,
              1.44273775366464
            ],
            [
              103.820912263298,
              1.44273727525928
            ],
            [
              103.820914374115,
              1.44273538786384
            ],
            [
              103.820916451685,
              1.44273346429366
            ],
            [
              103.820918495108,
              1.44273150454874
            ],
            [
              103.820920505283,
              1.44272950953346
            ],
            [
              103.820922479514,
              1.44272747924779
            ],
            [
              103.8209244187,
              1.44272541459611
            ],
            [
              103.820924860813,
              1.44272493076395
            ],
            [
              103.820924916526,
              1.44272486745881
            ],
            [
              103.82093653458,
              1.44271062469862
            ],
            [
              103.820936578611,
              1.44271056320214
            ],
            [
              103.820946519887,
              1.44269507783701
            ],
            [
              103.820946563919,
              1.4426949964445
            ],
            [
              103.820947529023,
              1.44269326911513
            ],
            [
              103.820948870643,
              1.44269076946121
            ],
            [
              103.820950169131,
              1.44268824719797
            ],
            [
              103.820951424487,
              1.44268570142103
            ],
            [
              103.820952634913,
              1.44268313484347
            ],
            [
              103.82095379951,
              1.4426805474653
            ],
            [
              103.820954688235,
              1.44267849094712
            ],
            [
              103.820990848286,
              1.44259316081224
            ],
            [
              103.820991380263,
              1.44259190646269
            ],
            [
              103.820992092857,
              1.44259074616795
            ],
            [
              103.82113085559,
              1.44236483958141
            ],
            [
              103.82116011723,
              1.44225366359597
            ],
            [
              103.821201057868,
              1.44215705245017
            ],
            [
              103.821201396644,
              1.44215625480319
            ],
            [
              103.821226367196,
              1.44209732931107
            ],
            [
              103.82126790255,
              1.44202928430342
            ],
            [
              103.82142035246,
              1.44166953736773
            ],
            [
              103.821420386607,
              1.44166945778391
            ],
            [
              103.821459900233,
              1.44157621447568
            ],
            [
              103.821470338472,
              1.44155158237605
            ],
            [
              103.821472305527,
              1.44154694028744
            ],
            [
              103.821466962485,
              1.44154305511293
            ],
            [
              103.821466880713,
              1.44154299542449
            ],
            [
              103.82141710218,
              1.44150678805743
            ],
            [
              103.821417061743,
              1.44150675911757
            ],
            [
              103.821365367408,
              1.4414691581148
            ],
            [
              103.821365227228,
              1.4414690550166
            ],
            [
              103.821158240534,
              1.44131849996383
            ],
            [
              103.821158094961,
              1.4413183941525
            ],
            [
              103.820947601082,
              1.44116528694724
            ]
          ]
        ]
      },
      "properties": {
        "Filter stage": "Filter 1+2",
        "Role": "Candidate",
        "UUID": "UUID_3aa251f9-6934-4f6a-9f8a-e20a0dc02170",
        "Zone": "Business1",
        "Width m": 143.4671594635729,
        "Width diff": -0.052333977519200166,
        "Aspect ratio": 1.173733867455133,
        "Aspect diff": -0.15486784141944496,
        "Final allowable GFA m²": 53880.771924686924,
        "GFA diff": -0.12660513241948515,
        "KG site area m²": 21552.30876987477,
        "Master Plan GPR": 2.5,
        "Master Plan GPR cap m²": 53880.771924686924,
        "Final GFA basis": "Master Plan GPR cap",
        "Width and aspect match": true,
        "GFA match": true,
        "Non-road context plots": 30,
        "Educational plots": 1,
        "B1-family plots": 3,
        "Business2 plots": 6,
        "Residential plots": 11,
        "Residential share": 0.36666666666666664,
        "Non-residential plots": 19,
        "Non-residential share": 0.6333333333333333,
        "Bordering road plots": 3,
        "Road type counts": "{\"no category\":1,\"Local Access\":1,\"Major Arterials/Minor Arterials\":1}",
        "Context zone counts": "{\"Business1\":3,\"Business2\":6,\"EducationalInstitution\":1,\"OpenSpace\":3,\"Park\":3,\"Residential\":11,\"Utility\":1,\"Waterbody\":2}"
      }
    },
    {
      "type": "Feature",
      "id": "UUID_7e4617a7-5812-4a68-b11a-c135a65fce4a:Filter 1+2+3",
      "geometry": {
        "type": "Polygon",
        "coordinates": [
          [
            [
              103.848027983916,
              1.3365035909214
            ],
            [
              103.848028176983,
              1.33723868552003
            ],
            [
              103.848028083706,
              1.33787189712492
            ],
            [
              103.84802808371,
              1.33787270833986
            ],
            [
              103.848191654343,
              1.33782726303264
            ],
            [
              103.848369326949,
              1.33778217937336
            ],
            [
              103.848547708535,
              1.33774091211496
            ],
            [
              103.848708379575,
              1.33770746770816
            ],
            [
              103.84883740343,
              1.33768191859427
            ],
            [
              103.849572836657,
              1.33753625686252
            ],
            [
              103.849573965236,
              1.33753473752266
            ],
            [
              103.849574500772,
              1.33753401854933
            ],
            [
              103.849658154022,
              1.33742146530789
            ],
            [
              103.849658015634,
              1.33741991432372
            ],
            [
              103.84965473026,
              1.33738289508954
            ],
            [
              103.849662896858,
              1.33718659277347
            ],
            [
              103.849696717312,
              1.33699321228682
            ],
            [
              103.849755481776,
              1.336805836612
            ],
            [
              103.849838282725,
              1.33662810129869
            ],
            [
              103.849917229206,
              1.33650369638315
            ],
            [
              103.848029167317,
              1.33650359091428
            ],
            [
              103.848027983916,
              1.3365035909214
            ]
          ]
        ]
      },
      "properties": {
        "Filter stage": "Filter 1+2+3",
        "Role": "Reference",
        "UUID": "UUID_7e4617a7-5812-4a68-b11a-c135a65fce4a",
        "Zone": "Business1",
        "Width m": 151.3900003378876,
        "Width diff": 0,
        "Aspect ratio": 1.388816950743517,
        "Aspect diff": 0,
        "Final allowable GFA m²": 61691.193668160486,
        "GFA diff": 0,
        "KG site area m²": 24676.477467264194,
        "Master Plan GPR": 2.5,
        "Master Plan GPR cap m²": 61691.193668160486,
        "Final GFA basis": "Master Plan GPR cap",
        "Width and aspect match": true,
        "GFA match": true,
        "Non-road context plots": 10,
        "Educational plots": 1,
        "B1-family plots": 0,
        "Business2 plots": 0,
        "Residential plots": 5,
        "Residential share": 0.5,
        "Non-residential plots": 5,
        "Non-residential share": 0.5,
        "Bordering road plots": 3,
        "Road type counts": "{\"Local Collector/Primary Access\":3}",
        "Context zone counts": "{\"CivicAndCommunityInstitutionZone\":1,\"Commercial\":2,\"EducationalInstitution\":1,\"PlaceOfWorship\":1,\"Residential\":5}"
      }
    },
    {
      "type": "Feature",
      "id": "UUID_7e4617a7-5812-4a68-b11a-c135a65fce4a:Filter 1+2+3+4",
      "geometry": {
        "type": "Polygon",
        "coordinates": [
          [
            [
              103.848027983916,
              1.3365035909214
            ],
            [
              103.848028176983,
              1.33723868552003
            ],
            [
              103.848028083706,
              1.33787189712492
            ],
            [
              103.84802808371,
              1.33787270833986
            ],
            [
              103.848191654343,
              1.33782726303264
            ],
            [
              103.848369326949,
              1.33778217937336
            ],
            [
              103.848547708535,
              1.33774091211496
            ],
            [
              103.848708379575,
              1.33770746770816
            ],
            [
              103.84883740343,
              1.33768191859427
            ],
            [
              103.849572836657,
              1.33753625686252
            ],
            [
              103.849573965236,
              1.33753473752266
            ],
            [
              103.849574500772,
              1.33753401854933
            ],
            [
              103.849658154022,
              1.33742146530789
            ],
            [
              103.849658015634,
              1.33741991432372
            ],
            [
              103.84965473026,
              1.33738289508954
            ],
            [
              103.849662896858,
              1.33718659277347
            ],
            [
              103.849696717312,
              1.33699321228682
            ],
            [
              103.849755481776,
              1.336805836612
            ],
            [
              103.849838282725,
              1.33662810129869
            ],
            [
              103.849917229206,
              1.33650369638315
            ],
            [
              103.848029167317,
              1.33650359091428
            ],
            [
              103.848027983916,
              1.3365035909214
            ]
          ]
        ]
      },
      "properties": {
        "Filter stage": "Filter 1+2+3+4",
        "Role": "Reference",
        "UUID": "UUID_7e4617a7-5812-4a68-b11a-c135a65fce4a",
        "Zone": "Business1",
        "Width m": 151.3900003378876,
        "Width diff": 0,
        "Aspect ratio": 1.388816950743517,
        "Aspect diff": 0,
        "Final allowable GFA m²": 61691.193668160486,
        "GFA diff": 0,
        "KG site area m²": 24676.477467264194,
        "Master Plan GPR": 2.5,
        "Master Plan GPR cap m²": 61691.193668160486,
        "Final GFA basis": "Master Plan GPR cap",
        "Width and aspect match": true,
        "GFA match": true,
        "Non-road context plots": 10,
        "Educational plots": 1,
        "B1-family plots": 0,
        "Business2 plots": 0,
        "Residential plots": 5,
        "Residential share": 0.5,
        "Non-residential plots": 5,
        "Non-residential share": 0.5,
        "Bordering road plots": 3,
        "Road type counts": "{\"Local Collector/Primary Access\":3}",
        "Context zone counts": "{\"CivicAndCommunityInstitutionZone\":1,\"Commercial\":2,\"EducationalInstitution\":1,\"PlaceOfWorship\":1,\"Residential\":5}"
      }
    }
  ]
}