{
  "type": "FeatureCollection",
  "name": "SITE1-like similar plots",
  "rule": "Business1 AND [(width AND aspect ratio) OR selected GFA] AND non-road context AND bordering roads",
  "filter_counts": [
    {
      "filter": 1,
      "name": "Business1",
      "input": 1510,
      "passed": 1510
    },
    {
      "filter": 2,
      "name": "(Width AND aspect ratio) OR final allowable GFA",
      "input": 1510,
      "passed": 68
    },
    {
      "filter": 3,
      "name": "Non-road context",
      "input": 68,
      "passed": 42
    },
    {
      "filter": 4,
      "name": "Bordering road similarity",
      "input": 42,
      "passed": 8
    }
  ],
  "features": [
    {
      "type": "Feature",
      "id": "UUID_48f0a6c8-3051-44ac-aae6-b47ab34effa1:Filter 1+2",
      "geometry": {
        "type": "Polygon",
        "coordinates": [
          [
            [
              103.84305028,
              1.34847393780289
            ],
            [
              103.842667751284,
              1.34802935465617
            ],
            [
              103.842569349294,
              1.34791456315106
            ],
            [
              103.842564189123,
              1.34798678661927
            ],
            [
              103.842562772165,
              1.34800661843247
            ],
            [
              103.842494194115,
              1.3480663790952
            ],
            [
              103.84243730612,
              1.34806225540806
            ],
            [
              103.841623282955,
              1.34877185884688
            ],
            [
              103.841615070481,
              1.34888665889648
            ],
            [
              103.842028267216,
              1.34936674834874
            ],
            [
              103.842194321094,
              1.34922160629829
            ],
            [
              103.84236037585,
              1.34907649136733
            ],
            [
              103.842434380333,
              1.34901160294193
            ],
            [
              103.842608278588,
              1.34885966905652
            ],
            [
              103.842819386171,
              1.34867531354798
            ],
            [
              103.84305028,
              1.34847393780289
            ]
          ]
        ]
      },
      "properties": {
        "Filter stage": "Filter 1+2",
        "Role": "Candidate",
        "UUID": "UUID_48f0a6c8-3051-44ac-aae6-b47ab34effa1",
        "Zone": "Business1",
        "Width m": 81.79475932676723,
        "Width diff": -0.12913738478255055,
        "Aspect ratio": 1.8428034628365686,
        "Aspect diff": -0.1982719407093401,
        "Final allowable GFA m²": 29765.364710375743,
        "GFA diff": -0.3949765159318243,
        "KG site area m²": 11906.145884150297,
        "Master Plan GPR": 2.5,
        "Master Plan GPR cap m²": 29765.364710375743,
        "Final GFA basis": "Master Plan GPR cap",
        "Width and aspect match": true,
        "GFA match": false,
        "Non-road context plots": 67,
        "Educational plots": 0,
        "B1-family plots": 16,
        "Business2 plots": 0,
        "Residential plots": 49,
        "Residential share": 0.7313432835820896,
        "Non-residential plots": 18,
        "Non-residential share": 0.26865671641791045,
        "Bordering road plots": 3,
        "Road type counts": "{\"Local Access\":2,\"Local Collector/Primary Access\":1}",
        "Context zone counts": "{\"Business1\":16,\"Park\":1,\"Residential\":46,\"ResidentialWithCommercialAtFirstStorey\":3,\"Utility\":1}",
        "Short address": "40 Jalan Pemimpin",
        "Full address": "40 Jalan Pemimpin, Bishan, Singapore 577185",
        "Address feature type": "address",
        "Address source": "Mapbox Geocoding v6"
      }
    },
    {
      "type": "Feature",
      "id": "UUID_49926b7a-208a-486c-9ec3-1241d86a7339:Filter 1+2",
      "geometry": {
        "type": "Polygon",
        "coordinates": [
          [
            [
              103.804769984215,
              1.28550566307535
            ],
            [
              103.805084032489,
              1.28529441511382
            ],
            [
              103.805188383375,
              1.28522402865658
            ],
            [
              103.80518838346,
              1.28521620318798
            ],
            [
              103.80523167893,
              1.2851949727997
            ],
            [
              103.805288294399,
              1.28516927318703
            ],
            [
              103.805307160175,
              1.28516593448057
            ],
            [
              103.805330483619,
              1.28516144818424
            ],
            [
              103.805368232218,
              1.28515699822124
            ],
            [
              103.805410404304,
              1.28515475495647
            ],
            [
              103.805495888723,
              1.28515028833334
            ],
            [
              103.806027642148,
              1.28511901213102
            ],
            [
              103.806067602052,
              1.28511454318971
            ],
            [
              103.80612200604,
              1.28510447638451
            ],
            [
              103.806149752141,
              1.28509555602735
            ],
            [
              103.80619859256,
              1.28506761439047
            ],
            [
              103.806247451043,
              1.285030751194
            ],
            [
              103.806272968906,
              1.28500839014191
            ],
            [
              103.80628518383,
              1.28499164414892
            ],
            [
              103.806304067051,
              1.28495253961573
            ],
            [
              103.806320722164,
              1.28488773301075
            ],
            [
              103.806317390706,
              1.28468548806402
            ],
            [
              103.806290750272,
              1.28465085060816
            ],
            [
              103.806231906681,
              1.28465420517423
            ],
            [
              103.806231779986,
              1.28465421421652
            ],
            [
              103.805858261204,
              1.28469137869156
            ],
            [
              103.805581872084,
              1.2847060363436
            ],
            [
              103.805224404035,
              1.28473077854546
            ],
            [
              103.805224404108,
              1.28472406725426
            ],
            [
              103.805095625348,
              1.28473083047402
            ],
            [
              103.804886925039,
              1.28474209743413
            ],
            [
              103.80487693952,
              1.28474656578871
            ],
            [
              103.80486805934,
              1.28473875921222
            ],
            [
              103.804358446235,
              1.28506810411412
            ],
            [
              103.804356920503,
              1.28506912874201
            ],
            [
              103.804073848711,
              1.28525815672764
            ],
            [
              103.803877892772,
              1.28538903775046
            ],
            [
              103.803869370583,
              1.28542722807211
            ],
            [
              103.803966136984,
              1.28558826490959
            ],
            [
              103.804158986332,
              1.28588400436764
            ],
            [
              103.80419619119,
              1.28589159874636
            ],
            [
              103.804711925529,
              1.28554471651034
            ],
            [
              103.804769984215,
              1.28550566307535
            ]
          ]
        ]
      },
      "properties": {
        "Filter stage": "Filter 1+2",
        "Role": "Candidate",
        "UUID": "UUID_49926b7a-208a-486c-9ec3-1241d86a7339",
        "Zone": "Business1",
        "Width m": 90.09850703064876,
        "Width diff": -0.040728011113280706,
        "Aspect ratio": 3.144465996671435,
        "Aspect diff": 0.3680279377901511,
        "Final allowable GFA m²": 39860.48018582733,
        "GFA diff": -0.1897788979466767,
        "KG site area m²": 15944.192074330931,
        "Master Plan GPR": 2.5,
        "Master Plan GPR cap m²": 39860.48018582733,
        "Final GFA basis": "Master Plan GPR cap",
        "Width and aspect match": false,
        "GFA match": true,
        "Non-road context plots": 5,
        "Educational plots": 0,
        "B1-family plots": 2,
        "Business2 plots": 0,
        "Residential plots": 1,
        "Residential share": 0.2,
        "Non-residential plots": 4,
        "Non-residential share": 0.8,
        "Bordering road plots": 2,
        "Road type counts": "{\"Local Access\":2}",
        "Context zone counts": "{\"Business1\":2,\"Commercial\":1,\"CommercialAndResidential\":1,\"Park\":1}",
        "Short address": "1007 Bukit Merah Lane 3",
        "Full address": "1007 Bukit Merah Lane 3, Bukit Merah, Singapore 159721",
        "Address feature type": "address",
        "Address source": "Mapbox Geocoding v6"
      }
    },
    {
      "type": "Feature",
      "id": "UUID_474cec7b-cece-4e50-a5e2-d87704638bea:Filter 1+2",
      "geometry": {
        "type": "Polygon",
        "coordinates": [
          [
            [
              103.754468939836,
              1.34143750967402
            ],
            [
              103.753929462111,
              1.34174268771099
            ],
            [
              103.753879455372,
              1.34177442924041
            ],
            [
              103.753835686198,
              1.34181336066349
            ],
            [
              103.753796543539,
              1.34185737476061
            ],
            [
              103.753763304241,
              1.34190670670832
            ],
            [
              103.753737019663,
              1.34195994482969
            ],
            [
              103.753717339407,
              1.34201591615385
            ],
            [
              103.753705674222,
              1.34207422009415
            ],
            [
              103.753702590248,
              1.34213347389728
            ],
            [
              103.753706146628,
              1.34219265556887
            ],
            [
              103.75371566048,
              1.3422511410756
            ],
            [
              103.753732415875,
              1.34230797183411
            ],
            [
              103.753758059933,
              1.34236131204004
            ],
            [
              103.75399717975,
              1.34278899341431
            ],
            [
              103.754028942578,
              1.34282780069429
            ],
            [
              103.75407364518,
              1.342850628291
            ],
            [
              103.754123676852,
              1.34285448160759
            ],
            [
              103.754171301012,
              1.34283881144282
            ],
            [
              103.754176189265,
              1.34283604424943
            ],
            [
              103.754246601673,
              1.34279613697613
            ],
            [
              103.75487622473,
              1.34243932263137
            ],
            [
              103.754968776977,
              1.34239141243214
            ],
            [
              103.755065841455,
              1.34235389351278
            ],
            [
              103.755165771164,
              1.34232493900526
            ],
            [
              103.755267893053,
              1.34230551655677
            ],
            [
              103.7553715332,
              1.34229578893094
            ],
            [
              103.755470500531,
              1.34229571975475
            ],
            [
              103.75547547855,
              1.34229571991424
            ],
            [
              103.755516174178,
              1.34229970946141
            ],
            [
              103.755370556675,
              1.34220405929437
            ],
            [
              103.755124134928,
              1.34197573573041
            ],
            [
              103.754954643555,
              1.34182631130963
            ],
            [
              103.754620065781,
              1.3415220183092
            ],
            [
              103.754502977859,
              1.34141857340307
            ],
            [
              103.754468939836,
              1.34143750967402
            ]
          ]
        ]
      },
      "properties": {
        "Filter stage": "Filter 1+2",
        "Role": "Candidate",
        "UUID": "UUID_474cec7b-cece-4e50-a5e2-d87704638bea",
        "Zone": "Business1",
        "Width m": 140.21370636342908,
        "Width diff": 0.4928447252369146,
        "Aspect ratio": 1.2402589699882782,
        "Aspect diff": -0.46041428883796254,
        "Final allowable GFA m²": 42363.79945987449,
        "GFA diff": -0.13889536389103393,
        "KG site area m²": 16945.519783949796,
        "Master Plan GPR": 2.5,
        "Master Plan GPR cap m²": 42363.79945987449,
        "Final GFA basis": "Master Plan GPR cap",
        "Width and aspect match": false,
        "GFA match": true,
        "Non-road context plots": 25,
        "Educational plots": 0,
        "B1-family plots": 10,
        "Business2 plots": 0,
        "Residential plots": 2,
        "Residential share": 0.08,
        "Non-residential plots": 23,
        "Non-residential share": 0.92,
        "Bordering road plots": 2,
        "Road type counts": "{\"Local Collector/Primary Access\":2}",
        "Context zone counts": "{\"Business1\":10,\"Cemetery\":1,\"CivicAndCommunityInstitutionZone\":2,\"Park\":1,\"PlaceOfWorship\":2,\"Residential\":2,\"TransportFacilities\":3,\"Utility\":2,\"Waterbody\":2}",
        "Short address": "2 Bukit Batok Street 24",
        "Full address": "2 Bukit Batok Street 24, Bukit Batok, Singapore 659480",
        "Address feature type": "address",
        "Address source": "Mapbox Geocoding v6"
      }
    },
    {
      "type": "Feature",
      "id": "UUID_2eecfd73-7407-4429-a177-5432b2c350a3:Filter 1+2",
      "geometry": {
        "type": "Polygon",
        "coordinates": [
          [
            [
              103.695458503532,
              1.33438251573373
            ],
            [
              103.69545927263,
              1.33402859916573
            ],
            [
              103.695459357641,
              1.33363127770753
            ],
            [
              103.695459323182,
              1.33360463429892
            ],
            [
              103.694348332327,
              1.33360840591795
            ],
            [
              103.694346901707,
              1.33396294282481
            ],
            [
              103.693946254136,
              1.3339644574356
            ],
            [
              103.693855310441,
              1.3339821234808
            ],
            [
              103.693777564616,
              1.33403339636234
            ],
            [
              103.693552589641,
              1.33426137313381
            ],
            [
              103.69355001864,
              1.33445657406507
            ],
            [
              103.693550019535,
              1.33445664279663
            ],
            [
              103.693880624772,
              1.33444038497486
            ],
            [
              103.694006419855,
              1.3344381791745
            ],
            [
              103.694426350443,
              1.33442144162989
            ],
            [
              103.694775928484,
              1.33440841514463
            ],
            [
              103.695166056942,
              1.33438752837881
            ],
            [
              103.695453526433,
              1.33438260136741
            ],
            [
              103.695458503532,
              1.33438251573373
            ]
          ]
        ]
      },
      "properties": {
        "Filter stage": "Filter 1+2",
        "Role": "Candidate",
        "UUID": "UUID_2eecfd73-7407-4429-a177-5432b2c350a3",
        "Zone": "Business1",
        "Width m": 90.29815365147806,
        "Width diff": -0.03860238864350675,
        "Aspect ratio": 2.391644649307518,
        "Aspect diff": 0.04050630567556005,
        "Final allowable GFA m²": 37709.01776772537,
        "GFA diff": -0.2335104396464847,
        "KG site area m²": 15083.607107090145,
        "Master Plan GPR": 2.5,
        "Master Plan GPR cap m²": 37709.01776772537,
        "Final GFA basis": "Master Plan GPR cap",
        "Width and aspect match": true,
        "GFA match": false,
        "Non-road context plots": 9,
        "Educational plots": 0,
        "B1-family plots": 3,
        "Business2 plots": 3,
        "Residential plots": 0,
        "Residential share": 0,
        "Non-residential plots": 9,
        "Non-residential share": 1,
        "Bordering road plots": 1,
        "Road type counts": "{\"Local Access\":1}",
        "Context zone counts": "{\"Business1\":3,\"Business2\":3,\"CivicAndCommunityInstitutionZone\":2,\"Waterbody\":1}",
        "Short address": "Near Upper Jurong Road",
        "Full address": "Upper Jurong Road, Singapore",
        "Address feature type": "street",
        "Address source": "Mapbox Geocoding v6"
      }
    },
    {
      "type": "Feature",
      "id": "UUID_1c72a64d-997a-471b-879b-8b23334d8982:Filter 1+2",
      "geometry": {
        "type": "Polygon",
        "coordinates": [
          [
            [
              103.892520913197,
              1.33348774330255
            ],
            [
              103.892520734382,
              1.33348766281846
            ],
            [
              103.891379538946,
              1.33299370659974
            ],
            [
              103.891318582849,
              1.332962540945
            ],
            [
              103.891306693075,
              1.3329592412021
            ],
            [
              103.891241629985,
              1.33294118801769
            ],
            [
              103.891241618303,
              1.33294115998269
            ],
            [
              103.891186390875,
              1.33292581875194
            ],
            [
              103.891185455472,
              1.33292560082231
            ],
            [
              103.891184521867,
              1.33292538470137
            ],
            [
              103.891182616921,
              1.33292511343716
            ],
            [
              103.891181659958,
              1.33292505919795
            ],
            [
              103.891180703893,
              1.33292500495869
            ],
            [
              103.891178780085,
              1.33292506830966
            ],
            [
              103.891177827618,
              1.33292517685587
            ],
            [
              103.89117687515,
              1.33292528540207
            ],
            [
              103.891174987293,
              1.33292567432325
            ],
            [
              103.891174067177,
              1.33292594474986
            ],
            [
              103.891173146163,
              1.33292621698523
            ],
            [
              103.891171358053,
              1.33292692243149
            ],
            [
              103.891170499941,
              1.33292735202471
            ],
            [
              103.89116964183,
              1.33292778252229
            ],
            [
              103.891167997495,
              1.33292877645731
            ],
            [
              103.891167219359,
              1.33292934622508
            ],
            [
              103.891166443019,
              1.33292991508844
            ],
            [
              103.891164987388,
              1.33293118213694
            ],
            [
              103.891164318878,
              1.33293187399128
            ],
            [
              103.89116364947,
              1.33293256584564
            ],
            [
              103.891162435555,
              1.33293406711872
            ],
            [
              103.891161891048,
              1.33293486387636
            ],
            [
              103.891161348339,
              1.33293565882524
            ],
            [
              103.891160404894,
              1.33293734096475
            ],
            [
              103.89115960522,
              1.33293910449364
            ],
            [
              103.891159281761,
              1.33294001338721
            ],
            [
              103.891158958302,
              1.33294092228076
            ],
            [
              103.891088678542,
              1.33316915830833
            ],
            [
              103.891055757731,
              1.33326777185093
            ],
            [
              103.891018263226,
              1.33336471061867
            ],
            [
              103.890976266907,
              1.33345976931901
            ],
            [
              103.890959238305,
              1.33349598317182
            ],
            [
              103.890958913044,
              1.33349667863547
            ],
            [
              103.890951363745,
              1.3335127303717
            ],
            [
              103.890951156189,
              1.33351316808881
            ],
            [
              103.890950679079,
              1.33351418641401
            ],
            [
              103.891026274743,
              1.33355711570034
            ],
            [
              103.891105947215,
              1.33360236006
            ],
            [
              103.891215032521,
              1.33366380088197
            ],
            [
              103.891228984593,
              1.33367164862335
            ],
            [
              103.891277092149,
              1.33369867711815
            ],
            [
              103.891301533128,
              1.33370890670561
            ],
            [
              103.891310009296,
              1.33371245432502
            ],
            [
              103.891351803371,
              1.33372994825731
            ],
            [
              103.891356209037,
              1.33373179215118
            ],
            [
              103.891373884718,
              1.33373919033441
            ],
            [
              103.891421868883,
              1.33375377568363
            ],
            [
              103.891422399934,
              1.33375393664782
            ],
            [
              103.891428342131,
              1.33375573980867
            ],
            [
              103.891582481634,
              1.33380241399043
            ],
            [
              103.891632850585,
              1.33381763775963
            ],
            [
              103.891699881592,
              1.33383790657741
            ],
            [
              103.891715296441,
              1.33384256549321
            ],
            [
              103.891818597062,
              1.33387433423957
            ],
            [
              103.891818827082,
              1.33387386758221
            ],
            [
              103.891818943895,
              1.33387390194526
            ],
            [
              103.891974097938,
              1.33392292380652
            ],
            [
              103.892106806865,
              1.33396889035098
            ],
            [
              103.892259989747,
              1.33402890840371
            ],
            [
              103.892285057018,
              1.3340387300977
            ],
            [
              103.89228532479,
              1.33403883409311
            ],
            [
              103.892285567403,
              1.33403892994986
            ],
            [
              103.892520798188,
              1.33348801190146
            ],
            [
              103.892520913197,
              1.33348774330255
            ]
          ]
        ]
      },
      "properties": {
        "Filter stage": "Filter 1+2",
        "Role": "Candidate",
        "UUID": "UUID_1c72a64d-997a-471b-879b-8b23334d8982",
        "Zone": "Business1",
        "Width m": 76.60817538376432,
        "Width diff": -0.18435855168645793,
        "Aspect ratio": 2.1295821473319423,
        "Aspect diff": -0.0735063198479064,
        "Final allowable GFA m²": 28935.865699921567,
        "GFA diff": -0.4118372662105248,
        "KG site area m²": 11574.346279968628,
        "Master Plan GPR": 2.5,
        "Master Plan GPR cap m²": 28935.865699921567,
        "Final GFA basis": "Master Plan GPR cap",
        "Width and aspect match": true,
        "GFA match": false,
        "Non-road context plots": 16,
        "Educational plots": 0,
        "B1-family plots": 11,
        "Business2 plots": 0,
        "Residential plots": 0,
        "Residential share": 0,
        "Non-residential plots": 16,
        "Non-residential share": 1,
        "Bordering road plots": 3,
        "Road type counts": "{\"Local Collector/Primary Access\":3}",
        "Context zone counts": "{\"Business1\":11,\"CivicAndCommunityInstitutionZone\":1,\"Utility\":2,\"Waterbody\":2}",
        "Short address": "81 Ubi Avenue 4",
        "Full address": "81 Ubi Avenue 4, Geylang, Singapore 408830",
        "Address feature type": "address",
        "Address source": "Mapbox Geocoding v6"
      }
    },
    {
      "type": "Feature",
      "id": "UUID_8e9f5227-0372-49d0-8b26-b9563bc19ca8:Filter 1+2",
      "geometry": {
        "type": "Polygon",
        "coordinates": [
          [
            [
              103.931831259935,
              1.36969528664856
            ],
            [
              103.931889437063,
              1.3697436314847
            ],
            [
              103.931988895525,
              1.36981817942995
            ],
            [
              103.932029759976,
              1.36984571468378
            ],
            [
              103.932035001474,
              1.36984924600381
            ],
            [
              103.932086603224,
              1.36988401661937
            ],
            [
              103.932197776027,
              1.3699289470874
            ],
            [
              103.93222108799,
              1.36993836867679
            ],
            [
              103.932254971047,
              1.36995576449914
            ],
            [
              103.932259890816,
              1.36995829108478
            ],
            [
              103.932373253085,
              1.3700164929791
            ],
            [
              103.932426251068,
              1.37004757824962
            ],
            [
              103.932437153669,
              1.37005397164174
            ],
            [
              103.932512621815,
              1.37009822802077
            ],
            [
              103.932516743651,
              1.37010064521116
            ],
            [
              103.932533390045,
              1.37011040711541
            ],
            [
              103.932579391203,
              1.37012765953848
            ],
            [
              103.93261751535,
              1.37014113024338
            ],
            [
              103.932654872982,
              1.3701537427392
            ],
            [
              103.932660953408,
              1.37014910310378
            ],
            [
              103.932666184698,
              1.37014473119518
            ],
            [
              103.932671593014,
              1.37014058265681
            ],
            [
              103.932685985759,
              1.37012758636112
            ],
            [
              103.932698754722,
              1.37011297041913
            ],
            [
              103.932709720199,
              1.37009694374622
            ],
            [
              103.93272045543,
              1.37007574503133
            ],
            [
              103.932728042917,
              1.37005321160817
            ],
            [
              103.932729316888,
              1.37004837050027
            ],
            [
              103.932731465927,
              1.37004016693454
            ],
            [
              103.932769468919,
              1.36988297531612
            ],
            [
              103.932803579466,
              1.36972966900294
            ],
            [
              103.932804613527,
              1.36972502234307
            ],
            [
              103.932818516305,
              1.3696625366153
            ],
            [
              103.932826885058,
              1.36962819127519
            ],
            [
              103.932834006071,
              1.36960286067676
            ],
            [
              103.932851511547,
              1.36954854843039
            ],
            [
              103.932864297482,
              1.3695097697186
            ],
            [
              103.932883714922,
              1.36945087679398
            ],
            [
              103.932910783523,
              1.36936650945477
            ],
            [
              103.932932304974,
              1.36927527280654
            ],
            [
              103.932945293173,
              1.36921689744592
            ],
            [
              103.932956116223,
              1.3691682549295
            ],
            [
              103.932965527808,
              1.36912413157356
            ],
            [
              103.932976391425,
              1.36907870858736
            ],
            [
              103.932989409439,
              1.36902428076946
            ],
            [
              103.933005542251,
              1.36895682637773
            ],
            [
              103.933012293829,
              1.36892859640686
            ],
            [
              103.933021329174,
              1.36889081717236
            ],
            [
              103.933028685381,
              1.36885999527202
            ],
            [
              103.933042425661,
              1.36880119302025
            ],
            [
              103.933168304189,
              1.36825425799799
            ],
            [
              103.933187891794,
              1.36818208539935
            ],
            [
              103.93318952965,
              1.36817642492324
            ],
            [
              103.933222553098,
              1.3680717136882
            ],
            [
              103.933190403868,
              1.36806560696763
            ],
            [
              103.933064981615,
              1.36804178406253
            ],
            [
              103.932759997051,
              1.36798385426603
            ],
            [
              103.932736796734,
              1.36797944736833
            ],
            [
              103.932603071652,
              1.36795404757539
            ],
            [
              103.932595989202,
              1.36797750523607
            ],
            [
              103.932576985119,
              1.36803674179942
            ],
            [
              103.932561386946,
              1.36808230696641
            ],
            [
              103.932525804886,
              1.36826581725225
            ],
            [
              103.932458106521,
              1.36841368340822
            ],
            [
              103.932340798357,
              1.36858782788906
            ],
            [
              103.932284117015,
              1.36870629183996
            ],
            [
              103.932188148219,
              1.3689068654356
            ],
            [
              103.931983790724,
              1.36933397015728
            ],
            [
              103.931946604832,
              1.36941168812645
            ],
            [
              103.931946098981,
              1.36941274534768
            ],
            [
              103.931932818368,
              1.36944050079617
            ],
            [
              103.931923924195,
              1.3694590903446
            ],
            [
              103.931921385056,
              1.36946439725146
            ],
            [
              103.931906846554,
              1.36949478173497
            ],
            [
              103.931848007892,
              1.36961775492064
            ],
            [
              103.931840695962,
              1.36963303533938
            ],
            [
              103.931834324134,
              1.36965320289656
            ],
            [
              103.93183115304,
              1.36967412365571
            ],
            [
              103.931831259935,
              1.36969528664856
            ]
          ]
        ]
      },
      "properties": {
        "Filter stage": "Filter 1+2",
        "Role": "Candidate",
        "UUID": "UUID_8e9f5227-0372-49d0-8b26-b9563bc19ca8",
        "Zone": "Business1",
        "Width m": 107.51712723940727,
        "Width diff": 0.1447267206242188,
        "Aspect ratio": 2.2203620531256063,
        "Aspect diff": -0.03401171330830612,
        "Final allowable GFA m²": 50132.812245401285,
        "GFA diff": 0.019020899827082854,
        "KG site area m²": 20053.124898160513,
        "Master Plan GPR": 2.5,
        "Master Plan GPR cap m²": 50132.812245401285,
        "Final GFA basis": "Master Plan GPR cap",
        "Width and aspect match": true,
        "GFA match": true,
        "Non-road context plots": 14,
        "Educational plots": 0,
        "B1-family plots": 1,
        "Business2 plots": 2,
        "Residential plots": 3,
        "Residential share": 0.21428571428571427,
        "Non-residential plots": 11,
        "Non-residential share": 0.7857142857142857,
        "Bordering road plots": 2,
        "Road type counts": "{\"no category\":1,\"Local Access\":1}",
        "Context zone counts": "{\"Business1\":1,\"Business2\":2,\"OpenSpace\":2,\"Park\":1,\"PlaceOfWorship\":1,\"Residential\":3,\"TransportFacilities\":1,\"Waterbody\":3}",
        "Short address": "662 Tampines Street 64",
        "Full address": "662 Tampines Street 64, Tampines, Singapore 520662",
        "Address feature type": "address",
        "Address source": "Mapbox Geocoding v6"
      }
    },
    {
      "type": "Feature",
      "id": "UUID_a5425b8e-fe16-4970-b500-b474e984cf49:Filter 1+2",
      "geometry": {
        "type": "Polygon",
        "coordinates": [
          [
            [
              103.890690477563,
              1.32227824398035
            ],
            [
              103.891175462104,
              1.32009449249265
            ],
            [
              103.891175704688,
              1.32009342171977
            ],
            [
              103.891176061377,
              1.32009185716136
            ],
            [
              103.891152216985,
              1.32007351178736
            ],
            [
              103.891096676869,
              1.32004597519654
            ],
            [
              103.891038261649,
              1.32002974412836
            ],
            [
              103.890797385232,
              1.31995723329801
            ],
            [
              103.890800242661,
              1.31995873990233
            ],
            [
              103.890800366663,
              1.31995880591803
            ],
            [
              103.890800427765,
              1.31995884028245
            ],
            [
              103.89080130566,
              1.31995930239214
            ],
            [
              103.890804385034,
              1.31996092655864
            ],
            [
              103.890816848171,
              1.31997071148941
            ],
            [
              103.890831486014,
              1.31998971636255
            ],
            [
              103.890843877546,
              1.32001165414095
            ],
            [
              103.890848932327,
              1.32003030743929
            ],
            [
              103.890850125968,
              1.32004616815084
            ],
            [
              103.890850120578,
              1.32004620975172
            ],
            [
              103.890849072278,
              1.32005970017687
            ],
            [
              103.890846694074,
              1.32007111873461
            ],
            [
              103.890846685989,
              1.32007118023156
            ],
            [
              103.890892525888,
              1.32008350926572
            ],
            [
              103.890839765899,
              1.32029092099683
            ],
            [
              103.890826980663,
              1.32034121208304
            ],
            [
              103.890810915109,
              1.32040441394881
            ],
            [
              103.890799614145,
              1.32044887275565
            ],
            [
              103.890786520732,
              1.32050037569686
            ],
            [
              103.890768668118,
              1.32057060451373
            ],
            [
              103.890744344717,
              1.32066628861992
            ],
            [
              103.890687014188,
              1.32089181486897
            ],
            [
              103.890652046594,
              1.32102936766626
            ],
            [
              103.89061511404,
              1.32117465282255
            ],
            [
              103.89056822551,
              1.32135853466421
            ],
            [
              103.890493003527,
              1.32164735325177
            ],
            [
              103.890486310798,
              1.32167305001095
            ],
            [
              103.890479866947,
              1.32169779356449
            ],
            [
              103.89047655158,
              1.32171052075853
            ],
            [
              103.890474375477,
              1.32171887803843
            ],
            [
              103.890471422195,
              1.32173021521634
            ],
            [
              103.890468089757,
              1.32174301023808
            ],
            [
              103.89046554528,
              1.32175277652591
            ],
            [
              103.89046351473,
              1.3217605785228
            ],
            [
              103.890460903766,
              1.32177060165159
            ],
            [
              103.89045883548,
              1.32177854382581
            ],
            [
              103.890457060096,
              1.32178536186856
            ],
            [
              103.890452738439,
              1.32180195343407
            ],
            [
              103.890452521907,
              1.32180279992396
            ],
            [
              103.890249297897,
              1.3219507884457
            ],
            [
              103.890050438998,
              1.32193895941895
            ],
            [
              103.890050484833,
              1.32193933292032
            ],
            [
              103.889983914594,
              1.32193554245043
            ],
            [
              103.88985235108,
              1.32192808808014
            ],
            [
              103.889747462027,
              1.32192214519007
            ],
            [
              103.889621483921,
              1.32191494299731
            ],
            [
              103.889503544275,
              1.32190819370159
            ],
            [
              103.889330003933,
              1.32189824421326
            ],
            [
              103.889140519625,
              1.32188588765573
            ],
            [
              103.888988414253,
              1.32187596840676
            ],
            [
              103.888987496826,
              1.32187573238841
            ],
            [
              103.888667299956,
              1.32185668553928
            ],
            [
              103.888550223818,
              1.3218497218441
            ],
            [
              103.888567695716,
              1.32150383740799
            ],
            [
              103.888556793196,
              1.32148638794423
            ],
            [
              103.888327663903,
              1.32147432793648
            ],
            [
              103.888288042196,
              1.32147224154624
            ],
            [
              103.888284101243,
              1.32147668658417
            ],
            [
              103.888245542519,
              1.3221289212533
            ],
            [
              103.88824489221,
              1.32213995089385
            ],
            [
              103.888265319032,
              1.32214125001052
            ],
            [
              103.88829038329,
              1.32214284384647
            ],
            [
              103.888312397857,
              1.32214424331182
            ],
            [
              103.888334929092,
              1.32214567622693
            ],
            [
              103.888354467245,
              1.32214691838772
            ],
            [
              103.888359508132,
              1.32214723932459
            ],
            [
              103.888372709683,
              1.32214807828013
            ],
            [
              103.888380175761,
              1.32214828521297
            ],
            [
              103.888407154816,
              1.32214903161572
            ],
            [
              103.888417980583,
              1.32214933162295
            ],
            [
              103.888420799344,
              1.32214940933534
            ],
            [
              103.88842935896,
              1.32214964608764
            ],
            [
              103.888475226498,
              1.32215091479029
            ],
            [
              103.888511316881,
              1.32215191330587
            ],
            [
              103.888579691376,
              1.32215380551442
            ],
            [
              103.888635668535,
              1.32215535434058
            ],
            [
              103.888651310547,
              1.32215578718038
            ],
            [
              103.888652581999,
              1.32215582242207
            ],
            [
              103.888657245518,
              1.32215722408205
            ],
            [
              103.888683905801,
              1.32216766889078
            ],
            [
              103.888713638052,
              1.32216978172274
            ],
            [
              103.88885008526,
              1.32217947524925
            ],
            [
              103.889049499534,
              1.32219364304543
            ],
            [
              103.889056351907,
              1.32219412943861
            ],
            [
              103.889121835821,
              1.32219878181694
            ],
            [
              103.889123858467,
              1.32219896173968
            ],
            [
              103.889123901596,
              1.32219892918159
            ],
            [
              103.889155037388,
              1.32220114055216
            ],
            [
              103.889185734686,
              1.32220332208823
            ],
            [
              103.889235250405,
              1.32220709578295
            ],
            [
              103.889275925279,
              1.32221148554919
            ],
            [
              103.889314315129,
              1.32221562937954
            ],
            [
              103.889318178019,
              1.32221619632824
            ],
            [
              103.889325995441,
              1.32221688979817
            ],
            [
              103.88945843072,
              1.32223118297823
            ],
            [
              103.889645032674,
              1.32225132162985
            ],
            [
              103.889759104223,
              1.3222649586443
            ],
            [
              103.889798940758,
              1.32226976623727
            ],
            [
              103.889898957115,
              1.32228183539931
            ],
            [
              103.889951317736,
              1.32228929610714
            ],
            [
              103.889982181321,
              1.32229381541086
            ],
            [
              103.890050114812,
              1.3223037645692
            ],
            [
              103.890091176104,
              1.32230977855107
            ],
            [
              103.890165279079,
              1.3223206301197
            ],
            [
              103.890291314969,
              1.32233908890347
            ],
            [
              103.890370978207,
              1.32235075516957
            ],
            [
              103.890373639719,
              1.32235070808109
            ],
            [
              103.89043339254,
              1.32234965040134
            ],
            [
              103.890436541066,
              1.32234955446584
            ],
            [
              103.890462997095,
              1.32234722149805
            ],
            [
              103.890537497734,
              1.32234074904579
            ],
            [
              103.890566461526,
              1.32233420529908
            ],
            [
              103.890587456996,
              1.3223294614217
            ],
            [
              103.890615395416,
              1.32231753944441
            ],
            [
              103.890657408623,
              1.32229949821172
            ],
            [
              103.890683344958,
              1.32228282836822
            ],
            [
              103.890690477563,
              1.32227824398035
            ]
          ]
        ]
      },
      "properties": {
        "Filter stage": "Filter 1+2",
        "Role": "Candidate",
        "UUID": "UUID_a5425b8e-fe16-4970-b500-b474e984cf49",
        "Zone": "Business1",
        "Width m": 268.04092938450776,
        "Width diff": 1.8538114992988246,
        "Aspect ratio": 1.1389444011839738,
        "Aspect diff": -0.5044920943464867,
        "Final allowable GFA m²": 48343.92758890442,
        "GFA diff": -0.01734073182101029,
        "KG site area m²": 19337.57103556177,
        "Master Plan GPR": 2.5,
        "Master Plan GPR cap m²": 48343.92758890442,
        "Final GFA basis": "Master Plan GPR cap",
        "Width and aspect match": false,
        "GFA match": true,
        "Non-road context plots": 23,
        "Educational plots": 1,
        "B1-family plots": 10,
        "Business2 plots": 0,
        "Residential plots": 5,
        "Residential share": 0.21739130434782608,
        "Non-residential plots": 18,
        "Non-residential share": 0.782608695652174,
        "Bordering road plots": 5,
        "Road type counts": "{\"Local Access\":3,\"Expressway\":1,\"Major Arterials/Minor Arterials\":1}",
        "Context zone counts": "{\"Business1\":10,\"CivicAndCommunityInstitutionZone\":1,\"EducationalInstitution\":1,\"HealthAndMedicalCare\":3,\"Park\":1,\"ReserveSite\":1,\"Residential\":5,\"SportsAndRecreation\":1}",
        "Short address": "1005 Aljunied Avenue 5",
        "Full address": "1005 Aljunied Avenue 5, Geylang, Singapore 389886",
        "Address feature type": "address",
        "Address source": "Mapbox Geocoding v6"
      }
    },
    {
      "type": "Feature",
      "id": "UUID_ec7b6fba-904e-4556-8b1b-53442691158c:Filter 1+2",
      "geometry": {
        "type": "Polygon",
        "coordinates": [
          [
            [
              103.929642353025,
              1.31861766101039
            ],
            [
              103.9296203477,
              1.31862216559664
            ],
            [
              103.929387680011,
              1.31869896413722
            ],
            [
              103.929164915309,
              1.31880131958278
            ],
            [
              103.928955162531,
              1.318928074231
            ],
            [
              103.928760658994,
              1.31907744549884
            ],
            [
              103.928583902615,
              1.31924800711265
            ],
            [
              103.928427173809,
              1.31943702509792
            ],
            [
              103.928292363962,
              1.3196427105548
            ],
            [
              103.928181060702,
              1.31986210344422
            ],
            [
              103.928153999127,
              1.31993541218089
            ],
            [
              103.929342575203,
              1.32016845690913
            ],
            [
              103.929642353025,
              1.31861766101039
            ]
          ]
        ]
      },
      "properties": {
        "Filter stage": "Filter 1+2",
        "Role": "Candidate",
        "UUID": "UUID_ec7b6fba-904e-4556-8b1b-53442691158c",
        "Zone": "Business1",
        "Width m": 134.76364211706095,
        "Width diff": 0.4348183034739489,
        "Aspect ratio": 1.296303419420731,
        "Aspect diff": -0.436031651956908,
        "Final allowable GFA m²": 39531.30855362964,
        "GFA diff": -0.19646978078001315,
        "KG site area m²": 15812.523421451857,
        "Master Plan GPR": 2.5,
        "Master Plan GPR cap m²": 39531.30855362964,
        "Final GFA basis": "Master Plan GPR cap",
        "Width and aspect match": false,
        "GFA match": true,
        "Non-road context plots": 12,
        "Educational plots": 1,
        "B1-family plots": 8,
        "Business2 plots": 0,
        "Residential plots": 0,
        "Residential share": 0,
        "Non-residential plots": 12,
        "Non-residential share": 1,
        "Bordering road plots": 1,
        "Road type counts": "{\"Local Collector/Primary Access\":1}",
        "Context zone counts": "{\"Business1\":8,\"EducationalInstitution\":1,\"Park\":1,\"ReserveSite\":1,\"Utility\":1}",
        "Short address": "5 Bedok South Road",
        "Full address": "5 Bedok South Road, Bedok, Singapore 469270",
        "Address feature type": "address",
        "Address source": "Mapbox Geocoding v6"
      }
    },
    {
      "type": "Feature",
      "id": "UUID_0c62d3ec-447a-4c48-ba5d-8c426c4c2236:Filter 1+2",
      "geometry": {
        "type": "Polygon",
        "coordinates": [
          [
            [
              103.796425214623,
              1.2790575849443
            ],
            [
              103.796487171929,
              1.27902602441431
            ],
            [
              103.796377383459,
              1.27882150163876
            ],
            [
              103.79581256155,
              1.27767303063251
            ],
            [
              103.795695126238,
              1.27743433086744
            ],
            [
              103.794768104145,
              1.27790094392682
            ],
            [
              103.79477494818,
              1.27790911767886
            ],
            [
              103.794786180578,
              1.27792349543937
            ],
            [
              103.79479686666,
              1.27793822589384
            ],
            [
              103.794807027989,
              1.27795343474931
            ],
            [
              103.794816592684,
              1.27796901438528
            ],
            [
              103.795287364935,
              1.27876828906971
            ],
            [
              103.795295910507,
              1.27879662113616
            ],
            [
              103.795299357913,
              1.27881580366834
            ],
            [
              103.7953051138,
              1.27882555461495
            ],
            [
              103.795650538373,
              1.27945220312371
            ],
            [
              103.796425214623,
              1.2790575849443
            ]
          ]
        ]
      },
      "properties": {
        "Filter stage": "Filter 1+2",
        "Role": "Candidate",
        "UUID": "UUID_0c62d3ec-447a-4c48-ba5d-8c426c4c2236",
        "Zone": "Business1",
        "Width m": 115.35246655920673,
        "Width diff": 0.22814898566074768,
        "Aspect ratio": 1.710831517487367,
        "Aspect diff": -0.2556875109312265,
        "Final allowable GFA m²": 53736.850245446665,
        "GFA diff": 0.09227811164755345,
        "KG site area m²": 21494.740098178667,
        "Master Plan GPR": 2.5,
        "Master Plan GPR cap m²": 53736.850245446665,
        "Final GFA basis": "Master Plan GPR cap",
        "Width and aspect match": false,
        "GFA match": true,
        "Non-road context plots": 7,
        "Educational plots": 0,
        "B1-family plots": 1,
        "Business2 plots": 0,
        "Residential plots": 1,
        "Residential share": 0.14285714285714285,
        "Non-residential plots": 6,
        "Non-residential share": 0.8571428571428571,
        "Bordering road plots": 2,
        "Road type counts": "{\"Local Access\":2}",
        "Context zone counts": "{\"Business1\":1,\"Park\":3,\"Residential\":1,\"Waterbody\":2}",
        "Short address": "102 Pasir Panjang Road",
        "Full address": "102 Pasir Panjang Road, Queenstown, Singapore 118528",
        "Address feature type": "address",
        "Address source": "Mapbox Geocoding v6"
      }
    },
    {
      "type": "Feature",
      "id": "UUID_0420f7e5-cf3b-466b-98ab-326ad3e03e7a:Filter 1+2",
      "geometry": {
        "type": "Polygon",
        "coordinates": [
          [
            [
              103.917960869154,
              1.33986177904337
            ],
            [
              103.917941043379,
              1.33978366895081
            ],
            [
              103.917912006314,
              1.33964820625209
            ],
            [
              103.91789806808,
              1.33957544164712
            ],
            [
              103.917860274782,
              1.33934123089356
            ],
            [
              103.91783003175,
              1.33914995001329
            ],
            [
              103.917768835604,
              1.33876045180616
            ],
            [
              103.917759628804,
              1.33870279261944
            ],
            [
              103.917752588613,
              1.33866892490869
            ],
            [
              103.917742630288,
              1.33863580731731
            ],
            [
              103.917729830238,
              1.33860369402616
            ],
            [
              103.917714286703,
              1.33857283150436
            ],
            [
              103.917696118979,
              1.33854345662143
            ],
            [
              103.917675466502,
              1.33851579482924
            ],
            [
              103.917652487782,
              1.33849005843172
            ],
            [
              103.917627359178,
              1.33846644495543
            ],
            [
              103.917600273553,
              1.33844513563353
            ],
            [
              103.917571438789,
              1.33842629401481
            ],
            [
              103.917541076192,
              1.33841006470847
            ],
            [
              103.917509418794,
              1.33839657227426
            ],
            [
              103.917476709567,
              1.33838592026645
            ],
            [
              103.917443199558,
              1.33837819040844
            ],
            [
              103.917239016249,
              1.33833928630014
            ],
            [
              103.917109102398,
              1.3385139052832
            ],
            [
              103.916585196829,
              1.33921820178444
            ],
            [
              103.916561644892,
              1.33924986345307
            ],
            [
              103.916409609446,
              1.33945424847728
            ],
            [
              103.916392810761,
              1.33947683010398
            ],
            [
              103.916382649426,
              1.33949049176646
            ],
            [
              103.916365196621,
              1.33951395336104
            ],
            [
              103.916400604559,
              1.33954853713401
            ],
            [
              103.91643560264,
              1.33958354096109
            ],
            [
              103.916470185908,
              1.33961895995343
            ],
            [
              103.916490370053,
              1.33964058802302
            ],
            [
              103.916568134103,
              1.3397240246606
            ],
            [
              103.916596197323,
              1.33975550054921
            ],
            [
              103.916623943236,
              1.33978726011308
            ],
            [
              103.916651368982,
              1.33981930013135
            ],
            [
              103.916713816825,
              1.33989415759063
            ],
            [
              103.916749210683,
              1.33993675913616
            ],
            [
              103.916763202706,
              1.33995360061902
            ],
            [
              103.916816492086,
              1.340017741681
            ],
            [
              103.916816841639,
              1.34001816219806
            ],
            [
              103.916818687382,
              1.34002122430972
            ],
            [
              103.916826569049,
              1.34003336873746
            ],
            [
              103.916827001235,
              1.34003276099032
            ],
            [
              103.917210091077,
              1.33972285861096
            ],
            [
              103.917617403643,
              1.34021311448343
            ],
            [
              103.917680023308,
              1.34018754686176
            ],
            [
              103.917687000521,
              1.34018482267702
            ],
            [
              103.917686917851,
              1.34018473224354
            ],
            [
              103.917739249164,
              1.34016336484114
            ],
            [
              103.917744548757,
              1.34016031514357
            ],
            [
              103.917846885358,
              1.34010143029238
            ],
            [
              103.917886286171,
              1.34007304095319
            ],
            [
              103.917919145221,
              1.34003714562352
            ],
            [
              103.917943782248,
              1.33999504664551
            ],
            [
              103.917957591485,
              1.33994826344066
            ],
            [
              103.917964338002,
              1.33989998828149
            ],
            [
              103.917960869154,
              1.33986177904337
            ]
          ]
        ]
      },
      "properties": {
        "Filter stage": "Filter 1+2",
        "Role": "Candidate",
        "UUID": "UUID_0420f7e5-cf3b-466b-98ab-326ad3e03e7a",
        "Zone": "Business1",
        "Width m": 173.11030179776571,
        "Width diff": 0.8430922883753716,
        "Aspect ratio": 1.110211367397917,
        "Aspect diff": -0.5169926566036085,
        "Final allowable GFA m²": 54723.93239366784,
        "GFA diff": 0.11234196391979179,
        "KG site area m²": 21889.572957467135,
        "Master Plan GPR": 2.5,
        "Master Plan GPR cap m²": 54723.93239366784,
        "Final GFA basis": "Master Plan GPR cap",
        "Width and aspect match": false,
        "GFA match": true,
        "Non-road context plots": 19,
        "Educational plots": 0,
        "B1-family plots": 3,
        "Business2 plots": 4,
        "Residential plots": 1,
        "Residential share": 0.05263157894736842,
        "Non-residential plots": 18,
        "Non-residential share": 0.9473684210526315,
        "Bordering road plots": 4,
        "Road type counts": "{\"Major Arterials/Minor Arterials\":1,\"Local Access\":2,\"Local Collector/Primary Access\":1}",
        "Context zone counts": "{\"Business1\":3,\"Business2\":4,\"HealthAndMedicalCare\":1,\"OpenSpace\":2,\"Park\":1,\"PlaceOfWorship\":3,\"ReserveSite\":1,\"Residential\":1,\"Utility\":2,\"Waterbody\":1}",
        "Short address": "Near Bedok North Road",
        "Full address": "Bedok North Road, Singapore",
        "Address feature type": "street",
        "Address source": "Mapbox Geocoding v6"
      }
    },
    {
      "type": "Feature",
      "id": "UUID_05676f61-e61f-487f-be53-454f2b3268ba:Filter 1+2",
      "geometry": {
        "type": "Polygon",
        "coordinates": [
          [
            [
              103.808824900719,
              1.4412377995113
            ],
            [
              103.80880077468,
              1.44119973548832
            ],
            [
              103.808641505451,
              1.44094946468213
            ],
            [
              103.808600131131,
              1.44088445043206
            ],
            [
              103.808880110855,
              1.44070398228024
            ],
            [
              103.808085443511,
              1.43931163517369
            ],
            [
              103.808063380111,
              1.43932546355252
            ],
            [
              103.808030683541,
              1.4393459569726
            ],
            [
              103.808009066746,
              1.43935950500315
            ],
            [
              103.80799904912,
              1.43936578388807
            ],
            [
              103.807990919474,
              1.43936945189618
            ],
            [
              103.807967518098,
              1.43938001098446
            ],
            [
              103.807936603517,
              1.43939395954329
            ],
            [
              103.807910388619,
              1.4394058362573
            ],
            [
              103.807899465221,
              1.43941080651739
            ],
            [
              103.807895493404,
              1.43941250938959
            ],
            [
              103.807892446247,
              1.43941388489251
            ],
            [
              103.807889230153,
              1.43941533545571
            ],
            [
              103.807888100611,
              1.43941584550412
            ],
            [
              103.80788680213,
              1.4394165536063
            ],
            [
              103.807884419936,
              1.43941785405448
            ],
            [
              103.807882358542,
              1.43941897905972
            ],
            [
              103.807879837064,
              1.43942035547289
            ],
            [
              103.807877407243,
              1.43942168124272
            ],
            [
              103.807869686452,
              1.43942589639499
            ],
            [
              103.807865837739,
              1.43942799628416
            ],
            [
              103.807862754634,
              1.43942967927028
            ],
            [
              103.807855675445,
              1.4394335435366
            ],
            [
              103.807850176898,
              1.4394365441534
            ],
            [
              103.807848326672,
              1.43943791243481
            ],
            [
              103.807844301822,
              1.43944097727798
            ],
            [
              103.807838448313,
              1.43944543662933
            ],
            [
              103.807830874874,
              1.43945120457551
            ],
            [
              103.807826825763,
              1.43945428931437
            ],
            [
              103.807823238534,
              1.43945702135661
            ],
            [
              103.80782039445,
              1.43945918727554
            ],
            [
              103.80781541079,
              1.43946298373806
            ],
            [
              103.807813416781,
              1.43946504476038
            ],
            [
              103.807807880462,
              1.43947076841561
            ],
            [
              103.807803107959,
              1.43947570256997
            ],
            [
              103.807794823699,
              1.43948426589607
            ],
            [
              103.807785277794,
              1.43949413510907
            ],
            [
              103.807782591847,
              1.43949787100503
            ],
            [
              103.807779368529,
              1.43950240454371
            ],
            [
              103.807772669384,
              1.43951182793744
            ],
            [
              103.807766445605,
              1.43952058120306
            ],
            [
              103.807759933371,
              1.43952974052467
            ],
            [
              103.807752622225,
              1.43954422201737
            ],
            [
              103.807745071149,
              1.43955917829824
            ],
            [
              103.807740291406,
              1.43956864602737
            ],
            [
              103.807732181294,
              1.43959334229843
            ],
            [
              103.807726685288,
              1.43961008019885
            ],
            [
              103.807723385422,
              1.43962962526885
            ],
            [
              103.807719423246,
              1.43965310160018
            ],
            [
              103.807719259595,
              1.43966263992178
            ],
            [
              103.807719198451,
              1.4396661705568
            ],
            [
              103.80771900243,
              1.43967754383188
            ],
            [
              103.807718800114,
              1.43968932678365
            ],
            [
              103.807718672431,
              1.43969673352053
            ],
            [
              103.807718812534,
              1.43970372606188
            ],
            [
              103.807718924796,
              1.43970936838798
            ],
            [
              103.807719198715,
              1.43972308125715
            ],
            [
              103.807719477125,
              1.43973699127764
            ],
            [
              103.807719788763,
              1.43975260873709
            ],
            [
              103.807720007899,
              1.43976359042742
            ],
            [
              103.807720165963,
              1.43977153616826
            ],
            [
              103.807720217155,
              1.4397740602478
            ],
            [
              103.807720008611,
              1.43978028317173
            ],
            [
              103.807719586186,
              1.43978786083
            ],
            [
              103.807719249144,
              1.43979391554085
            ],
            [
              103.807718789869,
              1.43980216242781
            ],
            [
              103.807717976476,
              1.43981675342178
            ],
            [
              103.807717324863,
              1.43982845407135
            ],
            [
              103.807716651678,
              1.43984054088396
            ],
            [
              103.807716269698,
              1.43984739233867
            ],
            [
              103.807715888617,
              1.43985423927157
            ],
            [
              103.807715540826,
              1.43985727431205
            ],
            [
              103.807714805711,
              1.43986283704456
            ],
            [
              103.80771372281,
              1.43987103418447
            ],
            [
              103.807712679451,
              1.43987894102407
            ],
            [
              103.807710466918,
              1.43989569071825
            ],
            [
              103.807707678335,
              1.43991681029107
            ],
            [
              103.807705608692,
              1.43993247836793
            ],
            [
              103.807704560868,
              1.43993781591034
            ],
            [
              103.807702583849,
              1.43994723302668
            ],
            [
              103.807699067452,
              1.43996398270608
            ],
            [
              103.80769626368,
              1.43997733922112
            ],
            [
              103.80769191334,
              1.43999806266496
            ],
            [
              103.807690692081,
              1.44000388132687
            ],
            [
              103.807689593038,
              1.44000911486688
            ],
            [
              103.807688876823,
              1.44001206760608
            ],
            [
              103.807687687934,
              1.44001615983814
            ],
            [
              103.807684552608,
              1.44002695971336
            ],
            [
              103.807679795252,
              1.44004334220702
            ],
            [
              103.807677257516,
              1.44005208013987
            ],
            [
              103.807674452886,
              1.44006173961627
            ],
            [
              103.807672045452,
              1.44007002898621
            ],
            [
              103.80767071368,
              1.44007461319047
            ],
            [
              103.80766956343,
              1.44007864844805
            ],
            [
              103.807669493338,
              1.44007882298943
            ],
            [
              103.807669186006,
              1.44007987385651
            ],
            [
              103.807667268326,
              1.44008648021125
            ],
            [
              103.807666242995,
              1.44008930362295
            ],
            [
              103.807660549313,
              1.44010450681574
            ],
            [
              103.807657015025,
              1.44011394200165
            ],
            [
              103.807652441029,
              1.44012615628526
            ],
            [
              103.80764549826,
              1.44014469385262
            ],
            [
              103.807639410981,
              1.44016094519837
            ],
            [
              103.807636117543,
              1.44016805165057
            ],
            [
              103.807632749519,
              1.44017531546118
            ],
            [
              103.807628907924,
              1.44018360210171
            ],
            [
              103.807620195814,
              1.44020239467945
            ],
            [
              103.807614587533,
              1.44021449228831
            ],
            [
              103.807609411488,
              1.4402256584075
            ],
            [
              103.807607483951,
              1.4402298157453
            ],
            [
              103.807606151299,
              1.44023268979784
            ],
            [
              103.807605046002,
              1.44023466672422
            ],
            [
              103.807599311939,
              1.44024491942976
            ],
            [
              103.807595081258,
              1.44025248347925
            ],
            [
              103.807595080546,
              1.44031598608588
            ],
            [
              103.807595080494,
              1.44032065802848
            ],
            [
              103.807595079017,
              1.44045225107841
            ],
            [
              103.807595370989,
              1.4404586774898
            ],
            [
              103.807596186849,
              1.44046464087295
            ],
            [
              103.80759754007,
              1.44047050568657
            ],
            [
              103.807599419872,
              1.44047622309491
            ],
            [
              103.807601807383,
              1.44048174607083
            ],
            [
              103.807604882319,
              1.44048738390873
            ],
            [
              103.807760130113,
              1.4407436425326
            ],
            [
              103.807871378256,
              1.44098720248147
            ],
            [
              103.808010183769,
              1.44122587916958
            ],
            [
              103.808240154992,
              1.44160547932646
            ],
            [
              103.808325884483,
              1.44155296297438
            ],
            [
              103.808524126381,
              1.44142710848538
            ],
            [
              103.80874975048,
              1.44128672296099
            ],
            [
              103.808798633627,
              1.44125521455753
            ],
            [
              103.808824900719,
              1.4412377995113
            ]
          ]
        ]
      },
      "properties": {
        "Filter stage": "Filter 1+2",
        "Role": "Candidate",
        "UUID": "UUID_05676f61-e61f-487f-be53-454f2b3268ba",
        "Zone": "Business1",
        "Width m": 112.93932660622158,
        "Width diff": 0.2024564671224036,
        "Aspect ratio": 2.0327716567663026,
        "Aspect diff": -0.11562458600348206,
        "Final allowable GFA m²": 52197.8297265379,
        "GFA diff": 0.060995324909919074,
        "KG site area m²": 20879.13189061516,
        "Master Plan GPR": 2.5,
        "Master Plan GPR cap m²": 52197.8297265379,
        "Final GFA basis": "Master Plan GPR cap",
        "Width and aspect match": false,
        "GFA match": true,
        "Non-road context plots": 20,
        "Educational plots": 1,
        "B1-family plots": 1,
        "Business2 plots": 1,
        "Residential plots": 6,
        "Residential share": 0.3,
        "Non-residential plots": 14,
        "Non-residential share": 0.7,
        "Bordering road plots": 4,
        "Road type counts": "{\"Local Collector/Primary Access\":1,\"Local Access\":3}",
        "Context zone counts": "{\"Business1\":1,\"Business2\":1,\"EducationalInstitution\":1,\"OpenSpace\":2,\"Park\":6,\"PlaceOfWorship\":1,\"Residential\":6,\"Utility\":1,\"Waterbody\":1}",
        "Short address": "103a Woodlands Avenue 12",
        "Full address": "103a Woodlands Avenue 12, Woodlands, Singapore 738989",
        "Address feature type": "address",
        "Address source": "Mapbox Geocoding v6"
      }
    },
    {
      "type": "Feature",
      "id": "UUID_fc117e6f-7b1b-4d46-972c-41f7e300a4b4:Filter 1+2",
      "geometry": {
        "type": "Polygon",
        "coordinates": [
          [
            [
              103.849913871311,
              1.38945383731057
            ],
            [
              103.84983641665,
              1.38855293746759
            ],
            [
              103.849378547514,
              1.38856079051982
            ],
            [
              103.848751447522,
              1.3885715928266
            ],
            [
              103.848759587361,
              1.3890684070054
            ],
            [
              103.848762702166,
              1.38925850341581
            ],
            [
              103.848768876947,
              1.38963620471294
            ],
            [
              103.848777049165,
              1.39013610638593
            ],
            [
              103.849977073426,
              1.39018889495722
            ],
            [
              103.849913871311,
              1.38945383731057
            ]
          ]
        ]
      },
      "properties": {
        "Filter stage": "Filter 1+2",
        "Role": "Candidate",
        "UUID": "UUID_fc117e6f-7b1b-4d46-972c-41f7e300a4b4",
        "Zone": "Business1",
        "Width m": 133.43280958425748,
        "Width diff": 0.42064903016753036,
        "Aspect ratio": 1.3574557331614867,
        "Aspect diff": -0.409426793215736,
        "Final allowable GFA m²": 56612.35694486007,
        "GFA diff": 0.1507268858745337,
        "KG site area m²": 22644.942777944027,
        "Master Plan GPR": 2.5,
        "Master Plan GPR cap m²": 56612.35694486007,
        "Final GFA basis": "Master Plan GPR cap",
        "Width and aspect match": false,
        "GFA match": true,
        "Non-road context plots": 14,
        "Educational plots": 0,
        "B1-family plots": 7,
        "Business2 plots": 5,
        "Residential plots": 0,
        "Residential share": 0,
        "Non-residential plots": 14,
        "Non-residential share": 1,
        "Bordering road plots": 2,
        "Road type counts": "{\"Local Collector/Primary Access\":1,\"Local Access\":1}",
        "Context zone counts": "{\"Business1\":7,\"Business2\":5,\"CivicAndCommunityInstitutionZone\":1,\"SpecialUseZone\":1}",
        "Short address": "10 Ang Mo Kio Street 65",
        "Full address": "10 Ang Mo Kio Street 65, Ang Mo Kio, Singapore 569059",
        "Address feature type": "address",
        "Address source": "Mapbox Geocoding v6"
      }
    },
    {
      "type": "Feature",
      "id": "UUID_75d57266-e8b1-4d36-be50-c74ac9773ca2:Filter 1+2",
      "geometry": {
        "type": "Polygon",
        "coordinates": [
          [
            [
              103.813706412022,
              1.44539427265085
            ],
            [
              103.813706555805,
              1.44539336738409
            ],
            [
              103.813708602925,
              1.44538049288104
            ],
            [
              103.813710650045,
              1.44536761928235
            ],
            [
              103.813723264362,
              1.44528829856093
            ],
            [
              103.813731327928,
              1.44523759096129
            ],
            [
              103.813740220046,
              1.4451816760429
            ],
            [
              103.813740304515,
              1.44518158470291
            ],
            [
              103.813742683239,
              1.44516618521936
            ],
            [
              103.813744047386,
              1.44515760282019
            ],
            [
              103.813751221289,
              1.44511249141494
            ],
            [
              103.813753824671,
              1.44509612426422
            ],
            [
              103.813734061156,
              1.44506413041992
            ],
            [
              103.813681125448,
              1.44497514057671
            ],
            [
              103.813649897785,
              1.44492264380358
            ],
            [
              103.813519583051,
              1.44470357232639
            ],
            [
              103.813492817773,
              1.44465857819106
            ],
            [
              103.813356247116,
              1.44442899070885
            ],
            [
              103.813339950367,
              1.44440159286782
            ],
            [
              103.813264930151,
              1.44427547778688
            ],
            [
              103.813243400042,
              1.44423928405776
            ],
            [
              103.813178261581,
              1.44412977950898
            ],
            [
              103.813161244171,
              1.44410117162165
            ],
            [
              103.813123345434,
              1.44403745976792
            ],
            [
              103.812978741488,
              1.44409866218419
            ],
            [
              103.812759093565,
              1.44418112188076
            ],
            [
              103.812564499475,
              1.44426182279888
            ],
            [
              103.812367631059,
              1.44433809681884
            ],
            [
              103.812306761529,
              1.44436463932601
            ],
            [
              103.812223285795,
              1.44440760486413
            ],
            [
              103.812180611032,
              1.44444049164879
            ],
            [
              103.812131110452,
              1.4444796582697
            ],
            [
              103.812087144298,
              1.44452348874486
            ],
            [
              103.812077349454,
              1.44453602946334
            ],
            [
              103.812064823745,
              1.44455101465097
            ],
            [
              103.81203969939,
              1.44459697869635
            ],
            [
              103.812025064555,
              1.44462423426977
            ],
            [
              103.812009164303,
              1.44467163362688
            ],
            [
              103.812007646519,
              1.44467707064675
            ],
            [
              103.812006527657,
              1.44468850088826
            ],
            [
              103.812010938412,
              1.44473863704147
            ],
            [
              103.812014588151,
              1.44477825996014
            ],
            [
              103.812020102289,
              1.44483881258412
            ],
            [
              103.812024120407,
              1.44488354425643
            ],
            [
              103.812030244623,
              1.44495172971522
            ],
            [
              103.812032903302,
              1.44498133227531
            ],
            [
              103.812037526114,
              1.4450328032711
            ],
            [
              103.812042703306,
              1.44509044203208
            ],
            [
              103.812093364318,
              1.44511285354464
            ],
            [
              103.812137040549,
              1.44513217568432
            ],
            [
              103.812159353572,
              1.4451420479272
            ],
            [
              103.812178942953,
              1.44515072547999
            ],
            [
              103.812219828136,
              1.44517010637555
            ],
            [
              103.812241291082,
              1.44518028066714
            ],
            [
              103.812253167815,
              1.44518591044174
            ],
            [
              103.812257493651,
              1.44518810446831
            ],
            [
              103.812267224531,
              1.44519355063698
            ],
            [
              103.812279384312,
              1.44520035699117
            ],
            [
              103.812294151815,
              1.44520862301253
            ],
            [
              103.812305799397,
              1.44521514267853
            ],
            [
              103.812317606031,
              1.44522175097361
            ],
            [
              103.812331320363,
              1.44523128399836
            ],
            [
              103.812351202642,
              1.44524510376405
            ],
            [
              103.812375028847,
              1.44526166469236
            ],
            [
              103.812385181141,
              1.44527033672953
            ],
            [
              103.812398270933,
              1.44528151749865
            ],
            [
              103.812403719097,
              1.4452861705001
            ],
            [
              103.812418121732,
              1.44529847269219
            ],
            [
              103.81242875028,
              1.44530755079286
            ],
            [
              103.812437776639,
              1.44531526057647
            ],
            [
              103.812445085778,
              1.44532258418087
            ],
            [
              103.812452912504,
              1.44533051733113
            ],
            [
              103.812456055775,
              1.44533370885949
            ],
            [
              103.812460180307,
              1.44533789519692
            ],
            [
              103.812474639533,
              1.44535257315245
            ],
            [
              103.812488365508,
              1.44536657554148
            ],
            [
              103.812493098387,
              1.4453714057914
            ],
            [
              103.812498826892,
              1.44537846440248
            ],
            [
              103.812507376069,
              1.44538899850906
            ],
            [
              103.812517117674,
              1.44540100312186
            ],
            [
              103.812547722722,
              1.44543871627203
            ],
            [
              103.81256009446,
              1.44545823255328
            ],
            [
              103.812571368124,
              1.4454760160636
            ],
            [
              103.812577323955,
              1.44548541245658
            ],
            [
              103.812583650003,
              1.44549539035879
            ],
            [
              103.812599262043,
              1.44552001813287
            ],
            [
              103.812600586553,
              1.44552282257668
            ],
            [
              103.812604528633,
              1.44553117079364
            ],
            [
              103.812606925151,
              1.44553624429567
            ],
            [
              103.812686763994,
              1.44552586926347
            ],
            [
              103.812704846528,
              1.44552353617065
            ],
            [
              103.812782602414,
              1.44551350115674
            ],
            [
              103.81281833885,
              1.44550888832296
            ],
            [
              103.812875892403,
              1.44550146040247
            ],
            [
              103.812911894825,
              1.44549681410814
            ],
            [
              103.812968407798,
              1.44548952092603
            ],
            [
              103.812991075889,
              1.44548659551409
            ],
            [
              103.813020496961,
              1.44548279835616
            ],
            [
              103.813315071613,
              1.44544478063636
            ],
            [
              103.813316563289,
              1.44544458530706
            ],
            [
              103.813352183804,
              1.44543998783793
            ],
            [
              103.813394106202,
              1.44543457740101
            ],
            [
              103.813424121248,
              1.44543070337214
            ],
            [
              103.813598154057,
              1.44540824322078
            ],
            [
              103.813681335684,
              1.44539750734142
            ],
            [
              103.81369085186,
              1.44539627929842
            ],
            [
              103.813706412022,
              1.44539427265085
            ]
          ]
        ]
      },
      "properties": {
        "Filter stage": "Filter 1+2",
        "Role": "Candidate",
        "UUID": "UUID_75d57266-e8b1-4d36-be50-c74ac9773ca2",
        "Zone": "Business1",
        "Width m": 163.63753605994862,
        "Width diff": 0.7422364681287312,
        "Aspect ratio": 1.0796048730530423,
        "Aspect diff": -0.5303082845626728,
        "Final allowable GFA m²": 54117.52338547845,
        "GFA diff": 0.10001583607035953,
        "KG site area m²": 21647.00935419138,
        "Master Plan GPR": 2.5,
        "Master Plan GPR cap m²": 54117.52338547845,
        "Final GFA basis": "Master Plan GPR cap",
        "Width and aspect match": false,
        "GFA match": true,
        "Non-road context plots": 15,
        "Educational plots": 1,
        "B1-family plots": 4,
        "Business2 plots": 0,
        "Residential plots": 4,
        "Residential share": 0.26666666666666666,
        "Non-residential plots": 11,
        "Non-residential share": 0.7333333333333333,
        "Bordering road plots": 2,
        "Road type counts": "{\"Local Collector/Primary Access\":1,\"Major Arterials/Minor Arterials\":1}",
        "Context zone counts": "{\"Business1\":4,\"EducationalInstitution\":1,\"Park\":3,\"PlaceOfWorship\":1,\"Residential\":4,\"Utility\":1,\"Waterbody\":1}",
        "Short address": "7 Gambas Crescent",
        "Full address": "7 Gambas Crescent, Sembawang, Singapore 757087",
        "Address feature type": "address",
        "Address source": "Mapbox Geocoding v6"
      }
    },
    {
      "type": "Feature",
      "id": "UUID_9d0d196d-5ed3-4ea8-a267-09a5558f9dc1:Filter 1+2",
      "geometry": {
        "type": "Polygon",
        "coordinates": [
          [
            [
              103.808324702726,
              1.29041782585051
            ],
            [
              103.808909127919,
              1.28991652316981
            ],
            [
              103.808898370603,
              1.28991424497099
            ],
            [
              103.808637337051,
              1.28983076413885
            ],
            [
              103.808386025988,
              1.28972108935419
            ],
            [
              103.808356823556,
              1.2897046269137
            ],
            [
              103.808329534108,
              1.28968925786882
            ],
            [
              103.808147000947,
              1.28958643792051
            ],
            [
              103.807922769748,
              1.28942813566527
            ],
            [
              103.807856678122,
              1.28937060564324
            ],
            [
              103.807032102992,
              1.29007701371812
            ],
            [
              103.807198192779,
              1.29027320110046
            ],
            [
              103.807387410773,
              1.29049671861319
            ],
            [
              103.807404730853,
              1.29051715924363
            ],
            [
              103.807696287974,
              1.29086155156017
            ],
            [
              103.807742631512,
              1.29091631855211
            ],
            [
              103.808324702726,
              1.29041782585051
            ]
          ]
        ]
      },
      "properties": {
        "Filter stage": "Filter 1+2",
        "Role": "Candidate",
        "UUID": "UUID_9d0d196d-5ed3-4ea8-a267-09a5558f9dc1",
        "Zone": "Business1",
        "Width m": 121.98288018777384,
        "Width diff": 0.2987424980088888,
        "Aspect ratio": 1.397859827652515,
        "Aspect diff": -0.3918486320515352,
        "Final allowable GFA m²": 43075.07796649177,
        "GFA diff": -0.12443761393890969,
        "KG site area m²": 17230.03118659671,
        "Master Plan GPR": 2.5,
        "Master Plan GPR cap m²": 43075.07796649177,
        "Final GFA basis": "Master Plan GPR cap",
        "Width and aspect match": false,
        "GFA match": true,
        "Non-road context plots": 22,
        "Educational plots": 0,
        "B1-family plots": 15,
        "Business2 plots": 0,
        "Residential plots": 1,
        "Residential share": 0.045454545454545456,
        "Non-residential plots": 21,
        "Non-residential share": 0.9545454545454546,
        "Bordering road plots": 1,
        "Road type counts": "{\"Major Arterials/Minor Arterials\":1}",
        "Context zone counts": "{\"Business1\":15,\"Commercial\":1,\"CommercialAndResidential\":1,\"HotelZone\":1,\"OpenSpace\":1,\"Park\":2,\"PlaceOfWorship\":1}",
        "Short address": "301 Alexandra Road",
        "Full address": "301 Alexandra Road, Bukit Merah, Singapore 159968",
        "Address feature type": "address",
        "Address source": "Mapbox Geocoding v6"
      }
    },
    {
      "type": "Feature",
      "id": "UUID_83195678-be5d-44ac-b12d-8a425b9464f2:Filter 1+2",
      "geometry": {
        "type": "Polygon",
        "coordinates": [
          [
            [
              103.756265899458,
              1.33785388779578
            ],
            [
              103.756514454534,
              1.33829942408935
            ],
            [
              103.756538024124,
              1.33828608546739
            ],
            [
              103.756712958195,
              1.33819546468519
            ],
            [
              103.756851625538,
              1.33813456014373
            ],
            [
              103.756853459519,
              1.33813377521356
            ],
            [
              103.756893480919,
              1.33811664601135
            ],
            [
              103.757078478102,
              1.33804910487896
            ],
            [
              103.757247893671,
              1.33800138689852
            ],
            [
              103.75724973034,
              1.33800086875543
            ],
            [
              103.757267994585,
              1.3379957171652
            ],
            [
              103.757460655613,
              1.33795536141542
            ],
            [
              103.757655365853,
              1.33792783863501
            ],
            [
              103.757676391252,
              1.33792636517464
            ],
            [
              103.757678444461,
              1.33792622144453
            ],
            [
              103.757852392153,
              1.33791397180292
            ],
            [
              103.758049140378,
              1.33791390553689
            ],
            [
              103.758245519804,
              1.33792669025243
            ],
            [
              103.758328249686,
              1.33793781647298
            ],
            [
              103.758354924962,
              1.33773757307239
            ],
            [
              103.757901308363,
              1.33692575606462
            ],
            [
              103.757308438754,
              1.33726320008584
            ],
            [
              103.757161914688,
              1.3373465968421
            ],
            [
              103.756951078818,
              1.33746645099917
            ],
            [
              103.756594170811,
              1.33766934193384
            ],
            [
              103.756483685795,
              1.33773215013163
            ],
            [
              103.756267532166,
              1.33785297534441
            ],
            [
              103.756265899458,
              1.33785388779578
            ]
          ]
        ]
      },
      "properties": {
        "Filter stage": "Filter 1+2",
        "Role": "Candidate",
        "UUID": "UUID_83195678-be5d-44ac-b12d-8a425b9464f2",
        "Zone": "Business1",
        "Width m": 120.83231766780955,
        "Width diff": 0.2864925458927098,
        "Aspect ratio": 1.7295290407934663,
        "Aspect diff": -0.24755298688889227,
        "Final allowable GFA m²": 41564.071488637084,
        "GFA diff": -0.1551509753432318,
        "KG site area m²": 16625.628595454833,
        "Master Plan GPR": 2.5,
        "Master Plan GPR cap m²": 41564.071488637084,
        "Final GFA basis": "Master Plan GPR cap",
        "Width and aspect match": false,
        "GFA match": true,
        "Non-road context plots": 13,
        "Educational plots": 0,
        "B1-family plots": 12,
        "Business2 plots": 0,
        "Residential plots": 0,
        "Residential share": 0,
        "Non-residential plots": 13,
        "Non-residential share": 1,
        "Bordering road plots": 1,
        "Road type counts": "{\"Local Collector/Primary Access\":1}",
        "Context zone counts": "{\"Business1\":12,\"CivicAndCommunityInstitutionZone\":1}",
        "Short address": "51 Bukit Batok Crescent",
        "Full address": "51 Bukit Batok Crescent, Bukit Batok, Singapore 658077",
        "Address feature type": "address",
        "Address source": "Mapbox Geocoding v6"
      }
    },
    {
      "type": "Feature",
      "id": "UUID_6e9c2207-eeb5-4ca9-8484-c8f64418616c:Filter 1+2",
      "geometry": {
        "type": "Polygon",
        "coordinates": [
          [
            [
              103.896414268886,
              1.33102545799228
            ],
            [
              103.895283766732,
              1.33056795097129
            ],
            [
              103.895283657115,
              1.33056822499636
            ],
            [
              103.895283251892,
              1.33056923789435
            ],
            [
              103.895282490863,
              1.3305711388868
            ],
            [
              103.894727713027,
              1.33195834329839
            ],
            [
              103.895348845195,
              1.33220964137069
            ],
            [
              103.895858852816,
              1.33241599522762
            ],
            [
              103.895870524323,
              1.33238677402349
            ],
            [
              103.896065606463,
              1.33189834101507
            ],
            [
              103.896204487436,
              1.33155065470468
            ],
            [
              103.896413552783,
              1.33102725136458
            ],
            [
              103.896414268886,
              1.33102545799228
            ]
          ]
        ]
      },
      "properties": {
        "Filter stage": "Filter 1+2",
        "Role": "Candidate",
        "UUID": "UUID_6e9c2207-eeb5-4ca9-8484-c8f64418616c",
        "Zone": "Business1",
        "Width m": 135.67488411436352,
        "Width diff": 0.4445202280886619,
        "Aspect ratio": 1.2215196256802725,
        "Aspect diff": -0.46856700747965163,
        "Final allowable GFA m²": 45284.26517776034,
        "GFA diff": -0.07953273350065174,
        "KG site area m²": 22642.13258888017,
        "Master Plan GPR": 2,
        "Master Plan GPR cap m²": 45284.26517776034,
        "Final GFA basis": "Master Plan GPR cap",
        "Width and aspect match": false,
        "GFA match": true,
        "Non-road context plots": 29,
        "Educational plots": 0,
        "B1-family plots": 25,
        "Business2 plots": 0,
        "Residential plots": 0,
        "Residential share": 0,
        "Non-residential plots": 29,
        "Non-residential share": 1,
        "Bordering road plots": 3,
        "Road type counts": "{\"Local Collector/Primary Access\":2,\"no category\":1}",
        "Context zone counts": "{\"Business1\":25,\"CivicAndCommunityInstitutionZone\":1,\"Utility\":3}",
        "Short address": "52 Ubi Avenue 3",
        "Full address": "52 Ubi Avenue 3, Geylang, Singapore 408866",
        "Address feature type": "address",
        "Address source": "Mapbox Geocoding v6"
      }
    },
    {
      "type": "Feature",
      "id": "UUID_83a14e3e-85cf-44f0-8230-7c61f024f896:Filter 1+2",
      "geometry": {
        "type": "Polygon",
        "coordinates": [
          [
            [
              103.753959470959,
              1.34320190109605
            ],
            [
              103.753558781338,
              1.34343279279564
            ],
            [
              103.753089623859,
              1.34369802446505
            ],
            [
              103.752712055466,
              1.3439124682136
            ],
            [
              103.752125142107,
              1.34424165597844
            ],
            [
              103.752103231284,
              1.34425183385704
            ],
            [
              103.752104946506,
              1.34425572086904
            ],
            [
              103.752082238599,
              1.34426771920461
            ],
            [
              103.752150804634,
              1.34438820804858
            ],
            [
              103.7521777014,
              1.34441032335061
            ],
            [
              103.75219133938,
              1.34442138055568
            ],
            [
              103.752211038072,
              1.34443472690752
            ],
            [
              103.752232252573,
              1.3444499788039
            ],
            [
              103.752247027319,
              1.3444583672698
            ],
            [
              103.752274303494,
              1.34447400100984
            ],
            [
              103.75231900547,
              1.34448887295304
            ],
            [
              103.752371664435,
              1.34449650030442
            ],
            [
              103.75238227195,
              1.34449611901693
            ],
            [
              103.752403259631,
              1.34449573898004
            ],
            [
              103.75242788381,
              1.34449459578139
            ],
            [
              103.752460843083,
              1.34449192810332
            ],
            [
              103.752467662281,
              1.34449116595213
            ],
            [
              103.752497211593,
              1.34448621012009
            ],
            [
              103.752519563413,
              1.34448201642644
            ],
            [
              103.752622608568,
              1.34445227986033
            ],
            [
              103.752709742766,
              1.34442711703202
            ],
            [
              103.752812939798,
              1.34439661808408
            ],
            [
              103.752956521199,
              1.34435430043763
            ],
            [
              103.753133440347,
              1.34430359500781
            ],
            [
              103.753246335577,
              1.34427156979554
            ],
            [
              103.753438788332,
              1.34421438418577
            ],
            [
              103.753645030491,
              1.34415376604879
            ],
            [
              103.753783686822,
              1.34411259220983
            ],
            [
              103.754016978539,
              1.34404511171117
            ],
            [
              103.754179123413,
              1.34399783777941
            ],
            [
              103.75427719856,
              1.34396920520637
            ],
            [
              103.754266247826,
              1.34394075085723
            ],
            [
              103.754252259296,
              1.34390501176015
            ],
            [
              103.754171802698,
              1.34377912895735
            ],
            [
              103.754138346762,
              1.34369093161336
            ],
            [
              103.75411922953,
              1.34361877000813
            ],
            [
              103.754098415251,
              1.34345265762885
            ],
            [
              103.754081875568,
              1.34342144478762
            ],
            [
              103.754037830711,
              1.34334260183409
            ],
            [
              103.753968722903,
              1.3432181672824
            ],
            [
              103.753961906825,
              1.34320589484539
            ],
            [
              103.753959470959,
              1.34320190109605
            ]
          ]
        ]
      },
      "properties": {
        "Filter stage": "Filter 1+2",
        "Role": "Candidate",
        "UUID": "UUID_83a14e3e-85cf-44f0-8230-7c61f024f896",
        "Zone": "Business1",
        "Width m": 91.28811896793195,
        "Width diff": -0.02806230280478632,
        "Aspect ratio": 2.6277713399411917,
        "Aspect diff": 0.14323532547947526,
        "Final allowable GFA m²": 37824.24029146119,
        "GFA diff": -0.23116837754067504,
        "KG site area m²": 15129.696116584475,
        "Master Plan GPR": 2.5,
        "Master Plan GPR cap m²": 37824.24029146119,
        "Final GFA basis": "Master Plan GPR cap",
        "Width and aspect match": true,
        "GFA match": false,
        "Non-road context plots": 22,
        "Educational plots": 0,
        "B1-family plots": 10,
        "Business2 plots": 0,
        "Residential plots": 1,
        "Residential share": 0.045454545454545456,
        "Non-residential plots": 21,
        "Non-residential share": 0.9545454545454546,
        "Bordering road plots": 1,
        "Road type counts": "{\"Local Collector/Primary Access\":1}",
        "Context zone counts": "{\"Business1\":10,\"Cemetery\":1,\"CivicAndCommunityInstitutionZone\":2,\"Park\":1,\"PlaceOfWorship\":2,\"Residential\":1,\"TransportFacilities\":2,\"Utility\":1,\"Waterbody\":2}",
        "Short address": "2 Bukit Batok Street 23",
        "Full address": "2 Bukit Batok Street 23, Bukit Batok, Singapore 659554",
        "Address feature type": "address",
        "Address source": "Mapbox Geocoding v6"
      }
    },
    {
      "type": "Feature",
      "id": "UUID_5171e36e-b196-41b4-921c-7da86c74e88f:Filter 1+2",
      "geometry": {
        "type": "Polygon",
        "coordinates": [
          [
            [
              103.823470001692,
              1.28026594511989
            ],
            [
              103.823473162941,
              1.28021560184955
            ],
            [
              103.82349671362,
              1.28021658769837
            ],
            [
              103.823496515924,
              1.28022112760954
            ],
            [
              103.82351214779,
              1.28022146047614
            ],
            [
              103.823512174746,
              1.28022146138061
            ],
            [
              103.823514011358,
              1.28022150027538
            ],
            [
              103.823514342918,
              1.28022150751158
            ],
            [
              103.823514002425,
              1.27997130590833
            ],
            [
              103.823514051241,
              1.27989382353857
            ],
            [
              103.823514087404,
              1.27983568282153
            ],
            [
              103.823514088311,
              1.27983328625445
            ],
            [
              103.82351411091,
              1.27979783786224
            ],
            [
              103.823514110911,
              1.2797973902016
            ],
            [
              103.823514110912,
              1.2797973151393
            ],
            [
              103.82351416672,
              1.27977118532349
            ],
            [
              103.823514190125,
              1.27976004716506
            ],
            [
              103.823514189227,
              1.27975973696789
            ],
            [
              103.823514186535,
              1.27975901618902
            ],
            [
              103.823514155093,
              1.27975699764638
            ],
            [
              103.823485238334,
              1.27976041060807
            ],
            [
              103.823442982775,
              1.27976488976396
            ],
            [
              103.823408263257,
              1.27976823397054
            ],
            [
              103.8233596155,
              1.2797724101379
            ],
            [
              103.823315615884,
              1.27977567834022
            ],
            [
              103.823311772836,
              1.27977594059094
            ],
            [
              103.82330526113,
              1.27977637646923
            ],
            [
              103.823216369514,
              1.27978127772725
            ],
            [
              103.823127392507,
              1.27978421643547
            ],
            [
              103.823038372874,
              1.27978519115457
            ],
            [
              103.822999698904,
              1.27978500289016
            ],
            [
              103.822920874672,
              1.27978347328827
            ],
            [
              103.822744491718,
              1.27977445333013
            ],
            [
              103.822633576239,
              1.27976480781495
            ],
            [
              103.822604611883,
              1.27976165779014
            ],
            [
              103.822522887203,
              1.27975270151892
            ],
            [
              103.822511128942,
              1.27975140370535
            ],
            [
              103.822482636318,
              1.27974825458551
            ],
            [
              103.822371001125,
              1.27973579738528
            ],
            [
              103.82228990183,
              1.27972662858354
            ],
            [
              103.822218876039,
              1.2797185188345
            ],
            [
              103.822215171369,
              1.27971809376682
            ],
            [
              103.822213159441,
              1.27974167055176
            ],
            [
              103.822213923198,
              1.27974179354874
            ],
            [
              103.822213877368,
              1.27974266445197
            ],
            [
              103.822208382136,
              1.27989893507036
            ],
            [
              103.822200352771,
              1.28011410967831
            ],
            [
              103.822104036698,
              1.28011091775185
            ],
            [
              103.82208891815,
              1.28046540522265
            ],
            [
              103.82238262416,
              1.28047734773661
            ],
            [
              103.822699206952,
              1.28049022542567
            ],
            [
              103.822701438021,
              1.28049031677584
            ],
            [
              103.823059081308,
              1.28050486495326
            ],
            [
              103.8231764133,
              1.2805096377575
            ],
            [
              103.823177877019,
              1.28050969745142
            ],
            [
              103.823249627975,
              1.28051261612208
            ],
            [
              103.823249821161,
              1.28051262335776
            ],
            [
              103.823323069082,
              1.2805156035291
            ],
            [
              103.823323865186,
              1.28051563608936
            ],
            [
              103.823324629842,
              1.28051566684077
            ],
            [
              103.823433868704,
              1.28052011041253
            ],
            [
              103.823467195608,
              1.28048785184483
            ],
            [
              103.823514584685,
              1.28044197359508
            ],
            [
              103.823514315788,
              1.28026726837695
            ],
            [
              103.823492148856,
              1.2802666216705
            ],
            [
              103.823491800223,
              1.28026661172114
            ],
            [
              103.823470421309,
              1.28026598762667
            ],
            [
              103.823469999895,
              1.28026597496393
            ],
            [
              103.823470001692,
              1.28026594511989
            ]
          ]
        ]
      },
      "properties": {
        "Filter stage": "Filter 1+2",
        "Role": "Candidate",
        "UUID": "UUID_5171e36e-b196-41b4-921c-7da86c74e88f",
        "Zone": "Business1",
        "Width m": 84.60949472740685,
        "Width diff": -0.09916910989156999,
        "Aspect ratio": 1.873523168712713,
        "Aspect diff": -0.18490705906528745,
        "Final allowable GFA m²": 30695.381296848533,
        "GFA diff": -0.37607260257937625,
        "KG site area m²": 12278.152518739413,
        "Master Plan GPR": 2.5,
        "Master Plan GPR cap m²": 30695.381296848533,
        "Final GFA basis": "Master Plan GPR cap",
        "Width and aspect match": true,
        "GFA match": false,
        "Non-road context plots": 11,
        "Educational plots": 0,
        "B1-family plots": 7,
        "Business2 plots": 0,
        "Residential plots": 1,
        "Residential share": 0.09090909090909091,
        "Non-residential plots": 10,
        "Non-residential share": 0.9090909090909091,
        "Bordering road plots": 2,
        "Road type counts": "{\"Slip Road\":1,\"Local Collector/Primary Access\":1}",
        "Context zone counts": "{\"Business1\":7,\"CivicAndCommunityInstitutionZone\":1,\"Park\":2,\"Residential\":1}",
        "Short address": "120 Lower Delta Road",
        "Full address": "120 Lower Delta Road, Bukit Merah, Singapore 169208",
        "Address feature type": "address",
        "Address source": "Mapbox Geocoding v6"
      }
    },
    {
      "type": "Feature",
      "id": "UUID_35135d18-0e4b-47a7-b9de-f13e52f23886:Filter 1+2",
      "geometry": {
        "type": "Polygon",
        "coordinates": [
          [
            [
              103.915026945316,
              1.33862634314664
            ],
            [
              103.915031126045,
              1.33861843796429
            ],
            [
              103.91511179888,
              1.33846484085841
            ],
            [
              103.915125155101,
              1.33843941151462
            ],
            [
              103.915136041341,
              1.33841868404001
            ],
            [
              103.915141414379,
              1.33840845460303
            ],
            [
              103.91517332914,
              1.33834769115036
            ],
            [
              103.915196523946,
              1.33830352848836
            ],
            [
              103.915220419583,
              1.33825803277069
            ],
            [
              103.915225116048,
              1.33824909117006
            ],
            [
              103.91524544733,
              1.33821038191635
            ],
            [
              103.915271145358,
              1.3381614531735
            ],
            [
              103.915292671645,
              1.33812046759612
            ],
            [
              103.915327543366,
              1.33805407437897
            ],
            [
              103.915346601469,
              1.33801778886181
            ],
            [
              103.915364770954,
              1.33798319634305
            ],
            [
              103.915380926,
              1.33795243748926
            ],
            [
              103.915389974802,
              1.33793520905828
            ],
            [
              103.915380352064,
              1.33793268078152
            ],
            [
              103.915379898288,
              1.33793256142079
            ],
            [
              103.915203267264,
              1.33788615180104
            ],
            [
              103.915067660102,
              1.33784566656497
            ],
            [
              103.914935000383,
              1.3377962701447
            ],
            [
              103.914805865363,
              1.33773817776503
            ],
            [
              103.914343513182,
              1.33751147915768
            ],
            [
              103.914006121848,
              1.3373451245125
            ],
            [
              103.913980628479,
              1.33733305210107
            ],
            [
              103.913966289069,
              1.33732602295664
            ],
            [
              103.913964386792,
              1.33732509062062
            ],
            [
              103.913841574484,
              1.33726489028582
            ],
            [
              103.913806421455,
              1.33724765879672
            ],
            [
              103.91378527177,
              1.33723729096528
            ],
            [
              103.913782557185,
              1.33723596073589
            ],
            [
              103.913765357622,
              1.33722752901653
            ],
            [
              103.913762707734,
              1.33722623043772
            ],
            [
              103.913748638795,
              1.33721933422447
            ],
            [
              103.913733869869,
              1.337212094376
            ],
            [
              103.913730840099,
              1.33721068700473
            ],
            [
              103.913727752148,
              1.33720941415767
            ],
            [
              103.913724611907,
              1.33720827826659
            ],
            [
              103.913723096025,
              1.33720778453399
            ],
            [
              103.913716394086,
              1.33720601228031
            ],
            [
              103.91370956014,
              1.33720485864955
            ],
            [
              103.913702650434,
              1.33720433314626
            ],
            [
              103.913695721844,
              1.33720444009594
            ],
            [
              103.913688831401,
              1.33720517861827
            ],
            [
              103.913682035821,
              1.33720654263434
            ],
            [
              103.913675391039,
              1.33720852091669
            ],
            [
              103.913668951755,
              1.33721109719296
            ],
            [
              103.913645603982,
              1.33722169710358
            ],
            [
              103.913630579424,
              1.33722851830873
            ],
            [
              103.913612049652,
              1.33723712484299
            ],
            [
              103.913597968414,
              1.33724491766069
            ],
            [
              103.913584516783,
              1.33725376569052
            ],
            [
              103.913571772673,
              1.33726361769225
            ],
            [
              103.913563752691,
              1.33728030889136
            ],
            [
              103.913542333426,
              1.33732489834064
            ],
            [
              103.913487090247,
              1.33743989180218
            ],
            [
              103.913368488645,
              1.33757577362103
            ],
            [
              103.91335417156,
              1.33759217653421
            ],
            [
              103.913292196745,
              1.33766318106094
            ],
            [
              103.913262778801,
              1.33771669503081
            ],
            [
              103.913262258572,
              1.33771779656278
            ],
            [
              103.913261934215,
              1.3377184884116
            ],
            [
              103.913258239115,
              1.33772756566871
            ],
            [
              103.913255352972,
              1.3377369352781
            ],
            [
              103.913253298213,
              1.33774652436728
            ],
            [
              103.913252090819,
              1.33775625836471
            ],
            [
              103.913251740177,
              1.33776606157193
            ],
            [
              103.913252249015,
              1.33777585775227
            ],
            [
              103.913253613377,
              1.33778557072368
            ],
            [
              103.913255822651,
              1.33779512495124
            ],
            [
              103.913258859658,
              1.3378044461345
            ],
            [
              103.913262700778,
              1.33781346178534
            ],
            [
              103.913267316141,
              1.33782210179168
            ],
            [
              103.913272669854,
              1.33783029896273
            ],
            [
              103.913278720284,
              1.33783798955146
            ],
            [
              103.913285420377,
              1.33784511375042
            ],
            [
              103.91329271803,
              1.3378516161568
            ],
            [
              103.91330055649,
              1.33785744620328
            ],
            [
              103.913308874799,
              1.3378625585513
            ],
            [
              103.913317608263,
              1.33786691345993
            ],
            [
              103.913311436525,
              1.33788097742135
            ],
            [
              103.913330382887,
              1.33788939913839
            ],
            [
              103.913524598159,
              1.3379757296416
            ],
            [
              103.913611945524,
              1.33801455652397
            ],
            [
              103.913629313998,
              1.33802227650431
            ],
            [
              103.913837873176,
              1.33811498317665
            ],
            [
              103.913853485844,
              1.33812192365185
            ],
            [
              103.913962384542,
              1.33817032973288
            ],
            [
              103.914122001281,
              1.33824128172214
            ],
            [
              103.91430168851,
              1.33832115367638
            ],
            [
              103.914354736545,
              1.33834473409919
            ],
            [
              103.914611513995,
              1.33845887432454
            ],
            [
              103.91467624346,
              1.33848764720618
            ],
            [
              103.914752417127,
              1.33852150765332
            ],
            [
              103.914995973934,
              1.3386297708184
            ],
            [
              103.915010449916,
              1.33863620488023
            ],
            [
              103.915019582993,
              1.33864026426229
            ],
            [
              103.91501985165,
              1.33863990250784
            ],
            [
              103.915020386258,
              1.33863888508088
            ],
            [
              103.915026612872,
              1.33862703047411
            ],
            [
              103.915026945316,
              1.33862634314664
            ]
          ]
        ]
      },
      "properties": {
        "Filter stage": "Filter 1+2",
        "Role": "Candidate",
        "UUID": "UUID_35135d18-0e4b-47a7-b9de-f13e52f23886",
        "Zone": "Business1",
        "Width m": 87.96926823399554,
        "Width diff": -0.0633978555157579,
        "Aspect ratio": 2.5727374435932173,
        "Aspect diff": 0.11929233871823437,
        "Final allowable GFA m²": 45652.43266459832,
        "GFA diff": -0.07204920431245769,
        "KG site area m²": 18260.973065839327,
        "Master Plan GPR": 2.5,
        "Master Plan GPR cap m²": 45652.43266459832,
        "Final GFA basis": "Master Plan GPR cap",
        "Width and aspect match": true,
        "GFA match": true,
        "Non-road context plots": 14,
        "Educational plots": 0,
        "B1-family plots": 3,
        "Business2 plots": 5,
        "Residential plots": 0,
        "Residential share": 0,
        "Non-residential plots": 14,
        "Non-residential share": 1,
        "Bordering road plots": 3,
        "Road type counts": "{\"Local Access\":2,\"Local Collector/Primary Access\":1}",
        "Context zone counts": "{\"Business1\":3,\"Business2\":5,\"HealthAndMedicalCare\":1,\"OpenSpace\":2,\"PlaceOfWorship\":2,\"Utility\":1}",
        "Short address": "Near Kaki Bukit Avenue 5",
        "Full address": "Kaki Bukit Avenue 5, Singapore",
        "Address feature type": "street",
        "Address source": "Mapbox Geocoding v6"
      }
    },
    {
      "type": "Feature",
      "id": "UUID_3e963d0e-2236-4fef-8ce9-8a7675f51635:Filter 1+2",
      "geometry": {
        "type": "Polygon",
        "coordinates": [
          [
            [
              103.842283494081,
              1.35157484358946
            ],
            [
              103.842105603823,
              1.3511223816818
            ],
            [
              103.842065994787,
              1.35102167180382
            ],
            [
              103.842053145156,
              1.3509726191242
            ],
            [
              103.842049522957,
              1.35094750493737
            ],
            [
              103.842052515974,
              1.35092005746645
            ],
            [
              103.842080245453,
              1.3508680202375
            ],
            [
              103.842063235447,
              1.35081148847918
            ],
            [
              103.841714348745,
              1.35062925304942
            ],
            [
              103.841628574755,
              1.3505908738116
            ],
            [
              103.841541580518,
              1.35055538555812
            ],
            [
              103.841453462234,
              1.35052282743098
            ],
            [
              103.841325677445,
              1.35048788321585
            ],
            [
              103.841285221531,
              1.35048202057321
            ],
            [
              103.841244403816,
              1.35047987936897
            ],
            [
              103.841203561543,
              1.35048147729788
            ],
            [
              103.841163032159,
              1.35048680115754
            ],
            [
              103.841123150526,
              1.35049580696114
            ],
            [
              103.841084246158,
              1.35050842030999
            ],
            [
              103.840917252008,
              1.35058187422299
            ],
            [
              103.840916209676,
              1.3505823716267
            ],
            [
              103.84117138457,
              1.35086514747971
            ],
            [
              103.841286742514,
              1.35098293152468
            ],
            [
              103.841378009004,
              1.35107610788849
            ],
            [
              103.841605328358,
              1.35130695518171
            ],
            [
              103.841762309751,
              1.35146710853313
            ],
            [
              103.841874261831,
              1.35173761257955
            ],
            [
              103.841883597894,
              1.35173389560875
            ],
            [
              103.842283494081,
              1.35157484358946
            ]
          ]
        ]
      },
      "properties": {
        "Filter stage": "Filter 1+2",
        "Role": "Candidate",
        "UUID": "UUID_3e963d0e-2236-4fef-8ce9-8a7675f51635",
        "Zone": "Business1",
        "Width m": 81.76608960692829,
        "Width diff": -0.12944262912096532,
        "Aspect ratio": 2.222873311269016,
        "Aspect diff": -0.03291916808669317,
        "Final allowable GFA m²": 23883.448467227026,
        "GFA diff": -0.5145348513681284,
        "KG site area m²": 9553.37938689081,
        "Master Plan GPR": 2.5,
        "Master Plan GPR cap m²": 23883.448467227026,
        "Final GFA basis": "Master Plan GPR cap",
        "Width and aspect match": true,
        "GFA match": false,
        "Non-road context plots": 11,
        "Educational plots": 0,
        "B1-family plots": 9,
        "Business2 plots": 0,
        "Residential plots": 2,
        "Residential share": 0.18181818181818182,
        "Non-residential plots": 9,
        "Non-residential share": 0.8181818181818182,
        "Bordering road plots": 1,
        "Road type counts": "{\"Local Access\":1}",
        "Context zone counts": "{\"Business1\":9,\"Residential\":2}",
        "Short address": "49 Jalan Pemimpin",
        "Full address": "49 Jalan Pemimpin, Bishan, Singapore 577203",
        "Address feature type": "address",
        "Address source": "Mapbox Geocoding v6"
      }
    },
    {
      "type": "Feature",
      "id": "UUID_b43ecfeb-b143-496a-b592-52a1806b8e35:Filter 1+2",
      "geometry": {
        "type": "Polygon",
        "coordinates": [
          [
            [
              103.891721357021,
              1.35227380604726
            ],
            [
              103.891296493704,
              1.35128527142551
            ],
            [
              103.890859426297,
              1.35147397109163
            ],
            [
              103.89083297115,
              1.35141235740487
            ],
            [
              103.890601512613,
              1.3515118935886
            ],
            [
              103.890490094601,
              1.35155980762416
            ],
            [
              103.890503187388,
              1.35159067506516
            ],
            [
              103.891074927321,
              1.35293723587372
            ],
            [
              103.891079578569,
              1.35294914713995
            ],
            [
              103.891104635465,
              1.35300612960793
            ],
            [
              103.891213806357,
              1.3529639022367
            ],
            [
              103.891331961001,
              1.35291820098264
            ],
            [
              103.891741971406,
              1.35274334226484
            ],
            [
              103.891804286222,
              1.35271962742775
            ],
            [
              103.891859805471,
              1.35259469815034
            ],
            [
              103.891721357021,
              1.35227380604726
            ]
          ]
        ]
      },
      "properties": {
        "Filter stage": "Filter 1+2",
        "Role": "Candidate",
        "UUID": "UUID_b43ecfeb-b143-496a-b592-52a1806b8e35",
        "Zone": "Business1",
        "Width m": 95.24628947721067,
        "Width diff": 0.014080039193144253,
        "Aspect ratio": 1.8414323336671123,
        "Aspect diff": -0.19886846266636576,
        "Final allowable GFA m²": 40624.5206925149,
        "GFA diff": -0.1742486851028813,
        "KG site area m²": 16249.808277005961,
        "Master Plan GPR": 2.5,
        "Master Plan GPR cap m²": 40624.5206925149,
        "Final GFA basis": "Master Plan GPR cap",
        "Width and aspect match": true,
        "GFA match": true,
        "Non-road context plots": 33,
        "Educational plots": 0,
        "B1-family plots": 21,
        "Business2 plots": 7,
        "Residential plots": 0,
        "Residential share": 0,
        "Non-residential plots": 33,
        "Non-residential share": 1,
        "Bordering road plots": 2,
        "Road type counts": "{\"Local Access\":1,\"Major Arterials/Minor Arterials\":1}",
        "Context zone counts": "{\"Business1\":21,\"Business2\":7,\"CivicAndCommunityInstitutionZone\":1,\"Park\":1,\"TransportFacilities\":1,\"Waterbody\":2}",
        "Short address": "37 Defu Lane 10",
        "Full address": "37 Defu Lane 10, Hougang, Singapore 539214",
        "Address feature type": "address",
        "Address source": "Mapbox Geocoding v6"
      }
    },
    {
      "type": "Feature",
      "id": "UUID_abb8ffed-bf54-4a47-894e-e388b9549ff7:Filter 1+2",
      "geometry": {
        "type": "Polygon",
        "coordinates": [
          [
            [
              103.893513403634,
              1.35945557792843
            ],
            [
              103.893888030918,
              1.35934088612275
            ],
            [
              103.893912382037,
              1.35934016201707
            ],
            [
              103.893933390819,
              1.35935259648967
            ],
            [
              103.89394490199,
              1.35937428284425
            ],
            [
              103.893968095925,
              1.35945231077186
            ],
            [
              103.893983677893,
              1.35948574470982
            ],
            [
              103.894007158131,
              1.35951408687943
            ],
            [
              103.894036487882,
              1.35953633348843
            ],
            [
              103.894070031722,
              1.35955116420675
            ],
            [
              103.894106118313,
              1.3595582987238
            ],
            [
              103.894142779771,
              1.35955685985641
            ],
            [
              103.89434205419,
              1.35953407387234
            ],
            [
              103.894374420698,
              1.35954043072702
            ],
            [
              103.894390227208,
              1.3595696322335
            ],
            [
              103.894402585424,
              1.35968635816081
            ],
            [
              103.894402816613,
              1.35969657837075
            ],
            [
              103.894403167973,
              1.35969740947219
            ],
            [
              103.894402917894,
              1.35968635815235
            ],
            [
              103.894400346499,
              1.35955530956571
            ],
            [
              103.894389890154,
              1.35949443348371
            ],
            [
              103.894372228952,
              1.35939160505026
            ],
            [
              103.894346881855,
              1.35923454392052
            ],
            [
              103.894313321729,
              1.35907186509056
            ],
            [
              103.894302509897,
              1.35902456351822
            ],
            [
              103.894186903632,
              1.35865038861907
            ],
            [
              103.894186747269,
              1.35864989755346
            ],
            [
              103.893955802297,
              1.35792441546813
            ],
            [
              103.89391093504,
              1.35788482354981
            ],
            [
              103.893194702857,
              1.35810182824268
            ],
            [
              103.893277824798,
              1.35847206369709
            ],
            [
              103.893298157036,
              1.35856089161792
            ],
            [
              103.893298272065,
              1.35856138811081
            ],
            [
              103.893307600171,
              1.35860171888915
            ],
            [
              103.89332094344,
              1.3586570773816
            ],
            [
              103.893342530097,
              1.35874663961391
            ],
            [
              103.893492962752,
              1.35937077262397
            ],
            [
              103.893513403634,
              1.35945557792843
            ]
          ]
        ]
      },
      "properties": {
        "Filter stage": "Filter 1+2",
        "Role": "Candidate",
        "UUID": "UUID_abb8ffed-bf54-4a47-894e-e388b9549ff7",
        "Zone": "Business1",
        "Width m": 96.5787629279148,
        "Width diff": 0.02826678322832447,
        "Aspect ratio": 2.1504899834265965,
        "Aspect diff": -0.06441017954093493,
        "Final allowable GFA m²": 39431.62605015459,
        "GFA diff": -0.1984959698134736,
        "KG site area m²": 15772.650420061836,
        "Master Plan GPR": 2.5,
        "Master Plan GPR cap m²": 39431.62605015459,
        "Final GFA basis": "Master Plan GPR cap",
        "Width and aspect match": true,
        "GFA match": true,
        "Non-road context plots": 27,
        "Educational plots": 0,
        "B1-family plots": 20,
        "Business2 plots": 5,
        "Residential plots": 0,
        "Residential share": 0,
        "Non-residential plots": 27,
        "Non-residential share": 1,
        "Bordering road plots": 1,
        "Road type counts": "{\"Local Access\":1}",
        "Context zone counts": "{\"Business1\":20,\"Business2\":5,\"Waterbody\":2}",
        "Short address": "1 Defu Lane 10",
        "Full address": "1 Defu Lane 10, Hougang, Singapore 539182",
        "Address feature type": "address",
        "Address source": "Mapbox Geocoding v6"
      }
    },
    {
      "type": "Feature",
      "id": "UUID_9fc7c32d-3c2b-442d-ada6-eb7326165303:Filter 1+2",
      "geometry": {
        "type": "Polygon",
        "coordinates": [
          [
            [
              103.80587928892,
              1.43582473234748
            ],
            [
              103.805797843155,
              1.43573042160522
            ],
            [
              103.805797753294,
              1.43573050299685
            ],
            [
              103.805791437898,
              1.43573615519325
            ],
            [
              103.805760214968,
              1.43576409784326
            ],
            [
              103.805677127247,
              1.4358384572318
            ],
            [
              103.805536983483,
              1.43596387810115
            ],
            [
              103.805383224935,
              1.43610148238125
            ],
            [
              103.805260697399,
              1.43621113767761
            ],
            [
              103.805153837937,
              1.4363067710029
            ],
            [
              103.805153552181,
              1.43630702693428
            ],
            [
              103.805519838455,
              1.43698990740651
            ],
            [
              103.805584266333,
              1.43710981777247
            ],
            [
              103.805585857723,
              1.43711174589526
            ],
            [
              103.805592104671,
              1.43711931278234
            ],
            [
              103.805606709337,
              1.4371370032183
            ],
            [
              103.805627925776,
              1.43716270549252
            ],
            [
              103.805642508877,
              1.43718037151016
            ],
            [
              103.80567213785,
              1.43721626244756
            ],
            [
              103.805689740191,
              1.43723758484399
            ],
            [
              103.805698305483,
              1.43724795890381
            ],
            [
              103.805699877092,
              1.43725088453938
            ],
            [
              103.805716036183,
              1.43728094759278
            ],
            [
              103.805740919547,
              1.43732724588851
            ],
            [
              103.805764257363,
              1.43737066467134
            ],
            [
              103.805778314685,
              1.4373968199434
            ],
            [
              103.805784433016,
              1.4374143800468
            ],
            [
              103.805794150099,
              1.43744227435739
            ],
            [
              103.805800513738,
              1.43746054077175
            ],
            [
              103.805806948363,
              1.43747900976442
            ],
            [
              103.805814317496,
              1.43750016291973
            ],
            [
              103.805827737568,
              1.43753868354804
            ],
            [
              103.805839590542,
              1.43757270494808
            ],
            [
              103.805844271169,
              1.43758614204
            ],
            [
              103.805850593474,
              1.4376042863646
            ],
            [
              103.805851763406,
              1.43760764608976
            ],
            [
              103.805879978697,
              1.43766016282882
            ],
            [
              103.80588041542,
              1.43765977214901
            ],
            [
              103.805996386778,
              1.43755598425396
            ],
            [
              103.806184042588,
              1.43738804165332
            ],
            [
              103.806341801768,
              1.43724685428005
            ],
            [
              103.806558289278,
              1.43705310778118
            ],
            [
              103.806682154822,
              1.43694225414914
            ],
            [
              103.80677048142,
              1.43686320656473
            ],
            [
              103.806773677758,
              1.43686034519549
            ],
            [
              103.806739896398,
              1.43682127086337
            ],
            [
              103.806729411722,
              1.43680913598881
            ],
            [
              103.806699377458,
              1.4367743628536
            ],
            [
              103.806645774242,
              1.43671229303247
            ],
            [
              103.806476597901,
              1.43651639320595
            ],
            [
              103.806410684103,
              1.43644006774921
            ],
            [
              103.806295745395,
              1.43630697299119
            ],
            [
              103.806158561373,
              1.43614811987538
            ],
            [
              103.806012976516,
              1.43597953750604
            ],
            [
              103.80587928892,
              1.43582473234748
            ]
          ]
        ]
      },
      "properties": {
        "Filter stage": "Filter 1+2",
        "Role": "Candidate",
        "UUID": "UUID_9fc7c32d-3c2b-442d-ada6-eb7326165303",
        "Zone": "Business1",
        "Width m": 133.08132309135544,
        "Width diff": 0.41690678006566945,
        "Aspect ratio": 1.2552183780806874,
        "Aspect diff": -0.45390606511257237,
        "Final allowable GFA m²": 47345.77213563754,
        "GFA diff": -0.037629664809177746,
        "KG site area m²": 18938.308854255018,
        "Master Plan GPR": 2.5,
        "Master Plan GPR cap m²": 47345.77213563754,
        "Final GFA basis": "Master Plan GPR cap",
        "Width and aspect match": false,
        "GFA match": true,
        "Non-road context plots": 11,
        "Educational plots": 1,
        "B1-family plots": 3,
        "Business2 plots": 1,
        "Residential plots": 1,
        "Residential share": 0.09090909090909091,
        "Non-residential plots": 10,
        "Non-residential share": 0.9090909090909091,
        "Bordering road plots": 2,
        "Road type counts": "{\"Local Collector/Primary Access\":1,\"Local Access\":1}",
        "Context zone counts": "{\"Business1\":3,\"Business2\":1,\"CivicAndCommunityInstitutionZone\":1,\"EducationalInstitution\":1,\"HealthAndMedicalCare\":1,\"Park\":3,\"Residential\":1}",
        "Short address": "31 Woodlands Close",
        "Full address": "31 Woodlands Close, Woodlands, Singapore 737855",
        "Address feature type": "address",
        "Address source": "Mapbox Geocoding v6"
      }
    },
    {
      "type": "Feature",
      "id": "UUID_b63a2359-de88-4d35-984a-d5603e2549f4:Filter 1+2",
      "geometry": {
        "type": "Polygon",
        "coordinates": [
          [
            [
              103.756772348974,
              1.33832120023809
            ],
            [
              103.756605879447,
              1.33840748034476
            ],
            [
              103.755982394956,
              1.33876026195704
            ],
            [
              103.755951579922,
              1.33887116309791
            ],
            [
              103.756171741298,
              1.33926531890873
            ],
            [
              103.756281885604,
              1.33929633302662
            ],
            [
              103.756905424107,
              1.33894361465182
            ],
            [
              103.757034863501,
              1.33887610886223
            ],
            [
              103.757168669611,
              1.33881732850297
            ],
            [
              103.757306060666,
              1.33876814445123
            ],
            [
              103.757446524491,
              1.33872851961168
            ],
            [
              103.75758927036,
              1.33869833639199
            ],
            [
              103.757733588397,
              1.33867812834442
            ],
            [
              103.757879137159,
              1.33866763319276
            ],
            [
              103.758024973132,
              1.33866787283876
            ],
            [
              103.758170458388,
              1.33867730080078
            ],
            [
              103.758315116676,
              1.33869649585714
            ],
            [
              103.758458112324,
              1.33872587398968
            ],
            [
              103.758548425697,
              1.33874917407765
            ],
            [
              103.758655158002,
              1.33869732927313
            ],
            [
              103.758818268023,
              1.33827542144489
            ],
            [
              103.758770279093,
              1.3381743573279
            ],
            [
              103.758600075649,
              1.3381280848663
            ],
            [
              103.758416691007,
              1.33809034918191
            ],
            [
              103.758231030834,
              1.33806537489072
            ],
            [
              103.758044095221,
              1.33805322261532
            ],
            [
              103.757856808792,
              1.33805356048239
            ],
            [
              103.757669953287,
              1.33806642288176
            ],
            [
              103.757484220568,
              1.33809267169354
            ],
            [
              103.757300661979,
              1.33813111952102
            ],
            [
              103.757120104187,
              1.33818196625475
            ],
            [
              103.756944254419,
              1.338246152487
            ],
            [
              103.756772348974,
              1.33832120023809
            ]
          ]
        ]
      },
      "properties": {
        "Filter stage": "Filter 1+2",
        "Role": "Candidate",
        "UUID": "UUID_b63a2359-de88-4d35-984a-d5603e2549f4",
        "Zone": "Business1",
        "Width m": 98.84509756501211,
        "Width diff": 0.0523962766734452,
        "Aspect ratio": 3.2940160865047274,
        "Aspect diff": 0.4330910363281978,
        "Final allowable GFA m²": 53768.7262930984,
        "GFA diff": 0.09292603777230383,
        "KG site area m²": 21507.49051723936,
        "Master Plan GPR": 2.5,
        "Master Plan GPR cap m²": 53768.7262930984,
        "Final GFA basis": "Master Plan GPR cap",
        "Width and aspect match": false,
        "GFA match": true,
        "Non-road context plots": 10,
        "Educational plots": 0,
        "B1-family plots": 9,
        "Business2 plots": 0,
        "Residential plots": 0,
        "Residential share": 0,
        "Non-residential plots": 10,
        "Non-residential share": 1,
        "Bordering road plots": 1,
        "Road type counts": "{\"Local Collector/Primary Access\":1}",
        "Context zone counts": "{\"Business1\":9,\"CivicAndCommunityInstitutionZone\":1}",
        "Short address": "20 Bukit Batok Street 23",
        "Full address": "20 Bukit Batok Street 23, Bukit Batok, Singapore 658080",
        "Address feature type": "address",
        "Address source": "Mapbox Geocoding v6"
      }
    },
    {
      "type": "Feature",
      "id": "UUID_6dbebc22-19c0-4374-9d1a-93a350eca99e:Filter 1+2",
      "geometry": {
        "type": "Polygon",
        "coordinates": [
          [
            [
              103.809912612958,
              1.29096321734588
            ],
            [
              103.809760673958,
              1.28999603215167
            ],
            [
              103.809712744816,
              1.29000083659457
            ],
            [
              103.809438812795,
              1.28999977410532
            ],
            [
              103.809202663769,
              1.28997465493937
            ],
            [
              103.809166441804,
              1.28997078662523
            ],
            [
              103.808909127919,
              1.28991652316981
            ],
            [
              103.808324702726,
              1.29041782585051
            ],
            [
              103.808925740286,
              1.29112786931951
            ],
            [
              103.809257604859,
              1.29104967479384
            ],
            [
              103.809525957491,
              1.29100306366241
            ],
            [
              103.809912612958,
              1.29096321734588
            ]
          ]
        ]
      },
      "properties": {
        "Filter stage": "Filter 1+2",
        "Role": "Candidate",
        "UUID": "UUID_6dbebc22-19c0-4374-9d1a-93a350eca99e",
        "Zone": "Business1",
        "Width m": 132.4435202194727,
        "Width diff": 0.4101161411350988,
        "Aspect ratio": 1.2479821388714998,
        "Aspect diff": -0.4570542554295228,
        "Final allowable GFA m²": 41193.03681736154,
        "GFA diff": -0.1626927841438129,
        "KG site area m²": 16477.214726944618,
        "Master Plan GPR": 2.5,
        "Master Plan GPR cap m²": 41193.03681736154,
        "Final GFA basis": "Master Plan GPR cap",
        "Width and aspect match": false,
        "GFA match": true,
        "Non-road context plots": 22,
        "Educational plots": 0,
        "B1-family plots": 18,
        "Business2 plots": 0,
        "Residential plots": 1,
        "Residential share": 0.045454545454545456,
        "Non-residential plots": 21,
        "Non-residential share": 0.9545454545454546,
        "Bordering road plots": 1,
        "Road type counts": "{\"Local Collector/Primary Access\":1}",
        "Context zone counts": "{\"Business1\":18,\"OpenSpace\":1,\"PlaceOfWorship\":1,\"ReserveSite\":1,\"Residential\":1}",
        "Short address": "45 Leng Kee Road",
        "Full address": "45 Leng Kee Road, Bukit Merah, Singapore 159103",
        "Address feature type": "address",
        "Address source": "Mapbox Geocoding v6"
      }
    },
    {
      "type": "Feature",
      "id": "UUID_6bf7ed63-8da9-4e3b-bdf6-c3ed43982dcd:Filter 1+2",
      "geometry": {
        "type": "Polygon",
        "coordinates": [
          [
            [
              103.723588992379,
              1.32640056016175
            ],
            [
              103.723591135136,
              1.326101166383
            ],
            [
              103.724037886122,
              1.32611080326924
            ],
            [
              103.724124343026,
              1.32572209472501
            ],
            [
              103.724054286527,
              1.32572097201329
            ],
            [
              103.723941919016,
              1.3257191727641
            ],
            [
              103.722979269818,
              1.32570375922592
            ],
            [
              103.722979167166,
              1.32570865453785
            ],
            [
              103.722877967912,
              1.32580499177957
            ],
            [
              103.722868200184,
              1.32581540960193
            ],
            [
              103.722859663427,
              1.32582686749689
            ],
            [
              103.722852474459,
              1.32583922077164
            ],
            [
              103.722846723143,
              1.32585230664487
            ],
            [
              103.722842463398,
              1.32586597137735
            ],
            [
              103.722839758131,
              1.3258800250557
            ],
            [
              103.722839264546,
              1.32588634743473
            ],
            [
              103.722836406564,
              1.32600085593097
            ],
            [
              103.722830638248,
              1.32627567438081
            ],
            [
              103.722882495805,
              1.32633010760133
            ],
            [
              103.722937951978,
              1.32638657579903
            ],
            [
              103.723588992379,
              1.32640056016175
            ]
          ]
        ]
      },
      "properties": {
        "Filter stage": "Filter 1+2",
        "Role": "Candidate",
        "UUID": "UUID_6bf7ed63-8da9-4e3b-bdf6-c3ed43982dcd",
        "Zone": "Business1",
        "Width m": 75.95969619312382,
        "Width diff": -0.19126286057523625,
        "Aspect ratio": 1.8823747933525996,
        "Aspect diff": -0.18105608092940845,
        "Final allowable GFA m²": 21425.575312218243,
        "GFA diff": -0.5644946282467461,
        "KG site area m²": 8570.230124887297,
        "Master Plan GPR": 2.5,
        "Master Plan GPR cap m²": 21425.575312218243,
        "Final GFA basis": "Master Plan GPR cap",
        "Width and aspect match": true,
        "GFA match": false,
        "Non-road context plots": 16,
        "Educational plots": 0,
        "B1-family plots": 2,
        "Business2 plots": 4,
        "Residential plots": 7,
        "Residential share": 0.4375,
        "Non-residential plots": 9,
        "Non-residential share": 0.5625,
        "Bordering road plots": 2,
        "Road type counts": "{\"Local Collector/Primary Access\":1,\"no category\":1}",
        "Context zone counts": "{\"Business1\":2,\"Business2\":4,\"CommercialAndResidential\":4,\"PlaceOfWorship\":1,\"ReserveSite\":1,\"Residential\":3,\"Waterbody\":1}",
        "Short address": "18 Yung Ho Road",
        "Full address": "18 Yung Ho Road, Jurong West, Singapore 618591",
        "Address feature type": "address",
        "Address source": "Mapbox Geocoding v6"
      }
    },
    {
      "type": "Feature",
      "id": "UUID_7f6c9673-0c8a-4056-8b1e-aed0620eecf2:Filter 1+2",
      "geometry": {
        "type": "Polygon",
        "coordinates": [
          [
            [
              103.747418182468,
              1.33157794587938
            ],
            [
              103.747394279347,
              1.33157080961256
            ],
            [
              103.747370638207,
              1.33157515424994
            ],
            [
              103.747349121036,
              1.33158571646105
            ],
            [
              103.74732800796,
              1.3316036257356
            ],
            [
              103.747316370946,
              1.3316244681937
            ],
            [
              103.747309807125,
              1.33164675962029
            ],
            [
              103.747309982217,
              1.33167632688826
            ],
            [
              103.747315421745,
              1.33173758233541
            ],
            [
              103.747323037608,
              1.33179784848524
            ],
            [
              103.747328846294,
              1.3318374489602
            ],
            [
              103.74732888065,
              1.33185730154997
            ],
            [
              103.747320561886,
              1.33188142967725
            ],
            [
              103.747317599267,
              1.33188378091842
            ],
            [
              103.747333113002,
              1.33193053796291
            ],
            [
              103.747340235284,
              1.33194691714119
            ],
            [
              103.747353839227,
              1.33197820317134
            ],
            [
              103.747378744705,
              1.3320237948207
            ],
            [
              103.747395073309,
              1.33204818698297
            ],
            [
              103.747407629972,
              1.33206694482792
            ],
            [
              103.747464690092,
              1.33214335379245
            ],
            [
              103.747485275044,
              1.33217092041952
            ],
            [
              103.747507019079,
              1.33220007786255
            ],
            [
              103.747644687656,
              1.33243453893459
            ],
            [
              103.747680484304,
              1.33248685761864
            ],
            [
              103.747712030944,
              1.33253459916966
            ],
            [
              103.747742921605,
              1.33258335539331
            ],
            [
              103.747772985558,
              1.33263317783235
            ],
            [
              103.747801989182,
              1.33268403120848
            ],
            [
              103.747835748418,
              1.33274775293942
            ],
            [
              103.747838719748,
              1.33275336100161
            ],
            [
              103.747841340649,
              1.33275877190028
            ],
            [
              103.747874141097,
              1.33282340067395
            ],
            [
              103.747874958706,
              1.33282560915828
            ],
            [
              103.747878930852,
              1.33283631424835
            ],
            [
              103.747967882076,
              1.33290027032564
            ],
            [
              103.747993844852,
              1.33290303587051
            ],
            [
              103.748430293375,
              1.33294952900759
            ],
            [
              103.74880091216,
              1.33298900826399
            ],
            [
              103.748976572385,
              1.33320766230734
            ],
            [
              103.748977182504,
              1.33320768855493
            ],
            [
              103.749021707592,
              1.3332122462733
            ],
            [
              103.749053586123,
              1.3329079480192
            ],
            [
              103.749065750176,
              1.33279328146667
            ],
            [
              103.749119464186,
              1.33228639024
            ],
            [
              103.749137368236,
              1.33211785004031
            ],
            [
              103.748968638087,
              1.33209993783406
            ],
            [
              103.748956562466,
              1.33209799484503
            ],
            [
              103.748944751964,
              1.3320947097895
            ],
            [
              103.748307216254,
              1.33187889664069
            ],
            [
              103.747418182468,
              1.33157794587938
            ]
          ]
        ]
      },
      "properties": {
        "Filter stage": "Filter 1+2",
        "Role": "Candidate",
        "UUID": "UUID_7f6c9673-0c8a-4056-8b1e-aed0620eecf2",
        "Zone": "Business1",
        "Width m": 121.35671379961786,
        "Width diff": 0.2920757518403194,
        "Aspect ratio": 1.9238117745059868,
        "Aspect diff": -0.16302855322342483,
        "Final allowable GFA m²": 51470.55670697981,
        "GFA diff": 0.046212463673603245,
        "KG site area m²": 20588.222682791926,
        "Master Plan GPR": 2.5,
        "Master Plan GPR cap m²": 51470.55670697981,
        "Final GFA basis": "Master Plan GPR cap",
        "Width and aspect match": false,
        "GFA match": true,
        "Non-road context plots": 24,
        "Educational plots": 0,
        "B1-family plots": 6,
        "Business2 plots": 0,
        "Residential plots": 2,
        "Residential share": 0.08333333333333333,
        "Non-residential plots": 22,
        "Non-residential share": 0.9166666666666666,
        "Bordering road plots": 3,
        "Road type counts": "{\"Local Collector/Primary Access\":1,\"Slip Road\":1,\"Major Arterials/Minor Arterials\":1}",
        "Context zone counts": "{\"Business1\":6,\"BusinessPark\":1,\"BusinessParkWhite\":1,\"HealthAndMedicalCare\":1,\"OpenSpace\":1,\"ReserveSite\":1,\"Residential\":2,\"SportsAndRecreation\":1,\"Utility\":2,\"Waterbody\":8}",
        "Short address": "10 Toh Guan Road",
        "Full address": "10 Toh Guan Road, Jurong East, Singapore 608838",
        "Address feature type": "address",
        "Address source": "Mapbox Geocoding v6"
      }
    },
    {
      "type": "Feature",
      "id": "UUID_6be95521-4143-45d0-bfd8-719f32c8a8ee:Filter 1+2",
      "geometry": {
        "type": "Polygon",
        "coordinates": [
          [
            [
              103.833885625448,
              1.43964670413163
            ],
            [
              103.834240925092,
              1.43906335051269
            ],
            [
              103.834222687169,
              1.43905561278368
            ],
            [
              103.834203220863,
              1.43904735323711
            ],
            [
              103.834203193007,
              1.43904734238476
            ],
            [
              103.83418485356,
              1.43908986467085
            ],
            [
              103.834182359954,
              1.43908881470547
            ],
            [
              103.834086986469,
              1.43904866279744
            ],
            [
              103.834072738316,
              1.43904267591411
            ],
            [
              103.834091396766,
              1.43899985971057
            ],
            [
              103.834091369808,
              1.43899984614513
            ],
            [
              103.83313398776,
              1.43859364857098
            ],
            [
              103.833037730994,
              1.43855280930211
            ],
            [
              103.832934519079,
              1.43859322530243
            ],
            [
              103.832897172494,
              1.43865500509662
            ],
            [
              103.832893148577,
              1.43866166392615
            ],
            [
              103.832893254611,
              1.43866163408216
            ],
            [
              103.832589969992,
              1.43916330266277
            ],
            [
              103.832400283261,
              1.43947499065378
            ],
            [
              103.832400207779,
              1.43947511636029
            ],
            [
              103.83251559659,
              1.43954628259676
            ],
            [
              103.832741831826,
              1.43968581333187
            ],
            [
              103.832741907308,
              1.43968569124279
            ],
            [
              103.832741998965,
              1.43968574731336
            ],
            [
              103.832795225585,
              1.43959802404338
            ],
            [
              103.832853882396,
              1.43963420764999
            ],
            [
              103.832972335445,
              1.43970717535632
            ],
            [
              103.833317940364,
              1.439920243483
            ],
            [
              103.833491091055,
              1.44002703074825
            ],
            [
              103.833609571102,
              1.44010009247485
            ],
            [
              103.833609627714,
              1.44009999932536
            ],
            [
              103.833831042886,
              1.43973632930444
            ],
            [
              103.833842332856,
              1.43971778441899
            ],
            [
              103.833842361611,
              1.43971773920079
            ],
            [
              103.833885625448,
              1.43964670413163
            ]
          ]
        ]
      },
      "properties": {
        "Filter stage": "Filter 1+2",
        "Role": "Candidate",
        "UUID": "UUID_6be95521-4143-45d0-bfd8-719f32c8a8ee",
        "Zone": "Business1",
        "Width m": 145.61681857396616,
        "Width diff": 0.5503712522260565,
        "Aspect ratio": 1.0382771421965153,
        "Aspect diff": -0.5482882819539782,
        "Final allowable GFA m²": 47797.18925004911,
        "GFA diff": -0.02845396822400926,
        "KG site area m²": 19118.875700019642,
        "Master Plan GPR": 2.5,
        "Master Plan GPR cap m²": 47797.18925004911,
        "Final GFA basis": "Master Plan GPR cap",
        "Width and aspect match": false,
        "GFA match": true,
        "Non-road context plots": 27,
        "Educational plots": 0,
        "B1-family plots": 8,
        "Business2 plots": 8,
        "Residential plots": 4,
        "Residential share": 0.14814814814814814,
        "Non-residential plots": 23,
        "Non-residential share": 0.8518518518518519,
        "Bordering road plots": 4,
        "Road type counts": "{\"Major Arterials/Minor Arterials\":3,\"Local Access\":1}",
        "Context zone counts": "{\"Business1\":8,\"Business2\":8,\"PlaceOfWorship\":2,\"ReserveSite\":1,\"Residential\":4,\"TransportFacilities\":1,\"Utility\":1,\"Waterbody\":2}",
        "Short address": "200 Yishun Avenue 7",
        "Full address": "200 Yishun Avenue 7, Yishun, Singapore 768927",
        "Address feature type": "address",
        "Address source": "Mapbox Geocoding v6"
      }
    },
    {
      "type": "Feature",
      "id": "UUID_a83a9b0f-fa4f-40e1-8cca-cdd138497d93:Filter 1+2",
      "geometry": {
        "type": "Polygon",
        "coordinates": [
          [
            [
              103.759779639034,
              1.33989573590275
            ],
            [
              103.75977984482,
              1.33989520504743
            ],
            [
              103.759811718997,
              1.3398179272223
            ],
            [
              103.759817514218,
              1.33980392965498
            ],
            [
              103.75983403095,
              1.33976281235074
            ],
            [
              103.75984647508,
              1.33973289546866
            ],
            [
              103.759833421251,
              1.33971847409006
            ],
            [
              103.759813836199,
              1.33969070953121
            ],
            [
              103.759803318235,
              1.33967186498586
            ],
            [
              103.759803999949,
              1.33965151591739
            ],
            [
              103.759817095657,
              1.33961743988614
            ],
            [
              103.759857290298,
              1.3395161053306
            ],
            [
              103.759908173508,
              1.33940739691423
            ],
            [
              103.759949752713,
              1.33930966086177
            ],
            [
              103.759973792717,
              1.33925012641458
            ],
            [
              103.760010529328,
              1.33916104316739
            ],
            [
              103.760041540026,
              1.33908198009778
            ],
            [
              103.760076930591,
              1.33899291399161
            ],
            [
              103.760095230342,
              1.33894204498382
            ],
            [
              103.76011343601,
              1.33888213595269
            ],
            [
              103.760125920248,
              1.33883270109072
            ],
            [
              103.760137965961,
              1.33878417510104
            ],
            [
              103.760155182569,
              1.33871569176671
            ],
            [
              103.760167619315,
              1.3386617359884
            ],
            [
              103.76017694965,
              1.33861098608631
            ],
            [
              103.760185220274,
              1.33857069511946
            ],
            [
              103.75911821035,
              1.33815324200806
            ],
            [
              103.75860012416,
              1.33949350229502
            ],
            [
              103.758644581526,
              1.33960266940614
            ],
            [
              103.758921405681,
              1.33972648527804
            ],
            [
              103.759078750277,
              1.33979240915525
            ],
            [
              103.759170446995,
              1.3398316703805
            ],
            [
              103.759498847523,
              1.3399871124563
            ],
            [
              103.7595370449,
              1.33999878081135
            ],
            [
              103.759588479099,
              1.34000532996361
            ],
            [
              103.759639696134,
              1.34000225667784
            ],
            [
              103.759688829763,
              1.33998739042454
            ],
            [
              103.759720918098,
              1.33996038166699
            ],
            [
              103.759756198287,
              1.33992748650174
            ],
            [
              103.759768650081,
              1.33991182239331
            ],
            [
              103.759779639034,
              1.33989573590275
            ]
          ]
        ]
      },
      "properties": {
        "Filter stage": "Filter 1+2",
        "Role": "Candidate",
        "UUID": "UUID_a83a9b0f-fa4f-40e1-8cca-cdd138497d93",
        "Zone": "Business1",
        "Width m": 138.86487522204334,
        "Width diff": 0.4784838221064187,
        "Aspect ratio": 1.2505591451072418,
        "Aspect diff": -0.45593310591476066,
        "Final allowable GFA m²": 57053.935002537175,
        "GFA diff": 0.15970258960077535,
        "KG site area m²": 22821.57400101487,
        "Master Plan GPR": 2.5,
        "Master Plan GPR cap m²": 57053.935002537175,
        "Final GFA basis": "Master Plan GPR cap",
        "Width and aspect match": false,
        "GFA match": true,
        "Non-road context plots": 61,
        "Educational plots": 1,
        "B1-family plots": 22,
        "Business2 plots": 0,
        "Residential plots": 24,
        "Residential share": 0.39344262295081966,
        "Non-residential plots": 37,
        "Non-residential share": 0.6065573770491803,
        "Bordering road plots": 3,
        "Road type counts": "{\"Local Collector/Primary Access\":2,\"Major Arterials/Minor Arterials\":1}",
        "Context zone counts": "{\"Business1\":22,\"Cemetery\":1,\"CivicAndCommunityInstitutionZone\":2,\"EducationalInstitution\":1,\"OpenSpace\":1,\"Park\":1,\"PlaceOfWorship\":2,\"ReserveSite\":1,\"Residential\":24,\"TransportFacilities\":3,\"Utility\":1,\"Waterbody\":2}",
        "Short address": "1 Bukit Batok Crescent",
        "Full address": "1 Bukit Batok Crescent, Bukit Batok, Singapore 658064",
        "Address feature type": "address",
        "Address source": "Mapbox Geocoding v6"
      }
    },
    {
      "type": "Feature",
      "id": "UUID_cc3b0de5-98f0-4f41-9fa9-574dbe607640:Filter 1+2",
      "geometry": {
        "type": "Polygon",
        "coordinates": [
          [
            [
              103.933435573779,
              1.36761107202618
            ],
            [
              103.933586378089,
              1.36735871950026
            ],
            [
              103.933588949612,
              1.36735441643345
            ],
            [
              103.933613115821,
              1.36731397863883
            ],
            [
              103.933655506264,
              1.36721770109409
            ],
            [
              103.933663231424,
              1.36720015522439
            ],
            [
              103.933686491359,
              1.36714732769537
            ],
            [
              103.933769854699,
              1.36700782982626
            ],
            [
              103.93387712062,
              1.36686317969675
            ],
            [
              103.933880091118,
              1.36685917324392
            ],
            [
              103.933904887505,
              1.36682573518929
            ],
            [
              103.93392320623,
              1.36679508103647
            ],
            [
              103.93396653503,
              1.36672691285574
            ],
            [
              103.934004800556,
              1.36666254321214
            ],
            [
              103.934039168001,
              1.36659598336554
            ],
            [
              103.934047652284,
              1.36657455503287
            ],
            [
              103.934053076004,
              1.36655214288247
            ],
            [
              103.934055333149,
              1.36652918824792
            ],
            [
              103.934007568805,
              1.36646258483895
            ],
            [
              103.933934977395,
              1.36636136617596
            ],
            [
              103.93391256971,
              1.36635888373951
            ],
            [
              103.933912374716,
              1.36635877522418
            ],
            [
              103.933912339671,
              1.36635875623403
            ],
            [
              103.933912160852,
              1.36635865766601
            ],
            [
              103.933912091661,
              1.36635861878131
            ],
            [
              103.933911945191,
              1.36635854101229
            ],
            [
              103.933911592064,
              1.36635877525715
            ],
            [
              103.933718790425,
              1.36634759188069
            ],
            [
              103.933679784324,
              1.36634335115402
            ],
            [
              103.933642068573,
              1.36633925054873
            ],
            [
              103.933597954991,
              1.36633445385209
            ],
            [
              103.933428238155,
              1.3663160011175
            ],
            [
              103.933401529908,
              1.36631309742336
            ],
            [
              103.93338286396,
              1.36631306926602
            ],
            [
              103.933328947201,
              1.36631299013216
            ],
            [
              103.933207486038,
              1.36633542070384
            ],
            [
              103.933037871492,
              1.36633517095419
            ],
            [
              103.932949551624,
              1.36632188231447
            ],
            [
              103.932886890517,
              1.36631245423139
            ],
            [
              103.932885660445,
              1.36631409841449
            ],
            [
              103.932860415609,
              1.36632439021292
            ],
            [
              103.932837108246,
              1.36633857430845
            ],
            [
              103.932816326002,
              1.36635629345328
            ],
            [
              103.932798593624,
              1.36637710087036
            ],
            [
              103.932790366894,
              1.36639060516055
            ],
            [
              103.932784357678,
              1.36640047110623
            ],
            [
              103.932773977568,
              1.36642581540575
            ],
            [
              103.932767715648,
              1.36645249346904
            ],
            [
              103.93276572914,
              1.36647983334791
            ],
            [
              103.932765929069,
              1.36694953232044
            ],
            [
              103.93275837925,
              1.36701381294401
            ],
            [
              103.93275625039,
              1.36703193827474
            ],
            [
              103.932754581435,
              1.36704614859914
            ],
            [
              103.93273333325,
              1.36722706095977
            ],
            [
              103.932709943761,
              1.36740763698635
            ],
            [
              103.932708830006,
              1.36741905099738
            ],
            [
              103.932708348568,
              1.36742378716615
            ],
            [
              103.932707652459,
              1.36743063322257
            ],
            [
              103.932706187462,
              1.36744441848785
            ],
            [
              103.932704614651,
              1.36745857092898
            ],
            [
              103.932702998699,
              1.367472471959
            ],
            [
              103.932701312659,
              1.36748639288794
            ],
            [
              103.932699486464,
              1.36750085191865
            ],
            [
              103.932697693484,
              1.36751450606496
            ],
            [
              103.932695836704,
              1.36752813760486
            ],
            [
              103.932693923311,
              1.36754169227627
            ],
            [
              103.932691842813,
              1.36755592974863
            ],
            [
              103.932689747921,
              1.36756977924992
            ],
            [
              103.932687580247,
              1.36758364955457
            ],
            [
              103.932685280498,
              1.36759789155789
            ],
            [
              103.93268301397,
              1.36761151045376
            ],
            [
              103.93338148808,
              1.36761148125871
            ],
            [
              103.933435573779,
              1.36761107202618
            ]
          ]
        ]
      },
      "properties": {
        "Filter stage": "Filter 1+2",
        "Role": "Candidate",
        "UUID": "UUID_cc3b0de5-98f0-4f41-9fa9-574dbe607640",
        "Zone": "Business1",
        "Width m": 143.53268927175668,
        "Width diff": 0.5281816851986307,
        "Aspect ratio": 1.0384454246891086,
        "Aspect diff": -0.5482150691567808,
        "Final allowable GFA m²": 41167.21084483382,
        "GFA diff": -0.16321773386407373,
        "KG site area m²": 16466.884337933527,
        "Master Plan GPR": 2.5,
        "Master Plan GPR cap m²": 41167.21084483382,
        "Final GFA basis": "Master Plan GPR cap",
        "Width and aspect match": false,
        "GFA match": true,
        "Non-road context plots": 27,
        "Educational plots": 0,
        "B1-family plots": 2,
        "Business2 plots": 3,
        "Residential plots": 8,
        "Residential share": 0.2962962962962963,
        "Non-residential plots": 19,
        "Non-residential share": 0.7037037037037037,
        "Bordering road plots": 3,
        "Road type counts": "{\"no category\":2,\"Local Access\":1}",
        "Context zone counts": "{\"Business1\":2,\"Business2\":3,\"CommercialAndResidential\":1,\"OpenSpace\":2,\"Park\":3,\"PlaceOfWorship\":1,\"ReserveSite\":1,\"Residential\":7,\"TransportFacilities\":1,\"Utility\":2,\"Waterbody\":4}",
        "Short address": "660 Tampines Street 64",
        "Full address": "660 Tampines Street 64, Tampines, Singapore 520660",
        "Address feature type": "address",
        "Address source": "Mapbox Geocoding v6"
      }
    },
    {
      "type": "Feature",
      "id": "UUID_cb5c91c5-6ca4-41f4-a796-473474879a2a:Filter 1+2",
      "geometry": {
        "type": "Polygon",
        "coordinates": [
          [
            [
              103.930481098,
              1.32376177351367
            ],
            [
              103.931381732773,
              1.32393839616925
            ],
            [
              103.93170301051,
              1.32372025093777
            ],
            [
              103.931866441812,
              1.32287625641271
            ],
            [
              103.930697021551,
              1.32264688397644
            ],
            [
              103.930481098,
              1.32376177351367
            ]
          ]
        ]
      },
      "properties": {
        "Filter stage": "Filter 1+2",
        "Role": "Candidate",
        "UUID": "UUID_cb5c91c5-6ca4-41f4-a796-473474879a2a",
        "Zone": "Business1",
        "Width m": 125.59915001677655,
        "Width diff": 0.33724464932687254,
        "Aspect ratio": 1.0557283906056443,
        "Aspect diff": -0.5406959609054198,
        "Final allowable GFA m²": 40765.41788404859,
        "GFA diff": -0.17138474876121043,
        "KG site area m²": 16306.167153619437,
        "Master Plan GPR": 2.5,
        "Master Plan GPR cap m²": 40765.41788404859,
        "Final GFA basis": "Master Plan GPR cap",
        "Width and aspect match": false,
        "GFA match": true,
        "Non-road context plots": 12,
        "Educational plots": 1,
        "B1-family plots": 5,
        "Business2 plots": 0,
        "Residential plots": 6,
        "Residential share": 0.5,
        "Non-residential plots": 6,
        "Non-residential share": 0.5,
        "Bordering road plots": 2,
        "Road type counts": "{\"Major Arterials/Minor Arterials\":2}",
        "Context zone counts": "{\"Business1\":5,\"EducationalInstitution\":1,\"Residential\":6}",
        "Short address": "200 Bedok South Avenue 1",
        "Full address": "200 Bedok South Avenue 1, Bedok, Singapore 469331",
        "Address feature type": "address",
        "Address source": "Mapbox Geocoding v6"
      }
    },
    {
      "type": "Feature",
      "id": "UUID_179262d6-7b23-4892-a924-9c2cd5632bde:Filter 1+2",
      "geometry": {
        "type": "Polygon",
        "coordinates": [
          [
            [
              103.849091867245,
              1.34360587323269
            ],
            [
              103.849095772383,
              1.34360487117153
            ],
            [
              103.849103672524,
              1.34360420369927
            ],
            [
              103.849488797957,
              1.34354969331306
            ],
            [
              103.849536203265,
              1.34258632780871
            ],
            [
              103.849536325453,
              1.34258384080564
            ],
            [
              103.849379648964,
              1.3425953227522
            ],
            [
              103.849310228026,
              1.34260041025976
            ],
            [
              103.849309980024,
              1.34260042834868
            ],
            [
              103.848432835519,
              1.34266471166218
            ],
            [
              103.848432392529,
              1.34266474150896
            ],
            [
              103.848320632338,
              1.34267216793754
            ],
            [
              103.848320351089,
              1.34267218602657
            ],
            [
              103.847693253269,
              1.34271279668276
            ],
            [
              103.84769346175,
              1.34271542476465
            ],
            [
              103.847697146119,
              1.34276181683103
            ],
            [
              103.847711888086,
              1.34294745473234
            ],
            [
              103.8477239836,
              1.34309977495793
            ],
            [
              103.847732668827,
              1.3432091406048
            ],
            [
              103.847748941162,
              1.34341405140702
            ],
            [
              103.847761980239,
              1.3435782504533
            ],
            [
              103.847767526566,
              1.34364809900902
            ],
            [
              103.847767618219,
              1.34364809719974
            ],
            [
              103.847780333749,
              1.34364784932824
            ],
            [
              103.848386125317,
              1.34363689379422
            ],
            [
              103.849091867245,
              1.34360587323269
            ]
          ]
        ]
      },
      "properties": {
        "Filter stage": "Filter 1+2",
        "Role": "Candidate",
        "UUID": "UUID_179262d6-7b23-4892-a924-9c2cd5632bde",
        "Zone": "Business1",
        "Width m": 109.30865233262011,
        "Width diff": 0.16380095277239573,
        "Aspect ratio": 1.880994353995595,
        "Aspect diff": -0.18165665336644754,
        "Final allowable GFA m²": 53507.9558613678,
        "GFA diff": 0.08762550688068631,
        "KG site area m²": 21403.18234454712,
        "Master Plan GPR": 2.5,
        "Master Plan GPR cap m²": 53507.9558613678,
        "Final GFA basis": "Master Plan GPR cap",
        "Width and aspect match": true,
        "GFA match": true,
        "Non-road context plots": 9,
        "Educational plots": 1,
        "B1-family plots": 3,
        "Business2 plots": 0,
        "Residential plots": 0,
        "Residential share": 0,
        "Non-residential plots": 9,
        "Non-residential share": 1,
        "Bordering road plots": 3,
        "Road type counts": "{\"Local Access\":2,\"Major Arterials/Minor Arterials\":1}",
        "Context zone counts": "{\"Business1\":3,\"EducationalInstitution\":1,\"PlaceOfWorship\":1,\"Waterbody\":4}",
        "Short address": "1000 Toa Payoh North",
        "Full address": "1000 Toa Payoh North, Toa Payoh, Singapore 318994",
        "Address feature type": "address",
        "Address source": "Mapbox Geocoding v6"
      }
    },
    {
      "type": "Feature",
      "id": "UUID_1086e1b5-148c-4843-a3c4-bcf6ea106317:Filter 1+2",
      "geometry": {
        "type": "Polygon",
        "coordinates": [
          [
            [
              103.87562329428,
              1.31862802799745
            ],
            [
              103.875625853471,
              1.31858168741644
            ],
            [
              103.875626043007,
              1.3185782255062
            ],
            [
              103.875876263048,
              1.31860405800289
            ],
            [
              103.875990684397,
              1.31859320365951
            ],
            [
              103.875993335128,
              1.31859347492314
            ],
            [
              103.876471500096,
              1.31864289918991
            ],
            [
              103.87660246421,
              1.31865727720109
            ],
            [
              103.876671742698,
              1.31866741300898
            ],
            [
              103.876740032878,
              1.3186831577003
            ],
            [
              103.876999886197,
              1.31875425335189
            ],
            [
              103.876997845897,
              1.31872049346474
            ],
            [
              103.876996659446,
              1.3186996297989
            ],
            [
              103.876965884033,
              1.31818194502529
            ],
            [
              103.876949854863,
              1.31772200365658
            ],
            [
              103.876949090195,
              1.31772194126892
            ],
            [
              103.876948965296,
              1.31772193132311
            ],
            [
              103.876945755667,
              1.31772167273144
            ],
            [
              103.876928004762,
              1.31771999454376
            ],
            [
              103.875825032711,
              1.31763044908686
            ],
            [
              103.875679221039,
              1.31761860169817
            ],
            [
              103.875672061375,
              1.3176180356885
            ],
            [
              103.875650812411,
              1.3176163023852
            ],
            [
              103.875624616018,
              1.31761418028953
            ],
            [
              103.875624624346,
              1.31762846924734
            ],
            [
              103.875624624347,
              1.31762851356119
            ],
            [
              103.875623915341,
              1.31815832823706
            ],
            [
              103.87562329428,
              1.31862802799745
            ]
          ]
        ]
      },
      "properties": {
        "Filter stage": "Filter 1+2",
        "Role": "Candidate",
        "UUID": "UUID_1086e1b5-148c-4843-a3c4-bcf6ea106317",
        "Zone": "Business1",
        "Width m": 113.34948400729263,
        "Width diff": 0.2068233819454005,
        "Aspect ratio": 1.4353426017468942,
        "Aspect diff": -0.3755414173444061,
        "Final allowable GFA m²": 40399.00725592139,
        "GFA diff": -0.17883256729077318,
        "KG site area m²": 16159.602902368555,
        "Master Plan GPR": 2.5,
        "Master Plan GPR cap m²": 40399.00725592139,
        "Final GFA basis": "Master Plan GPR cap",
        "Width and aspect match": false,
        "GFA match": true,
        "Non-road context plots": 7,
        "Educational plots": 0,
        "B1-family plots": 4,
        "Business2 plots": 0,
        "Residential plots": 2,
        "Residential share": 0.2857142857142857,
        "Non-residential plots": 5,
        "Non-residential share": 0.7142857142857143,
        "Bordering road plots": 1,
        "Road type counts": "{\"Local Collector/Primary Access\":1}",
        "Context zone counts": "{\"Business1\":4,\"PlaceOfWorship\":1,\"Residential\":2}",
        "Short address": "705 Sims Drive",
        "Full address": "705 Sims Drive, Geylang, Singapore 387384",
        "Address feature type": "address",
        "Address source": "Mapbox Geocoding v6"
      }
    },
    {
      "type": "Feature",
      "id": "UUID_255deb12-4dc2-4ca6-865e-4ebeaf34a9d2:Filter 1+2",
      "geometry": {
        "type": "Polygon",
        "coordinates": [
          [
            [
              103.751150589147,
              1.32188102540844
            ],
            [
              103.750927717177,
              1.32118892561469
            ],
            [
              103.750325476637,
              1.32131803953256
            ],
            [
              103.750294786892,
              1.32117407284409
            ],
            [
              103.74991926153,
              1.32125428628826
            ],
            [
              103.749803663722,
              1.32122856227679
            ],
            [
              103.748916319639,
              1.32141808671954
            ],
            [
              103.74910342222,
              1.32230219902626
            ],
            [
              103.749103652212,
              1.3223032869836
            ],
            [
              103.750017982688,
              1.32214448192671
            ],
            [
              103.75057070243,
              1.32201591357788
            ],
            [
              103.751150589147,
              1.32188102540844
            ]
          ]
        ]
      },
      "properties": {
        "Filter stage": "Filter 1+2",
        "Role": "Candidate",
        "UUID": "UUID_255deb12-4dc2-4ca6-865e-4ebeaf34a9d2",
        "Zone": "Business1",
        "Width m": 104.0229130353182,
        "Width diff": 0.10752408631183737,
        "Aspect ratio": 2.236133438007222,
        "Aspect diff": -0.027150231848964333,
        "Final allowable GFA m²": 54311.45409944221,
        "GFA diff": 0.10395775438286328,
        "KG site area m²": 21724.581639776887,
        "Master Plan GPR": 2.5,
        "Master Plan GPR cap m²": 54311.45409944221,
        "Final GFA basis": "Master Plan GPR cap",
        "Width and aspect match": true,
        "GFA match": true,
        "Non-road context plots": 19,
        "Educational plots": 0,
        "B1-family plots": 6,
        "Business2 plots": 0,
        "Residential plots": 3,
        "Residential share": 0.15789473684210525,
        "Non-residential plots": 16,
        "Non-residential share": 0.8421052631578947,
        "Bordering road plots": 1,
        "Road type counts": "{\"Local Collector/Primary Access\":1}",
        "Context zone counts": "{\"Business1\":6,\"CivicAndCommunityInstitutionZone\":1,\"OpenSpace\":1,\"Park\":3,\"PlaceOfWorship\":3,\"ReserveSite\":2,\"Residential\":3}",
        "Short address": "213 Pandan Gardens",
        "Full address": "213 Pandan Gardens, Jurong East, Singapore 609340",
        "Address feature type": "address",
        "Address source": "Mapbox Geocoding v6"
      }
    },
    {
      "type": "Feature",
      "id": "UUID_105a9a4a-3e95-42e1-a543-db28444c9407:Filter 1+2",
      "geometry": {
        "type": "Polygon",
        "coordinates": [
          [
            [
              103.851787288681,
              1.34241826275275
            ],
            [
              103.851787271607,
              1.3424181451855
            ],
            [
              103.850375254144,
              1.34252173778545
            ],
            [
              103.850375305366,
              1.34252245946793
            ],
            [
              103.850280174836,
              1.34252871923966
            ],
            [
              103.849646147434,
              1.3425752757394
            ],
            [
              103.84964614384,
              1.34257533271437
            ],
            [
              103.849598303744,
              1.34354972875652
            ],
            [
              103.849598422359,
              1.3435504974655
            ],
            [
              103.850985087065,
              1.34337732007667
            ],
            [
              103.851061340643,
              1.34336779656358
            ],
            [
              103.85112776127,
              1.34335813927424
            ],
            [
              103.851129612303,
              1.3433578715688
            ],
            [
              103.851207211012,
              1.34334664240996
            ],
            [
              103.851596648533,
              1.34329028585086
            ],
            [
              103.851597979299,
              1.34329009321121
            ],
            [
              103.851851515064,
              1.34325340393888
            ],
            [
              103.851860908605,
              1.34325204460746
            ],
            [
              103.85186108023,
              1.34325202018832
            ],
            [
              103.851889095519,
              1.34324796570864
            ],
            [
              103.851903503921,
              1.34324588103847
            ],
            [
              103.851907562714,
              1.34324529407491
            ],
            [
              103.851907444997,
              1.34324451089621
            ],
            [
              103.851907471055,
              1.34324450546982
            ],
            [
              103.851907260781,
              1.34324306391452
            ],
            [
              103.851904557771,
              1.34322449462016
            ],
            [
              103.851850623378,
              1.34285356000865
            ],
            [
              103.851787288681,
              1.34241826275275
            ]
          ]
        ]
      },
      "properties": {
        "Filter stage": "Filter 1+2",
        "Role": "Candidate",
        "UUID": "UUID_105a9a4a-3e95-42e1-a543-db28444c9407",
        "Zone": "Business1",
        "Width m": 106.36027600965463,
        "Width diff": 0.13240981309063035,
        "Aspect ratio": 2.436861929284076,
        "Aspect diff": 0.06017848605349725,
        "Final allowable GFA m²": 62777.27948620657,
        "GFA diff": 0.2760377278974336,
        "KG site area m²": 25110.91179448263,
        "Master Plan GPR": 2.5,
        "Master Plan GPR cap m²": 62777.27948620657,
        "Final GFA basis": "Master Plan GPR cap",
        "Width and aspect match": true,
        "GFA match": false,
        "Non-road context plots": 9,
        "Educational plots": 2,
        "B1-family plots": 3,
        "Business2 plots": 0,
        "Residential plots": 0,
        "Residential share": 0,
        "Non-residential plots": 9,
        "Non-residential share": 1,
        "Bordering road plots": 2,
        "Road type counts": "{\"Major Arterials/Minor Arterials\":1,\"Local Access\":1}",
        "Context zone counts": "{\"Business1\":3,\"EducationalInstitution\":2,\"PlaceOfWorship\":1,\"Waterbody\":3}",
        "Short address": "998 Toa Payoh North",
        "Full address": "998 Toa Payoh North, Toa Payoh, Singapore 318992",
        "Address feature type": "address",
        "Address source": "Mapbox Geocoding v6"
      }
    },
    {
      "type": "Feature",
      "id": "UUID_24abeae3-b275-4998-87ff-b66071871ab4:Filter 1+2",
      "geometry": {
        "type": "Polygon",
        "coordinates": [
          [
            [
              103.897667021223,
              1.3315324299737
            ],
            [
              103.896414268886,
              1.33102545799228
            ],
            [
              103.896413552783,
              1.33102725136458
            ],
            [
              103.896204487436,
              1.33155065470468
            ],
            [
              103.896215730281,
              1.33155520336717
            ],
            [
              103.896512964805,
              1.33167545804689
            ],
            [
              103.896560529926,
              1.33185453898242
            ],
            [
              103.896570585351,
              1.33187746435065
            ],
            [
              103.896587101286,
              1.33189622043387
            ],
            [
              103.896608496228,
              1.33190903471931
            ],
            [
              103.897555323456,
              1.33229213483829
            ],
            [
              103.897555937158,
              1.33229170796239
            ],
            [
              103.897642824158,
              1.33223120553924
            ],
            [
              103.897645592559,
              1.33222927736248
            ],
            [
              103.897646855906,
              1.33222839828751
            ],
            [
              103.897648681739,
              1.33222712670378
            ],
            [
              103.897734652227,
              1.33175205208929
            ],
            [
              103.897747751291,
              1.33167966735488
            ],
            [
              103.897709905925,
              1.33161064457633
            ],
            [
              103.897689548182,
              1.3315735155429
            ],
            [
              103.897667021223,
              1.3315324299737
            ]
          ]
        ]
      },
      "properties": {
        "Filter stage": "Filter 1+2",
        "Role": "Candidate",
        "UUID": "UUID_24abeae3-b275-4998-87ff-b66071871ab4",
        "Zone": "Business1",
        "Width m": 82.58423792640679,
        "Width diff": -0.12073186585200804,
        "Aspect ratio": 2.143628039404199,
        "Aspect diff": -0.06739552940324181,
        "Final allowable GFA m²": 26364.426738435483,
        "GFA diff": -0.46410543005414273,
        "KG site area m²": 13182.213369217741,
        "Master Plan GPR": 2,
        "Master Plan GPR cap m²": 26364.426738435483,
        "Final GFA basis": "Master Plan GPR cap",
        "Width and aspect match": true,
        "GFA match": false,
        "Non-road context plots": 19,
        "Educational plots": 0,
        "B1-family plots": 15,
        "Business2 plots": 0,
        "Residential plots": 0,
        "Residential share": 0,
        "Non-residential plots": 19,
        "Non-residential share": 1,
        "Bordering road plots": 3,
        "Road type counts": "{\"Local Collector/Primary Access\":2,\"no category\":1}",
        "Context zone counts": "{\"Business1\":15,\"TransportFacilities\":1,\"Utility\":1,\"Waterbody\":2}",
        "Short address": "1 Ubi View",
        "Full address": "1 Ubi View, Geylang, Singapore 408555",
        "Address feature type": "address",
        "Address source": "Mapbox Geocoding v6"
      }
    },
    {
      "type": "Feature",
      "id": "UUID_48c59424-d931-4bdb-80ef-c62ea156d7ec:Filter 1+2",
      "geometry": {
        "type": "Polygon",
        "coordinates": [
          [
            [
              103.870745329921,
              1.32834077264395
            ],
            [
              103.87090008056,
              1.32784535946147
            ],
            [
              103.871327635276,
              1.32754415432213
            ],
            [
              103.871763821362,
              1.32817134233459
            ],
            [
              103.871766987596,
              1.32821185961859
            ],
            [
              103.871767639177,
              1.32822019423063
            ],
            [
              103.871767640975,
              1.32822022317027
            ],
            [
              103.871768234913,
              1.32821979268353
            ],
            [
              103.871773468038,
              1.32821599427118
            ],
            [
              103.87180470505,
              1.32819332317546
            ],
            [
              103.871832382925,
              1.32817323590422
            ],
            [
              103.871883311544,
              1.32813627282829
            ],
            [
              103.871921402653,
              1.32810862761939
            ],
            [
              103.871927773335,
              1.32810400350414
            ],
            [
              103.871937708544,
              1.32809679285071
            ],
            [
              103.871901074363,
              1.32809035706485
            ],
            [
              103.871866623677,
              1.32808430469469
            ],
            [
              103.871849083839,
              1.32808126630543
            ],
            [
              103.871605624005,
              1.32773117075697
            ],
            [
              103.871365901411,
              1.32738645156994
            ],
            [
              103.871090466854,
              1.32699037676372
            ],
            [
              103.871013427611,
              1.3268795942099
            ],
            [
              103.870928109814,
              1.32675690672684
            ],
            [
              103.870907239538,
              1.32672689480847
            ],
            [
              103.870893812149,
              1.32670758592904
            ],
            [
              103.87087291851,
              1.32667754145358
            ],
            [
              103.870844549636,
              1.32663674962528
            ],
            [
              103.870844397777,
              1.32663654976305
            ],
            [
              103.870777666852,
              1.32671040660446
            ],
            [
              103.870794447082,
              1.32669226932052
            ],
            [
              103.870716997469,
              1.32677755568111
            ],
            [
              103.870641378177,
              1.32686082347019
            ],
            [
              103.870641379975,
              1.32686088044513
            ],
            [
              103.870624134303,
              1.32687982171509
            ],
            [
              103.870453908651,
              1.32706678716446
            ],
            [
              103.870321975149,
              1.32721169546371
            ],
            [
              103.870321544748,
              1.32721214946113
            ],
            [
              103.870291547892,
              1.32724511128224
            ],
            [
              103.870273422545,
              1.32726502294608
            ],
            [
              103.870272107981,
              1.3272664672358
            ],
            [
              103.870228116285,
              1.32730945143293
            ],
            [
              103.87022784852,
              1.32730971279826
            ],
            [
              103.870227181802,
              1.32731036485501
            ],
            [
              103.87020629071,
              1.32733077757777
            ],
            [
              103.870204402874,
              1.3273326225095
            ],
            [
              103.87020264168,
              1.32733077763252
            ],
            [
              103.870198616992,
              1.32732656425908
            ],
            [
              103.870197501868,
              1.32732539674136
            ],
            [
              103.870181915762,
              1.3273403994764
            ],
            [
              103.870150280801,
              1.32737084899605
            ],
            [
              103.870150191845,
              1.32737093491201
            ],
            [
              103.87014380501,
              1.32737708197263
            ],
            [
              103.870101250059,
              1.32741737204444
            ],
            [
              103.870069612395,
              1.32744749147012
            ],
            [
              103.870069505469,
              1.32744759366489
            ],
            [
              103.870043482793,
              1.32747236730826
            ],
            [
              103.869989031098,
              1.32752098042161
            ],
            [
              103.869988913389,
              1.32752108532965
            ],
            [
              103.869976119037,
              1.32753250854741
            ],
            [
              103.86992867595,
              1.3275732237405
            ],
            [
              103.869916932872,
              1.32758230102103
            ],
            [
              103.869916589628,
              1.32758256600491
            ],
            [
              103.869864277266,
              1.32762300091632
            ],
            [
              103.869832490368,
              1.32764841855067
            ],
            [
              103.869832468803,
              1.32764843482956
            ],
            [
              103.869774404877,
              1.32769486304754
            ],
            [
              103.869762157714,
              1.32770426500165
            ],
            [
              103.869762006759,
              1.32770438076252
            ],
            [
              103.869695118196,
              1.32775572704322
            ],
            [
              103.869694879183,
              1.32775591063274
            ],
            [
              103.869694245709,
              1.32775639719017
            ],
            [
              103.869671476726,
              1.32778341089222
            ],
            [
              103.869664137542,
              1.32779784556125
            ],
            [
              103.869655204367,
              1.32781541658962
            ],
            [
              103.869647935572,
              1.32785058742927
            ],
            [
              103.869650038713,
              1.32788643640371
            ],
            [
              103.869661477813,
              1.32792049459851
            ],
            [
              103.869671218361,
              1.32793510898342
            ],
            [
              103.869681372253,
              1.32795033832998
            ],
            [
              103.869708356198,
              1.3279738785363
            ],
            [
              103.869740533674,
              1.32798941504026
            ],
            [
              103.869854408076,
              1.32802679073106
            ],
            [
              103.870033149257,
              1.32807095722485
            ],
            [
              103.870033181602,
              1.32807078991695
            ],
            [
              103.870041684871,
              1.32802639906271
            ],
            [
              103.870048407735,
              1.32801806343544
            ],
            [
              103.870260074606,
              1.32775560195359
            ],
            [
              103.87026069641,
              1.32775583707898
            ],
            [
              103.870311346428,
              1.32777498171175
            ],
            [
              103.870549069056,
              1.32784077063289
            ],
            [
              103.870291001605,
              1.32815503844825
            ],
            [
              103.87029165935,
              1.32815525277271
            ],
            [
              103.870436766291,
              1.32822965987957
            ],
            [
              103.870436682727,
              1.32822975303036
            ],
            [
              103.870436939716,
              1.32822988415932
            ],
            [
              103.870503725322,
              1.3282641766477
            ],
            [
              103.870512231982,
              1.32826686067249
            ],
            [
              103.870535378866,
              1.32827416216017
            ],
            [
              103.87053597461,
              1.32827435025894
            ],
            [
              103.870543001873,
              1.32825189387992
            ],
            [
              103.870543108795,
              1.3282515511242
            ],
            [
              103.870646326291,
              1.32828434181145
            ],
            [
              103.870639263987,
              1.32830685154876
            ],
            [
              103.870642898659,
              1.32830800636688
            ],
            [
              103.870643231126,
              1.32830811217247
            ],
            [
              103.870643351532,
              1.32830815015395
            ],
            [
              103.870644618501,
              1.3283085561943
            ],
            [
              103.870710276226,
              1.32832959613808
            ],
            [
              103.87074529398,
              1.32834081786273
            ],
            [
              103.870745318241,
              1.32834082600164
            ],
            [
              103.870745329921,
              1.32834077264395
            ]
          ]
        ]
      },
      "properties": {
        "Filter stage": "Filter 1+2",
        "Role": "Candidate",
        "UUID": "UUID_48c59424-d931-4bdb-80ef-c62ea156d7ec",
        "Zone": "Business1",
        "Width m": 190.79689774403232,
        "Width diff": 1.0314001375191932,
        "Aspect ratio": 1.0596510641274162,
        "Aspect diff": -0.5389893668527909,
        "Final allowable GFA m²": 43799.177874175475,
        "GFA diff": -0.1097192507263963,
        "KG site area m²": 17519.67114967019,
        "Master Plan GPR": 2.5,
        "Master Plan GPR cap m²": 43799.177874175475,
        "Final GFA basis": "Master Plan GPR cap",
        "Width and aspect match": false,
        "GFA match": true,
        "Non-road context plots": 32,
        "Educational plots": 0,
        "B1-family plots": 22,
        "Business2 plots": 6,
        "Residential plots": 0,
        "Residential share": 0,
        "Non-residential plots": 32,
        "Non-residential share": 1,
        "Bordering road plots": 3,
        "Road type counts": "{\"Local Collector/Primary Access\":1,\"Major Arterials/Minor Arterials\":1,\"Slip Road\":1}",
        "Context zone counts": "{\"Business1\":22,\"Business2\":6,\"Park\":1,\"TransportFacilities\":2,\"Waterbody\":1}",
        "Short address": "60 MacPherson Road",
        "Full address": "60 MacPherson Road, Geylang, Singapore 348615",
        "Address feature type": "address",
        "Address source": "Mapbox Geocoding v6"
      }
    },
    {
      "type": "Feature",
      "id": "UUID_451534a5-bdb7-4c97-9952-a6a498993871:Filter 1+2",
      "geometry": {
        "type": "Polygon",
        "coordinates": [
          [
            [
              103.856043204326,
              1.35611299827827
            ],
            [
              103.855959817434,
              1.35610854959163
            ],
            [
              103.855912446021,
              1.35611362352059
            ],
            [
              103.855827862492,
              1.35613650292164
            ],
            [
              103.855806890931,
              1.35614217529068
            ],
            [
              103.855744714113,
              1.35617482070968
            ],
            [
              103.855731825155,
              1.35618158818796
            ],
            [
              103.855610528559,
              1.35626087493444
            ],
            [
              103.855562275926,
              1.35629610037117
            ],
            [
              103.855531077872,
              1.35631063379396
            ],
            [
              103.855495853308,
              1.35632097462045
            ],
            [
              103.855436107989,
              1.35635262249531
            ],
            [
              103.855416899491,
              1.35636715761514
            ],
            [
              103.85534884986,
              1.356424368326
            ],
            [
              103.855332834859,
              1.35643865381138
            ],
            [
              103.855309530755,
              1.35645944083837
            ],
            [
              103.855282491344,
              1.35648355957739
            ],
            [
              103.855251532438,
              1.35651295712639
            ],
            [
              103.855222581807,
              1.35654044735236
            ],
            [
              103.85520922295,
              1.35655313299225
            ],
            [
              103.855161622781,
              1.35660142919266
            ],
            [
              103.855142421511,
              1.35662091118308
            ],
            [
              103.855138281858,
              1.3566251119929
            ],
            [
              103.855070009519,
              1.35669913483073
            ],
            [
              103.855065851002,
              1.35670395241706
            ],
            [
              103.855047511471,
              1.35672520062246
            ],
            [
              103.855004199266,
              1.35677538238066
            ],
            [
              103.854992013055,
              1.3567904835659
            ],
            [
              103.854967101501,
              1.35682135426627
            ],
            [
              103.854940931968,
              1.35685378229305
            ],
            [
              103.854920713583,
              1.35688059687678
            ],
            [
              103.854895868539,
              1.35691354761376
            ],
            [
              103.854880270523,
              1.35693423508743
            ],
            [
              103.854860088995,
              1.35696291808702
            ],
            [
              103.854860258825,
              1.35696300761757
            ],
            [
              103.854860818634,
              1.35696330333968
            ],
            [
              103.854945093693,
              1.35700789497937
            ],
            [
              103.855572771715,
              1.35734000800507
            ],
            [
              103.855681833353,
              1.35763656613826
            ],
            [
              103.855756514696,
              1.35760886928549
            ],
            [
              103.856539390041,
              1.3573185274484
            ],
            [
              103.856665337047,
              1.35727181762128
            ],
            [
              103.856739505289,
              1.35724431156411
            ],
            [
              103.856760267472,
              1.35723661160413
            ],
            [
              103.856762252396,
              1.35723587543224
            ],
            [
              103.856669818347,
              1.35700650422089
            ],
            [
              103.856659563673,
              1.35698101481237
            ],
            [
              103.856636513122,
              1.35692371993949
            ],
            [
              103.856529674748,
              1.35665815348846
            ],
            [
              103.856490739001,
              1.35656264394872
            ],
            [
              103.856424755845,
              1.35640432656643
            ],
            [
              103.856415230817,
              1.35637943855192
            ],
            [
              103.856399838129,
              1.35635149384227
            ],
            [
              103.85638091407,
              1.35632255436561
            ],
            [
              103.856338294583,
              1.35626586921834
            ],
            [
              103.856284056695,
              1.35621395018107
            ],
            [
              103.856252822365,
              1.3561924175645
            ],
            [
              103.856183192188,
              1.35615441683835
            ],
            [
              103.85614314297,
              1.35613662837232
            ],
            [
              103.856115547948,
              1.35612769351437
            ],
            [
              103.856076145772,
              1.35611781822887
            ],
            [
              103.856043204326,
              1.35611299827827
            ]
          ]
        ]
      },
      "properties": {
        "Filter stage": "Filter 1+2",
        "Role": "Candidate",
        "UUID": "UUID_451534a5-bdb7-4c97-9952-a6a498993871",
        "Zone": "Business1",
        "Width m": 152.01068224800838,
        "Width diff": 0.618446235102106,
        "Aspect ratio": 1.2161123974049861,
        "Aspect diff": -0.47091947029986686,
        "Final allowable GFA m²": 52596.47888340726,
        "GFA diff": 0.06909843750930426,
        "KG site area m²": 21038.591553362905,
        "Master Plan GPR": 2.5,
        "Master Plan GPR cap m²": 52596.47888340726,
        "Final GFA basis": "Master Plan GPR cap",
        "Width and aspect match": false,
        "GFA match": true,
        "Non-road context plots": 10,
        "Educational plots": 2,
        "B1-family plots": 3,
        "Business2 plots": 0,
        "Residential plots": 1,
        "Residential share": 0.1,
        "Non-residential plots": 9,
        "Non-residential share": 0.9,
        "Bordering road plots": 2,
        "Road type counts": "{\"Expressway\":1,\"Major Arterials/Minor Arterials\":1}",
        "Context zone counts": "{\"Business1\":3,\"EducationalInstitution\":2,\"OpenSpace\":1,\"Park\":1,\"Residential\":1,\"Utility\":2}",
        "Short address": "501 Ang Mo Kio Industrial Park 1",
        "Full address": "501 Ang Mo Kio Industrial Park 1, Ang Mo Kio, Singapore 569621",
        "Address feature type": "address",
        "Address source": "Mapbox Geocoding v6"
      }
    },
    {
      "type": "Feature",
      "id": "UUID_43935489-f794-421c-9979-9d464267dcdd:Filter 1+2",
      "geometry": {
        "type": "Polygon",
        "coordinates": [
          [
            [
              103.755514782393,
              1.34084661496646
            ],
            [
              103.755249657861,
              1.34099638627635
            ],
            [
              103.755486702265,
              1.34142061278059
            ],
            [
              103.75499349228,
              1.34170021713845
            ],
            [
              103.755107398948,
              1.34181592509145
            ],
            [
              103.755729558773,
              1.34218237509998
            ],
            [
              103.756336720065,
              1.34231801278751
            ],
            [
              103.755514782393,
              1.34084661496646
            ]
          ]
        ]
      },
      "properties": {
        "Filter stage": "Filter 1+2",
        "Role": "Candidate",
        "UUID": "UUID_43935489-f794-421c-9979-9d464267dcdd",
        "Zone": "Business1",
        "Width m": 96.82638191465594,
        "Width diff": 0.03090316384910979,
        "Aspect ratio": 1.927933308931956,
        "Aspect diff": -0.1612354429632859,
        "Final allowable GFA m²": 24241.040300328237,
        "GFA diff": -0.5072662874233431,
        "KG site area m²": 9696.416120131295,
        "Master Plan GPR": 2.5,
        "Master Plan GPR cap m²": 24241.040300328237,
        "Final GFA basis": "Master Plan GPR cap",
        "Width and aspect match": true,
        "GFA match": false,
        "Non-road context plots": 22,
        "Educational plots": 0,
        "B1-family plots": 10,
        "Business2 plots": 0,
        "Residential plots": 1,
        "Residential share": 0.045454545454545456,
        "Non-residential plots": 21,
        "Non-residential share": 0.9545454545454546,
        "Bordering road plots": 1,
        "Road type counts": "{\"Local Collector/Primary Access\":1}",
        "Context zone counts": "{\"Business1\":10,\"Cemetery\":1,\"CivicAndCommunityInstitutionZone\":2,\"Park\":1,\"PlaceOfWorship\":2,\"Residential\":1,\"TransportFacilities\":2,\"Utility\":1,\"Waterbody\":2}",
        "Short address": "511 Bukit Batok Street 23",
        "Full address": "511 Bukit Batok Street 23, Bukit Batok, Singapore 659545",
        "Address feature type": "address",
        "Address source": "Mapbox Geocoding v6"
      }
    },
    {
      "type": "Feature",
      "id": "UUID_94df4635-8d14-431a-b6e6-d211bdf4851f:Filter 1+2",
      "geometry": {
        "type": "Polygon",
        "coordinates": [
          [
            [
              103.852211133238,
              1.33147729595335
            ],
            [
              103.852203526946,
              1.33147554064039
            ],
            [
              103.852070073383,
              1.33147656269221
            ],
            [
              103.851954726135,
              1.33153181120053
            ],
            [
              103.851867701677,
              1.33162755693276
            ],
            [
              103.851822352455,
              1.3317501438868
            ],
            [
              103.851724621467,
              1.33242235877204
            ],
            [
              103.851724796687,
              1.33242259571423
            ],
            [
              103.851817101842,
              1.33254753116863
            ],
            [
              103.852892065244,
              1.33270665931729
            ],
            [
              103.853058884002,
              1.33156606983487
            ],
            [
              103.852211133238,
              1.33147729595335
            ]
          ]
        ]
      },
      "properties": {
        "Filter stage": "Filter 1+2",
        "Role": "Candidate",
        "UUID": "UUID_94df4635-8d14-431a-b6e6-d211bdf4851f",
        "Zone": "Business1",
        "Width m": 127.47964091516769,
        "Width diff": 0.3572660936729971,
        "Aspect ratio": 1.0447675044349871,
        "Aspect diff": -0.5454645920562319,
        "Final allowable GFA m²": 40921.759228678,
        "GFA diff": -0.16820688798402955,
        "KG site area m²": 16368.7036914712,
        "Master Plan GPR": 2.5,
        "Master Plan GPR cap m²": 40921.759228678,
        "Final GFA basis": "Master Plan GPR cap",
        "Width and aspect match": false,
        "GFA match": true,
        "Non-road context plots": 7,
        "Educational plots": 0,
        "B1-family plots": 5,
        "Business2 plots": 0,
        "Residential plots": 2,
        "Residential share": 0.2857142857142857,
        "Non-residential plots": 5,
        "Non-residential share": 0.7142857142857143,
        "Bordering road plots": 3,
        "Road type counts": "{\"Local Collector/Primary Access\":1,\"Major Arterials/Minor Arterials\":1,\"Local Access\":1}",
        "Context zone counts": "{\"Business1\":5,\"Residential\":2}",
        "Short address": "629 Lorong 4 Toa Payoh",
        "Full address": "629 Lorong 4 Toa Payoh, Toa Payoh, Singapore 319521",
        "Address feature type": "address",
        "Address source": "Mapbox Geocoding v6"
      }
    },
    {
      "type": "Feature",
      "id": "UUID_a93e405c-94b9-4bee-95f2-cd58a3f5c60b:Filter 1+2",
      "geometry": {
        "type": "Polygon",
        "coordinates": [
          [
            [
              103.835613851301,
              1.35869886574829
            ],
            [
              103.83576418765,
              1.35862786033659
            ],
            [
              103.835864252835,
              1.35858298115128
            ],
            [
              103.836015173239,
              1.35851331146938
            ],
            [
              103.83607223935,
              1.35848739955699
            ],
            [
              103.836171190301,
              1.35844273379013
            ],
            [
              103.836227459381,
              1.35841708866247
            ],
            [
              103.836294346809,
              1.3583866341107
            ],
            [
              103.836353059086,
              1.35835959987339
            ],
            [
              103.836401100895,
              1.35833742751118
            ],
            [
              103.836507801063,
              1.35828918224632
            ],
            [
              103.836589021502,
              1.35825124857397
            ],
            [
              103.83666254393,
              1.35821887222862
            ],
            [
              103.836711381863,
              1.35819723343406
            ],
            [
              103.836731288681,
              1.35818681512839
            ],
            [
              103.836742702257,
              1.35817986959384
            ],
            [
              103.836753318802,
              1.35817051935548
            ],
            [
              103.836762237054,
              1.35815929979834
            ],
            [
              103.83677099625,
              1.3581414015105
            ],
            [
              103.836782674852,
              1.35809860606723
            ],
            [
              103.83679010685,
              1.35806895375743
            ],
            [
              103.836796211657,
              1.35803395936917
            ],
            [
              103.836798865961,
              1.35799148408376
            ],
            [
              103.836796476628,
              1.35795916029571
            ],
            [
              103.836790637699,
              1.3579259818883
            ],
            [
              103.836788248395,
              1.35791396108045
            ],
            [
              103.8367834707,
              1.35790006914614
            ],
            [
              103.836780020192,
              1.35788938408601
            ],
            [
              103.836775507576,
              1.35787709558934
            ],
            [
              103.836768076414,
              1.35786160202948
            ],
            [
              103.836745037119,
              1.35781527961461
            ],
            [
              103.836730704053,
              1.35778589502761
            ],
            [
              103.836717168015,
              1.35775570826817
            ],
            [
              103.836688766935,
              1.35767717059241
            ],
            [
              103.836676557174,
              1.35764260218547
            ],
            [
              103.836665409523,
              1.35761054610123
            ],
            [
              103.836656120112,
              1.35758329851975
            ],
            [
              103.836643379296,
              1.3575453649735
            ],
            [
              103.836632231648,
              1.35751571268957
            ],
            [
              103.836624534507,
              1.35749642532103
            ],
            [
              103.83659692959,
              1.35743845650634
            ],
            [
              103.836551010958,
              1.35734474452253
            ],
            [
              103.836537474027,
              1.35731509224133
            ],
            [
              103.83652340694,
              1.3572843719064
            ],
            [
              103.836476957263,
              1.35719130111608
            ],
            [
              103.836462890178,
              1.35716111435576
            ],
            [
              103.836449088171,
              1.357130927595
            ],
            [
              103.836402903576,
              1.35703726896592
            ],
            [
              103.836376626751,
              1.35698117037232
            ],
            [
              103.836359595295,
              1.35694629539012
            ],
            [
              103.835257230071,
              1.35748666238252
            ],
            [
              103.834934460853,
              1.35764488116742
            ],
            [
              103.835611801668,
              1.35869574750189
            ],
            [
              103.835613821648,
              1.35869887931379
            ],
            [
              103.835613851301,
              1.35869886574829
            ]
          ]
        ]
      },
      "properties": {
        "Filter stage": "Filter 1+2",
        "Role": "Candidate",
        "UUID": "UUID_a93e405c-94b9-4bee-95f2-cd58a3f5c60b",
        "Zone": "Business1",
        "Width m": 141.4995346382202,
        "Width diff": 0.5065348416126063,
        "Aspect ratio": 1.2468804100012385,
        "Aspect diff": -0.45753357238699127,
        "Final allowable GFA m²": 58166.75195700527,
        "GFA diff": 0.18232218111170104,
        "KG site area m²": 23266.70078280211,
        "Master Plan GPR": 2.5,
        "Master Plan GPR cap m²": 58166.75195700527,
        "Final GFA basis": "Master Plan GPR cap",
        "Width and aspect match": false,
        "GFA match": true,
        "Non-road context plots": 18,
        "Educational plots": 0,
        "B1-family plots": 4,
        "Business2 plots": 4,
        "Residential plots": 2,
        "Residential share": 0.1111111111111111,
        "Non-residential plots": 16,
        "Non-residential share": 0.8888888888888888,
        "Bordering road plots": 2,
        "Road type counts": "{\"Local Collector/Primary Access\":1,\"Local Access\":1}",
        "Context zone counts": "{\"Business1\":4,\"Business2\":4,\"CivicAndCommunityInstitutionZone\":4,\"PlaceOfWorship\":3,\"Residential\":2,\"TransportFacilities\":1}",
        "Short address": "29 Sin Ming Drive",
        "Full address": "29 Sin Ming Drive, Bishan, Singapore 575703",
        "Address feature type": "address",
        "Address source": "Mapbox Geocoding v6"
      }
    },
    {
      "type": "Feature",
      "id": "UUID_caaa7e87-94e5-4c34-a41d-92bc3c0e9c27:Filter 1+2",
      "geometry": {
        "type": "Polygon",
        "coordinates": [
          [
            [
              103.878204917011,
              1.32703928459184
            ],
            [
              103.878955558436,
              1.32649262776141
            ],
            [
              103.878967140311,
              1.32641692230473
            ],
            [
              103.878925546078,
              1.32635902205477
            ],
            [
              103.8788750361,
              1.32628511924239
            ],
            [
              103.878616652676,
              1.32590634005756
            ],
            [
              103.878627923129,
              1.32590033215783
            ],
            [
              103.878480001279,
              1.32569653637428
            ],
            [
              103.878367520197,
              1.3255415665629
            ],
            [
              103.878080499715,
              1.32514570258675
            ],
            [
              103.877599151592,
              1.32549511788146
            ],
            [
              103.877587907517,
              1.32551924200262
            ],
            [
              103.87755653086,
              1.32556679042655
            ],
            [
              103.877537009403,
              1.32559633545611
            ],
            [
              103.877527470611,
              1.3256107719955
            ],
            [
              103.877377744833,
              1.32577783067094
            ],
            [
              103.877344682951,
              1.32580111140959
            ],
            [
              103.877702706574,
              1.32631643348542
            ],
            [
              103.878159900967,
              1.32697460165897
            ],
            [
              103.878159961169,
              1.32697455824839
            ],
            [
              103.878164091032,
              1.32698050075107
            ],
            [
              103.878204917011,
              1.32703928459184
            ]
          ]
        ]
      },
      "properties": {
        "Filter stage": "Filter 1+2",
        "Role": "Candidate",
        "UUID": "UUID_caaa7e87-94e5-4c34-a41d-92bc3c0e9c27",
        "Zone": "Business1",
        "Width m": 110.75383444567342,
        "Width diff": 0.17918769740980212,
        "Aspect ratio": 1.6210059710636802,
        "Aspect diff": -0.2947669149269918,
        "Final allowable GFA m²": 48226.46621270411,
        "GFA diff": -0.019728301795833535,
        "KG site area m²": 19290.586485081643,
        "Master Plan GPR": 2.5,
        "Master Plan GPR cap m²": 48226.46621270411,
        "Final GFA basis": "Master Plan GPR cap",
        "Width and aspect match": false,
        "GFA match": true,
        "Non-road context plots": 57,
        "Educational plots": 0,
        "B1-family plots": 41,
        "Business2 plots": 16,
        "Residential plots": 0,
        "Residential share": 0,
        "Non-residential plots": 57,
        "Non-residential share": 1,
        "Bordering road plots": 3,
        "Road type counts": "{\"Local Collector/Primary Access\":1,\"Local Access\":2}",
        "Context zone counts": "{\"Business1\":41,\"Business2\":16}",
        "Short address": "70 Tannery Lane",
        "Full address": "70 Tannery Lane, Geylang, Singapore 347810",
        "Address feature type": "address",
        "Address source": "Mapbox Geocoding v6"
      }
    },
    {
      "type": "Feature",
      "id": "UUID_c924adbb-e172-4b7c-8eed-8b20b11ffc2d:Filter 1+2",
      "geometry": {
        "type": "Polygon",
        "coordinates": [
          [
            [
              103.845362297681,
              1.4374892827411
            ],
            [
              103.845363225019,
              1.43748674418716
            ],
            [
              103.845371718421,
              1.43746210475198
            ],
            [
              103.845371819064,
              1.43746219970963
            ],
            [
              103.84537542867,
              1.43745181216854
            ],
            [
              103.845382381003,
              1.43743158422782
            ],
            [
              103.845382620924,
              1.43743087701408
            ],
            [
              103.845383424257,
              1.43742851209864
            ],
            [
              103.845389274027,
              1.4374112884601
            ],
            [
              103.845397992969,
              1.43738525811216
            ],
            [
              103.845405423342,
              1.43736274574601
            ],
            [
              103.845407263638,
              1.43735711245447
            ],
            [
              103.845409094048,
              1.43735150900698
            ],
            [
              103.845410122924,
              1.43734833197166
            ],
            [
              103.845414403767,
              1.43733511738588
            ],
            [
              103.845416310553,
              1.4373284404582
            ],
            [
              103.84541700515,
              1.4373251603272
            ],
            [
              103.845418006147,
              1.43731774906101
            ],
            [
              103.845418232552,
              1.43730986752978
            ],
            [
              103.84541761248,
              1.43730205925653
            ],
            [
              103.845416916944,
              1.43729782050735
            ],
            [
              103.845416198949,
              1.43729453857515
            ],
            [
              103.845415702914,
              1.43729278863396
            ],
            [
              103.845414684786,
              1.43728920193277
            ],
            [
              103.845413327886,
              1.43728539637737
            ],
            [
              103.845411446203,
              1.43728098670976
            ],
            [
              103.845407496834,
              1.43727364872336
            ],
            [
              103.845405907205,
              1.43727117801007
            ],
            [
              103.84540310626,
              1.43726729559141
            ],
            [
              103.845399191053,
              1.43726264808694
            ],
            [
              103.845394093291,
              1.43725761713854
            ],
            [
              103.845386614244,
              1.43725163842956
            ],
            [
              103.84538097643,
              1.43724733459243
            ],
            [
              103.845362654882,
              1.43723334779995
            ],
            [
              103.84534804455,
              1.43722219526364
            ],
            [
              103.845334743478,
              1.43721204113788
            ],
            [
              103.845310179358,
              1.43719328928539
            ],
            [
              103.845307432339,
              1.43719119298473
            ],
            [
              103.84529941054,
              1.43718506867575
            ],
            [
              103.845289741608,
              1.43717768821419
            ],
            [
              103.845273200187,
              1.43716506067028
            ],
            [
              103.845241953183,
              1.43714120824066
            ],
            [
              103.845235567734,
              1.43713633375355
            ],
            [
              103.845204246148,
              1.43711249850671
            ],
            [
              103.845195399437,
              1.43710613544964
            ],
            [
              103.845182516221,
              1.43709743192023
            ],
            [
              103.845173395442,
              1.43709165217912
            ],
            [
              103.845167647105,
              1.4370881649825
            ],
            [
              103.845164404961,
              1.43708624955699
            ],
            [
              103.845159976667,
              1.43708369203939
            ],
            [
              103.845152633319,
              1.43707959892732
            ],
            [
              103.845146113987,
              1.43707611263901
            ],
            [
              103.845137809141,
              1.43707186940751
            ],
            [
              103.845123920407,
              1.43706523054544
            ],
            [
              103.845112424641,
              1.43705980984882
            ],
            [
              103.845105779507,
              1.43705663466218
            ],
            [
              103.845091978835,
              1.4370499397289
            ],
            [
              103.845071803507,
              1.43703990863063
            ],
            [
              103.845055271095,
              1.43703146919358
            ],
            [
              103.84504547817,
              1.43702637586751
            ],
            [
              103.845028430859,
              1.43701733955283
            ],
            [
              103.845013450324,
              1.43700916418169
            ],
            [
              103.845004106697,
              1.43700406542694
            ],
            [
              103.844993649706,
              1.43699821876905
            ],
            [
              103.844975313802,
              1.43698776260951
            ],
            [
              103.844946757236,
              1.43697094430317
            ],
            [
              103.844930873605,
              1.43696130296244
            ],
            [
              103.844926162251,
              1.43695840269198
            ],
            [
              103.844909050235,
              1.4369477131998
            ],
            [
              103.844900551287,
              1.43694231147845
            ],
            [
              103.844889423038,
              1.43693514445241
            ],
            [
              103.844888131752,
              1.4369343061138
            ],
            [
              103.84488640015,
              1.43693273433841
            ],
            [
              103.84488613686,
              1.43693248925719
            ],
            [
              103.844848944698,
              1.43689782608803
            ],
            [
              103.844839069183,
              1.43690856003142
            ],
            [
              103.844790498537,
              1.43696131724069
            ],
            [
              103.844731119636,
              1.43702582218827
            ],
            [
              103.844705985142,
              1.43705312505586
            ],
            [
              103.844662580492,
              1.43710028151177
            ],
            [
              103.84463614933,
              1.43712899428815
            ],
            [
              103.844590012061,
              1.43717911073883
            ],
            [
              103.844564579232,
              1.437206740986
            ],
            [
              103.84452635765,
              1.43724825961005
            ],
            [
              103.84450184947,
              1.43727488329512
            ],
            [
              103.844467363331,
              1.43731234673274
            ],
            [
              103.844413140529,
              1.43737125092197
            ],
            [
              103.844390602957,
              1.43739573396721
            ],
            [
              103.844352562517,
              1.43736028128466
            ],
            [
              103.84427752132,
              1.43729029836357
            ],
            [
              103.844252563602,
              1.43726702830021
            ],
            [
              103.84417817749,
              1.43719767028793
            ],
            [
              103.844155587585,
              1.43717660866842
            ],
            [
              103.844100533061,
              1.43712539209806
            ],
            [
              103.844074480198,
              1.43715371870283
            ],
            [
              103.844027552156,
              1.43720466716056
            ],
            [
              103.843971320094,
              1.4372658042229
            ],
            [
              103.843913719474,
              1.43732831863622
            ],
            [
              103.843858308719,
              1.43738849254453
            ],
            [
              103.843835993992,
              1.43741269613488
            ],
            [
              103.843835604001,
              1.43741272598069
            ],
            [
              103.843824119996,
              1.43742454606798
            ],
            [
              103.843812186693,
              1.43743616719727
            ],
            [
              103.84380471939,
              1.43744316700714
            ],
            [
              103.843801232851,
              1.43744616046723
            ],
            [
              103.843785859728,
              1.43745936063134
            ],
            [
              103.843770624985,
              1.43747169260551
            ],
            [
              103.843758172282,
              1.437481195717
            ],
            [
              103.843741010045,
              1.4374925880659
            ],
            [
              103.843723739073,
              1.43750288975248
            ],
            [
              103.843718351104,
              1.43750574575786
            ],
            [
              103.843708048723,
              1.43751120635327
            ],
            [
              103.843705531761,
              1.43751254120568
            ],
            [
              103.843679619896,
              1.43752473847781
            ],
            [
              103.843668068464,
              1.43752942765648
            ],
            [
              103.843651410316,
              1.43753582881887
            ],
            [
              103.843640770953,
              1.43753930162403
            ],
            [
              103.843622408164,
              1.43754479933457
            ],
            [
              103.843615329931,
              1.43754691829091
            ],
            [
              103.843598371646,
              1.43755184262828
            ],
            [
              103.843596472915,
              1.4375523933944
            ],
            [
              103.843585963846,
              1.43755543029536
            ],
            [
              103.843586798645,
              1.43755620171387
            ],
            [
              103.843634267188,
              1.43760046648683
            ],
            [
              103.843677081883,
              1.43764039033401
            ],
            [
              103.843725361865,
              1.43768541024504
            ],
            [
              103.843725884848,
              1.43768549796593
            ],
            [
              103.843745914643,
              1.43770405632251
            ],
            [
              103.843808562347,
              1.43776317519653
            ],
            [
              103.843821659443,
              1.43777521945238
            ],
            [
              103.843838674436,
              1.43779109638356
            ],
            [
              103.843873470929,
              1.43782351314058
            ],
            [
              103.843910186834,
              1.43785777659887
            ],
            [
              103.843947486829,
              1.43789254378442
            ],
            [
              103.843981114246,
              1.43792386807382
            ],
            [
              103.844014742562,
              1.43795519236269
            ],
            [
              103.84404903854,
              1.43798727269599
            ],
            [
              103.84408500322,
              1.43802078010682
            ],
            [
              103.8441167948,
              1.43805042499938
            ],
            [
              103.844150256879,
              1.43808158107532
            ],
            [
              103.844180463331,
              1.43810979888851
            ],
            [
              103.844214759313,
              1.4381417951134
            ],
            [
              103.844247303025,
              1.43817211103835
            ],
            [
              103.84428109759,
              1.43820360353401
            ],
            [
              103.844298406432,
              1.43821971469043
            ],
            [
              103.844420739209,
              1.43833377606792
            ],
            [
              103.844549800719,
              1.43845411097659
            ],
            [
              103.844655059208,
              1.43855225200621
            ],
            [
              103.844678652869,
              1.43857425144053
            ],
            [
              103.844762719666,
              1.43865263403201
            ],
            [
              103.844784737183,
              1.43867316207335
            ],
            [
              103.844785222427,
              1.43867361425276
            ],
            [
              103.844785322172,
              1.43867370740173
            ],
            [
              103.844786458888,
              1.43867193574743
            ],
            [
              103.844794272124,
              1.43865949889787
            ],
            [
              103.844794288298,
              1.4386594735756
            ],
            [
              103.844797514234,
              1.43865432411219
            ],
            [
              103.844798862119,
              1.43865217533714
            ],
            [
              103.844822415047,
              1.43861459166984
            ],
            [
              103.844824596822,
              1.43861119939042
            ],
            [
              103.844824697464,
              1.43861104022189
            ],
            [
              103.844824932895,
              1.43861064501375
            ],
            [
              103.844827633155,
              1.43860619824358
            ],
            [
              103.844875159537,
              1.43852792803401
            ],
            [
              103.844891905638,
              1.43849927408812
            ],
            [
              103.844896207183,
              1.43849191254539
            ],
            [
              103.844926109523,
              1.43844074711002
            ],
            [
              103.844934295663,
              1.43842617143783
            ],
            [
              103.844937739056,
              1.43842036359629
            ],
            [
              103.844938145218,
              1.43841962020722
            ],
            [
              103.844944335592,
              1.43840829482848
            ],
            [
              103.844975531886,
              1.43835275226533
            ],
            [
              103.844980370783,
              1.43834377009985
            ],
            [
              103.844983358588,
              1.43833822543044
            ],
            [
              103.845023426628,
              1.43826385306367
            ],
            [
              103.845047446773,
              1.43821728725092
            ],
            [
              103.845054577065,
              1.43820346582308
            ],
            [
              103.845069703888,
              1.43817413994196
            ],
            [
              103.845071625966,
              1.43817025116795
            ],
            [
              103.845073251511,
              1.43816709493009
            ],
            [
              103.845077052534,
              1.43815927487717
            ],
            [
              103.845114453526,
              1.43808361289984
            ],
            [
              103.845121072516,
              1.43806963863698
            ],
            [
              103.845126296899,
              1.4380586080853
            ],
            [
              103.845138644378,
              1.43803254154506
            ],
            [
              103.845145240904,
              1.43801896791537
            ],
            [
              103.845149487623,
              1.43800964842492
            ],
            [
              103.845157675544,
              1.43799236237376
            ],
            [
              103.845183453284,
              1.43793532040081
            ],
            [
              103.84518885738,
              1.43792336197085
            ],
            [
              103.845194682914,
              1.4379104702353
            ],
            [
              103.845196463912,
              1.43790656247027
            ],
            [
              103.845196728994,
              1.43790594297971
            ],
            [
              103.84519928008,
              1.43790029792792
            ],
            [
              103.845239267136,
              1.43780750999876
            ],
            [
              103.845246539384,
              1.43778980342291
            ],
            [
              103.845251117676,
              1.43777885698016
            ],
            [
              103.845254021005,
              1.4377720733325
            ],
            [
              103.845264433805,
              1.43774623379698
            ],
            [
              103.845277636712,
              1.43771408902274
            ],
            [
              103.845285555037,
              1.43769382580706
            ],
            [
              103.845291864899,
              1.43767816762001
            ],
            [
              103.845305517087,
              1.43764273909847
            ],
            [
              103.845309896786,
              1.43763153129552
            ],
            [
              103.845311923094,
              1.43762634566313
            ],
            [
              103.845314388809,
              1.43762003499994
            ],
            [
              103.845317499705,
              1.437611642488
            ],
            [
              103.845319391225,
              1.43760673449598
            ],
            [
              103.845324255257,
              1.43759341952292
            ],
            [
              103.845349523426,
              1.43752525749406
            ],
            [
              103.845356695914,
              1.43750480617442
            ],
            [
              103.845362297681,
              1.4374892827411
            ]
          ]
        ]
      },
      "properties": {
        "Filter stage": "Filter 1+2",
        "Role": "Candidate",
        "UUID": "UUID_c924adbb-e172-4b7c-8eed-8b20b11ffc2d",
        "Zone": "Business1",
        "Width m": 160.91314816138038,
        "Width diff": 0.7132301162580009,
        "Aspect ratio": 1.1307114478896743,
        "Aspect diff": -0.5080739140033205,
        "Final allowable GFA m²": 50528.590798138765,
        "GFA diff": 0.02706566330391739,
        "KG site area m²": 20211.436319255507,
        "Master Plan GPR": 2.5,
        "Master Plan GPR cap m²": 50528.590798138765,
        "Final GFA basis": "Master Plan GPR cap",
        "Width and aspect match": false,
        "GFA match": true,
        "Non-road context plots": 18,
        "Educational plots": 0,
        "B1-family plots": 10,
        "Business2 plots": 2,
        "Residential plots": 0,
        "Residential share": 0,
        "Non-residential plots": 18,
        "Non-residential share": 1,
        "Bordering road plots": 3,
        "Road type counts": "{\"Local Collector/Primary Access\":2,\"Major Arterials/Minor Arterials\":1}",
        "Context zone counts": "{\"Business1\":10,\"Business2\":2,\"CivicAndCommunityInstitutionZone\":2,\"Utility\":2,\"Waterbody\":2}",
        "Short address": "15 Yishun Industrial Street 1",
        "Full address": "15 Yishun Industrial Street 1, Yishun, Singapore 768091",
        "Address feature type": "address",
        "Address source": "Mapbox Geocoding v6"
      }
    },
    {
      "type": "Feature",
      "id": "UUID_b7a303e7-f673-4747-ad66-80dbb3f0c0e0:Filter 1+2",
      "geometry": {
        "type": "Polygon",
        "coordinates": [
          [
            [
              103.932792123458,
              1.31773988887468
            ],
            [
              103.931207689359,
              1.31743444814019
            ],
            [
              103.93103158282,
              1.31838646030749
            ],
            [
              103.932343898152,
              1.31863150868542
            ],
            [
              103.932530100551,
              1.31850324442186
            ],
            [
              103.932706133463,
              1.31822447641328
            ],
            [
              103.932756017541,
              1.31791151858427
            ],
            [
              103.932792123458,
              1.31773988887468
            ]
          ]
        ]
      },
      "properties": {
        "Filter stage": "Filter 1+2",
        "Role": "Candidate",
        "UUID": "UUID_b7a303e7-f673-4747-ad66-80dbb3f0c0e0",
        "Zone": "Business1",
        "Width m": 107.07769773013933,
        "Width diff": 0.1400481478795275,
        "Aspect ratio": 1.6804123288024024,
        "Aspect diff": -0.2689216498947237,
        "Final allowable GFA m²": 46625.54822839863,
        "GFA diff": -0.052269242785354365,
        "KG site area m²": 18650.21929135945,
        "Master Plan GPR": 2.5,
        "Master Plan GPR cap m²": 46625.54822839863,
        "Final GFA basis": "Master Plan GPR cap",
        "Width and aspect match": false,
        "GFA match": true,
        "Non-road context plots": 14,
        "Educational plots": 1,
        "B1-family plots": 9,
        "Business2 plots": 0,
        "Residential plots": 0,
        "Residential share": 0,
        "Non-residential plots": 14,
        "Non-residential share": 1,
        "Bordering road plots": 2,
        "Road type counts": "{\"Local Collector/Primary Access\":1,\"Major Arterials/Minor Arterials\":1}",
        "Context zone counts": "{\"Business1\":9,\"EducationalInstitution\":1,\"Park\":1,\"ReserveSite\":1,\"Utility\":2}",
        "Short address": "20 Bedok South Road",
        "Full address": "20 Bedok South Road, Bedok, Singapore 469277",
        "Address feature type": "address",
        "Address source": "Mapbox Geocoding v6"
      }
    },
    {
      "type": "Feature",
      "id": "UUID_6f236eb1-d7d4-45bc-bb78-dff94a9141ac:Filter 1+2",
      "geometry": {
        "type": "Polygon",
        "coordinates": [
          [
            [
              103.867136726428,
              1.31307711567931
            ],
            [
              103.867184309855,
              1.31279798833904
            ],
            [
              103.867214739314,
              1.31267063982995
            ],
            [
              103.867270794345,
              1.31253200811847
            ],
            [
              103.867463055776,
              1.31211472715931
            ],
            [
              103.867630873211,
              1.31177755603945
            ],
            [
              103.867632237171,
              1.31177480946548
            ],
            [
              103.867737204578,
              1.31156336577387
            ],
            [
              103.86780613923,
              1.31141542976978
            ],
            [
              103.8678232467,
              1.31134963339374
            ],
            [
              103.867834045477,
              1.31128519998245
            ],
            [
              103.867835375166,
              1.31120761362433
            ],
            [
              103.86782407924,
              1.311122316829
            ],
            [
              103.867799718564,
              1.31104791147694
            ],
            [
              103.867767683423,
              1.31097623379428
            ],
            [
              103.867734310542,
              1.31091907389391
            ],
            [
              103.867690111099,
              1.31086554697496
            ],
            [
              103.867649981408,
              1.31082835553612
            ],
            [
              103.867597667329,
              1.31078617398071
            ],
            [
              103.867567506408,
              1.31076879341328
            ],
            [
              103.867554383901,
              1.31076123129728
            ],
            [
              103.867527642977,
              1.31075273063796
            ],
            [
              103.867499790329,
              1.31079433179042
            ],
            [
              103.867465981277,
              1.31084158439843
            ],
            [
              103.867433444464,
              1.31088100880892
            ],
            [
              103.867401645236,
              1.31091140855492
            ],
            [
              103.867391133293,
              1.31092469200551
            ],
            [
              103.867359772141,
              1.31099089463369
            ],
            [
              103.867333974489,
              1.31103402865418
            ],
            [
              103.867216447346,
              1.31125985641944
            ],
            [
              103.867186297378,
              1.31132227968948
            ],
            [
              103.867205343894,
              1.31132044899634
            ],
            [
              103.867143986023,
              1.31142001132573
            ],
            [
              103.867054116452,
              1.31159880089781
            ],
            [
              103.866982777625,
              1.31170873913326
            ],
            [
              103.866883396133,
              1.31189814425926
            ],
            [
              103.866810618054,
              1.31202609926012
            ],
            [
              103.866613974004,
              1.31208144087213
            ],
            [
              103.86643154435,
              1.3121562659097
            ],
            [
              103.86636580336,
              1.31219152253225
            ],
            [
              103.866327480461,
              1.31220864537548
            ],
            [
              103.866281982309,
              1.31220001653228
            ],
            [
              103.866281698375,
              1.31220058899882
            ],
            [
              103.866295760705,
              1.31220324764421
            ],
            [
              103.86627468089,
              1.31221462482985
            ],
            [
              103.866262793305,
              1.31223152756106
            ],
            [
              103.866201990117,
              1.3123569185126
            ],
            [
              103.866192618355,
              1.31236511217947
            ],
            [
              103.866127725867,
              1.31242187095654
            ],
            [
              103.866091573148,
              1.31245349344465
            ],
            [
              103.866091549786,
              1.31245351424534
            ],
            [
              103.866086491013,
              1.31245808949235
            ],
            [
              103.86623043538,
              1.31262356098394
            ],
            [
              103.866127550876,
              1.31271517356956
            ],
            [
              103.866295794121,
              1.31290242816488
            ],
            [
              103.866295954065,
              1.31290260541821
            ],
            [
              103.866406272391,
              1.31302539857179
            ],
            [
              103.866406440422,
              1.31302558577302
            ],
            [
              103.866482615174,
              1.31311039425711
            ],
            [
              103.866633664001,
              1.31297134618657
            ],
            [
              103.866862796589,
              1.31322445936881
            ],
            [
              103.866946228904,
              1.3131714679047
            ],
            [
              103.867056264474,
              1.31311133883184
            ],
            [
              103.867136726428,
              1.31307711567931
            ]
          ]
        ]
      },
      "properties": {
        "Filter stage": "Filter 1+2",
        "Role": "Candidate",
        "UUID": "UUID_6f236eb1-d7d4-45bc-bb78-dff94a9141ac",
        "Zone": "Business1",
        "Width m": 135.4007991555045,
        "Width diff": 0.4416020662647463,
        "Aspect ratio": 2.036840360422511,
        "Aspect diff": -0.1138544602402605,
        "Final allowable GFA m²": 55371.44831363301,
        "GFA diff": 0.1255036483707931,
        "KG site area m²": 22148.579325453204,
        "Master Plan GPR": 2.5,
        "Master Plan GPR cap m²": 55371.44831363301,
        "Final GFA basis": "Master Plan GPR cap",
        "Width and aspect match": false,
        "GFA match": true,
        "Non-road context plots": 54,
        "Educational plots": 0,
        "B1-family plots": 40,
        "Business2 plots": 0,
        "Residential plots": 4,
        "Residential share": 0.07407407407407407,
        "Non-residential plots": 50,
        "Non-residential share": 0.9259259259259259,
        "Bordering road plots": 4,
        "Road type counts": "{\"Local Access\":1,\"Local Collector/Primary Access\":2,\"Major Arterials/Minor Arterials\":1}",
        "Context zone counts": "{\"Business1\":36,\"Business1White\":4,\"Park\":4,\"ReserveSite\":1,\"Residential\":4,\"Utility\":2,\"Waterbody\":3}",
        "Short address": "103 Kallang Avenue",
        "Full address": "103 Kallang Avenue, Kallang, Singapore 339505",
        "Address feature type": "address",
        "Address source": "Mapbox Geocoding v6"
      }
    },
    {
      "type": "Feature",
      "id": "UUID_7943dc4d-248a-4070-8ed8-4dc0508b1dca:Filter 1+2",
      "geometry": {
        "type": "Polygon",
        "coordinates": [
          [
            [
              103.818697476283,
              1.44222188141825
            ],
            [
              103.818765725895,
              1.44219129446993
            ],
            [
              103.818802600867,
              1.44217476836495
            ],
            [
              103.818809054616,
              1.4421718762513
            ],
            [
              103.818814250325,
              1.44216954754813
            ],
            [
              103.818823451096,
              1.44216542461308
            ],
            [
              103.818832440695,
              1.44216139573047
            ],
            [
              103.818833821926,
              1.44214792614644
            ],
            [
              103.818833790475,
              1.44214790444151
            ],
            [
              103.81883520316,
              1.44213377648091
            ],
            [
              103.818840328189,
              1.44208253526672
            ],
            [
              103.818841545866,
              1.44207035982609
            ],
            [
              103.818845813578,
              1.44202768112185
            ],
            [
              103.818837411726,
              1.44202154224725
            ],
            [
              103.818813090387,
              1.44200377405773
            ],
            [
              103.818813006818,
              1.44200363659391
            ],
            [
              103.818789785357,
              1.44198683246288
            ],
            [
              103.818790110648,
              1.44198698530245
            ],
            [
              103.818786794837,
              1.44198456249078
            ],
            [
              103.818776060236,
              1.44197671977976
            ],
            [
              103.818758035345,
              1.44196355031955
            ],
            [
              103.818742340506,
              1.44195208469542
            ],
            [
              103.818712469454,
              1.44193026039783
            ],
            [
              103.818677674109,
              1.44190483941355
            ],
            [
              103.818659885548,
              1.44189184268755
            ],
            [
              103.818654542511,
              1.44188778839044
            ],
            [
              103.818613555867,
              1.44185632259803
            ],
            [
              103.818579071445,
              1.44182984803056
            ],
            [
              103.818528579482,
              1.44179108395957
            ],
            [
              103.818492906224,
              1.44176369688003
            ],
            [
              103.818464241096,
              1.44174169080998
            ],
            [
              103.818455060167,
              1.44173464213898
            ],
            [
              103.818444676023,
              1.44172667010468
            ],
            [
              103.818431700335,
              1.44171670845313
            ],
            [
              103.818412082246,
              1.44170164795519
            ],
            [
              103.818396603976,
              1.44168976451409
            ],
            [
              103.818386213542,
              1.44168169933002
            ],
            [
              103.818380519159,
              1.44167689802553
            ],
            [
              103.818377506177,
              1.44167435764798
            ],
            [
              103.818376068429,
              1.44167314488677
            ],
            [
              103.818373535295,
              1.44167100966733
            ],
            [
              103.818369702797,
              1.44166777744614
            ],
            [
              103.818365112788,
              1.44166337226021
            ],
            [
              103.818343321928,
              1.4416424623229
            ],
            [
              103.818329458449,
              1.44162915904102
            ],
            [
              103.818313561456,
              1.44161390322435
            ],
            [
              103.818295291281,
              1.44159637201272
            ],
            [
              103.818277407501,
              1.44157921068827
            ],
            [
              103.818260723341,
              1.4415631997223
            ],
            [
              103.818245783349,
              1.4415488636494
            ],
            [
              103.818227103418,
              1.44153093813191
            ],
            [
              103.818219839199,
              1.44152396815239
            ],
            [
              103.818206517572,
              1.44151118397815
            ],
            [
              103.81820099842,
              1.44150588798743
            ],
            [
              103.818188747915,
              1.44149413208178
            ],
            [
              103.818175300485,
              1.44148122853049
            ],
            [
              103.818161791951,
              1.44146826529072
            ],
            [
              103.818153206803,
              1.44146002647985
            ],
            [
              103.818149348246,
              1.44145683766758
            ],
            [
              103.818145099699,
              1.44145332689919
            ],
            [
              103.818132441223,
              1.44144286423058
            ],
            [
              103.818117453594,
              1.44143047706029
            ],
            [
              103.818114860255,
              1.44142833279651
            ],
            [
              103.818110945985,
              1.44142509786124
            ],
            [
              103.818101721032,
              1.44141747401319
            ],
            [
              103.818099892395,
              1.44141596280915
            ],
            [
              103.818097770818,
              1.44141420832929
            ],
            [
              103.818094418168,
              1.44141143824071
            ],
            [
              103.818090801333,
              1.44140844929432
            ],
            [
              103.818088865764,
              1.44140684855755
            ],
            [
              103.818084361118,
              1.44140312526185
            ],
            [
              103.818081654557,
              1.44140088875219
            ],
            [
              103.81806945616,
              1.44139080682344
            ],
            [
              103.818067755124,
              1.44138940052641
            ],
            [
              103.818067427138,
              1.44138913011945
            ],
            [
              103.818066619303,
              1.44138846178924
            ],
            [
              103.818065815063,
              1.4413877970765
            ],
            [
              103.818065307358,
              1.4413873774483
            ],
            [
              103.818064579498,
              1.44138677604154
            ],
            [
              103.818063921728,
              1.44138623251452
            ],
            [
              103.818063515564,
              1.44138589699285
            ],
            [
              103.81806291171,
              1.44138539778002
            ],
            [
              103.818062192835,
              1.44138480360821
            ],
            [
              103.818061960998,
              1.44138461188153
            ],
            [
              103.81806172377,
              1.44138441653739
            ],
            [
              103.818061544051,
              1.44138426731616
            ],
            [
              103.818061335578,
              1.44138409458128
            ],
            [
              103.818061140583,
              1.44138393360323
            ],
            [
              103.818060965358,
              1.44138378890385
            ],
            [
              103.818060614906,
              1.4413834995051
            ],
            [
              103.818060224019,
              1.44138317574026
            ],
            [
              103.818059920294,
              1.44138292522947
            ],
            [
              103.818059780114,
              1.44138280946998
            ],
            [
              103.818059541987,
              1.44138261231708
            ],
            [
              103.818059222088,
              1.44138234824072
            ],
            [
              103.818058774589,
              1.44138197835295
            ],
            [
              103.818058296537,
              1.44138158314278
            ],
            [
              103.818057920027,
              1.44138127203914
            ],
            [
              103.818057865213,
              1.44138122682058
            ],
            [
              103.81805773941,
              1.44138112281789
            ],
            [
              103.818057565083,
              1.4413809790229
            ],
            [
              103.818057347623,
              1.44138079905305
            ],
            [
              103.818057186775,
              1.4413806661105
            ],
            [
              103.818057027724,
              1.44138053497669
            ],
            [
              103.818056763538,
              1.44138031611889
            ],
            [
              103.818056405,
              1.44138002038954
            ],
            [
              103.818056110261,
              1.44137977620936
            ],
            [
              103.81805605365,
              1.44137973008643
            ],
            [
              103.818055871235,
              1.44137957905646
            ],
            [
              103.818055711286,
              1.44137944611391
            ],
            [
              103.818055592672,
              1.44137934844184
            ],
            [
              103.818055410257,
              1.44137919741186
            ],
            [
              103.818055082271,
              1.4413789270049
            ],
            [
              103.818054613206,
              1.44137853902971
            ],
            [
              103.81805436789,
              1.44137833645058
            ],
            [
              103.818054193563,
              1.44137819175122
            ],
            [
              103.818053793689,
              1.44137786165577
            ],
            [
              103.8180535951,
              1.4413776979646
            ],
            [
              103.818053414483,
              1.44137754783901
            ],
            [
              103.81805303977,
              1.44137723854409
            ],
            [
              103.818052725262,
              1.44137697808521
            ],
            [
              103.818052370318,
              1.44137668506899
            ],
            [
              103.818052187005,
              1.44137653403902
            ],
            [
              103.818051919225,
              1.44137631246809
            ],
            [
              103.81805171794,
              1.44137614606382
            ],
            [
              103.818050920888,
              1.44137548496857
            ],
            [
              103.818050871466,
              1.44137544155879
            ],
            [
              103.818050763634,
              1.44137535745223
            ],
            [
              103.81804992974,
              1.44137466832147
            ],
            [
              103.818048607012,
              1.44137357493681
            ],
            [
              103.818048068754,
              1.44137324031862
            ],
            [
              103.818048025622,
              1.44137321047432
            ],
            [
              103.818047864773,
              1.44137311008885
            ],
            [
              103.818047644618,
              1.44137297081536
            ],
            [
              103.818046656164,
              1.44137235222392
            ],
            [
              103.818045151918,
              1.44137140986678
            ],
            [
              103.818043299916,
              1.44137024955565
            ],
            [
              103.818041441624,
              1.44136908562702
            ],
            [
              103.818039598608,
              1.44136793074211
            ],
            [
              103.81803849783,
              1.44136724160954
            ],
            [
              103.81803670244,
              1.4413661156646
            ],
            [
              103.818035375216,
              1.44136528454539
            ],
            [
              103.81803328958,
              1.44136397772574
            ],
            [
              103.818030810359,
              1.44136242401215
            ],
            [
              103.818030163372,
              1.44136201885284
            ],
            [
              103.818028943081,
              1.44136131344091
            ],
            [
              103.818027307638,
              1.44136048051088
            ],
            [
              103.818025510449,
              1.44135956528267
            ],
            [
              103.818023411332,
              1.44135849540621
            ],
            [
              103.818021247516,
              1.44135739297221
            ],
            [
              103.818018622722,
              1.44135605540056
            ],
            [
              103.818015802932,
              1.44135461925192
            ],
            [
              103.818013629231,
              1.44135351139167
            ],
            [
              103.818011875175,
              1.4413526169641
            ],
            [
              103.818009614311,
              1.44135146659817
            ],
            [
              103.818008012116,
              1.441350762088
            ],
            [
              103.818007862949,
              1.44135072952989
            ],
            [
              103.818005844704,
              1.44134991649327
            ],
            [
              103.818002836207,
              1.44134870552989
            ],
            [
              103.817999313713,
              1.44134728655938
            ],
            [
              103.817995354503,
              1.44134569213937
            ],
            [
              103.817989801184,
              1.44134345651466
            ],
            [
              103.81798851799,
              1.44134294011429
            ],
            [
              103.817986930171,
              1.44134244541658
            ],
            [
              103.817985377398,
              1.44134197423257
            ],
            [
              103.81798318752,
              1.44134131131912
            ],
            [
              103.817980312912,
              1.44134043949302
            ],
            [
              103.817978858984,
              1.44133999905802
            ],
            [
              103.817976622379,
              1.44133932167445
            ],
            [
              103.817973869979,
              1.44133848783244
            ],
            [
              103.817971461743,
              1.44133775799458
            ],
            [
              103.817970246841,
              1.44133738991031
            ],
            [
              103.81796750882,
              1.44133655425967
            ],
            [
              103.817966987634,
              1.44133640774921
            ],
            [
              103.817965296476,
              1.44133602971371
            ],
            [
              103.817963498384,
              1.44133565439056
            ],
            [
              103.817961180904,
              1.44133517144462
            ],
            [
              103.817959459193,
              1.44133481240052
            ],
            [
              103.81795801425,
              1.44133451033324
            ],
            [
              103.817956793956,
              1.44133425619874
            ],
            [
              103.817952856307,
              1.44133343500975
            ],
            [
              103.817945512079,
              1.44133190296773
            ],
            [
              103.817944013219,
              1.44133165154444
            ],
            [
              103.817943906286,
              1.44133163616952
            ],
            [
              103.817942229504,
              1.44133144171992
            ],
            [
              103.817936947552,
              1.4413308212905
            ],
            [
              103.817929132454,
              1.44132990330817
            ],
            [
              103.817925345766,
              1.44132945923983
            ],
            [
              103.817922068583,
              1.44132909295022
            ],
            [
              103.817921870892,
              1.44132908661832
            ],
            [
              103.817921556383,
              1.4413290784769
            ],
            [
              103.817921357792,
              1.44132907214501
            ],
            [
              103.817920963308,
              1.44132906128995
            ],
            [
              103.817919835568,
              1.44132902962954
            ],
            [
              103.81791805994,
              1.44132897897308
            ],
            [
              103.817916575457,
              1.44132893736225
            ],
            [
              103.817914158229,
              1.44132886861414
            ],
            [
              103.817911469626,
              1.44132879262926
            ],
            [
              103.817909691301,
              1.44132874287714
            ],
            [
              103.817905961223,
              1.44132863704118
            ],
            [
              103.817901064765,
              1.44132849864015
            ],
            [
              103.817900899423,
              1.4413284941172
            ],
            [
              103.817900826637,
              1.44132849230798
            ],
            [
              103.817900185038,
              1.44132847421632
            ],
            [
              103.817899723159,
              1.44132846064773
            ],
            [
              103.817899454479,
              1.44132847692445
            ],
            [
              103.817898930596,
              1.4413285085736
            ],
            [
              103.817898655625,
              1.44132852575462
            ],
            [
              103.817898218906,
              1.4413285519782
            ],
            [
              103.817897766911,
              1.44132857910603
            ],
            [
              103.817895847506,
              1.44132869485148
            ],
            [
              103.817894552626,
              1.44132877352229
            ],
            [
              103.817894378142,
              1.44135195688451
            ],
            [
              103.817868589275,
              1.44135379075803
            ],
            [
              103.817842818356,
              1.44135923666
            ],
            [
              103.817805902967,
              1.44137376862729
            ],
            [
              103.817788180764,
              1.44138255168587
            ],
            [
              103.817744425142,
              1.44141268116584
            ],
            [
              103.817705676521,
              1.44144058413611
            ],
            [
              103.81765368879,
              1.44147853087723
            ],
            [
              103.817583728116,
              1.44152926790785
            ],
            [
              103.817504836235,
              1.44158589589891
            ],
            [
              103.817461772521,
              1.44161673078182
            ],
            [
              103.817417261161,
              1.44164820865627
            ],
            [
              103.817318126468,
              1.44171785390918
            ],
            [
              103.817238461788,
              1.44177336499608
            ],
            [
              103.817226022451,
              1.44178000384144
            ],
            [
              103.817188143715,
              1.44180018082979
            ],
            [
              103.817163878786,
              1.4418130931613
            ],
            [
              103.817119211117,
              1.44183670668198
            ],
            [
              103.817093568633,
              1.44185026290979
            ],
            [
              103.81706435331,
              1.44186559709065
            ],
            [
              103.817014788265,
              1.44189153478869
            ],
            [
              103.817011888478,
              1.44189305048132
            ],
            [
              103.817011892971,
              1.44189309027335
            ],
            [
              103.817133079084,
              1.44210418771681
            ],
            [
              103.817278283553,
              1.44235712028409
            ],
            [
              103.817599000518,
              1.44220762669828
            ],
            [
              103.817650285582,
              1.44229817556453
            ],
            [
              103.817823826093,
              1.44261341352539
            ],
            [
              103.817827815881,
              1.44261162562574
            ],
            [
              103.817949516092,
              1.44255708518725
            ],
            [
              103.818324636089,
              1.44238897282833
            ],
            [
              103.818550343013,
              1.44228782033144
            ],
            [
              103.818650392307,
              1.44224298263119
            ],
            [
              103.818654321888,
              1.44224122095621
            ],
            [
              103.818697476283,
              1.44222188141825
            ]
          ]
        ]
      },
      "properties": {
        "Filter stage": "Filter 1+2",
        "Role": "Candidate",
        "UUID": "UUID_7943dc4d-248a-4070-8ed8-4dc0508b1dca",
        "Zone": "Business1",
        "Width m": 132.70567524723447,
        "Width diff": 0.41290728588505715,
        "Aspect ratio": 1.2755099661117018,
        "Aspect diff": -0.44507802901425214,
        "Final allowable GFA m²": 39453.80219261632,
        "GFA diff": -0.19804520809407458,
        "KG site area m²": 15781.520877046529,
        "Master Plan GPR": 2.5,
        "Master Plan GPR cap m²": 39453.80219261632,
        "Final GFA basis": "Master Plan GPR cap",
        "Width and aspect match": false,
        "GFA match": true,
        "Non-road context plots": 17,
        "Educational plots": 1,
        "B1-family plots": 4,
        "Business2 plots": 0,
        "Residential plots": 6,
        "Residential share": 0.35294117647058826,
        "Non-residential plots": 11,
        "Non-residential share": 0.6470588235294118,
        "Bordering road plots": 2,
        "Road type counts": "{\"Major Arterials/Minor Arterials\":1,\"Local Collector/Primary Access\":1}",
        "Context zone counts": "{\"Business1\":4,\"EducationalInstitution\":1,\"Park\":3,\"PlaceOfWorship\":1,\"Residential\":6,\"TransportFacilities\":1,\"Utility\":1}",
        "Short address": "50 Gambas Crescent",
        "Full address": "50 Gambas Crescent, Sembawang, Singapore 757022",
        "Address feature type": "address",
        "Address source": "Mapbox Geocoding v6"
      }
    },
    {
      "type": "Feature",
      "id": "UUID_d610bfec-ce1a-4f29-adf4-1f38a0e95a69:Filter 1+2",
      "geometry": {
        "type": "Polygon",
        "coordinates": [
          [
            [
              103.844347322223,
              1.43648867813723
            ],
            [
              103.844348319629,
              1.4364813799169
            ],
            [
              103.844348979154,
              1.43647216987325
            ],
            [
              103.844347610514,
              1.4364556272581
            ],
            [
              103.844342793958,
              1.43643839101268
            ],
            [
              103.844337225304,
              1.43642664878069
            ],
            [
              103.844332043962,
              1.43641852581056
            ],
            [
              103.844325387123,
              1.43640987198602
            ],
            [
              103.844281131985,
              1.43636862688206
            ],
            [
              103.84400275391,
              1.4361091743845
            ],
            [
              103.843959980576,
              1.43606975427318
            ],
            [
              103.843856793502,
              1.4359735223104
            ],
            [
              103.843784881948,
              1.43605173925512
            ],
            [
              103.843604044952,
              1.43624843015366
            ],
            [
              103.84316556015,
              1.43672535555604
            ],
            [
              103.843018065299,
              1.43688577856326
            ],
            [
              103.84294881352,
              1.43696109788849
            ],
            [
              103.842948729951,
              1.43696118922958
            ],
            [
              103.842948678731,
              1.43696124439597
            ],
            [
              103.842949438947,
              1.43696195341394
            ],
            [
              103.842950192871,
              1.43696265610139
            ],
            [
              103.842962432695,
              1.43697406912007
            ],
            [
              103.842963240536,
              1.43697482154729
            ],
            [
              103.842973302154,
              1.43698420337416
            ],
            [
              103.842974041702,
              1.43698486536528
            ],
            [
              103.842983207417,
              1.43699343779036
            ],
            [
              103.842984814113,
              1.43699494083609
            ],
            [
              103.843028211078,
              1.43703553301821
            ],
            [
              103.843122207288,
              1.4371229882071
            ],
            [
              103.843218139089,
              1.43721239138309
            ],
            [
              103.843279883671,
              1.43727000451043
            ],
            [
              103.843296936392,
              1.43728459815347
            ],
            [
              103.84330938109,
              1.43729378824324
            ],
            [
              103.843321277637,
              1.43730159827625
            ],
            [
              103.84332645626,
              1.43730472554331
            ],
            [
              103.843338058961,
              1.43731117631882
            ],
            [
              103.84334901377,
              1.43731660426174
            ],
            [
              103.843361326357,
              1.43732198788477
            ],
            [
              103.843383659201,
              1.43732996517861
            ],
            [
              103.843410343941,
              1.4373367079964
            ],
            [
              103.84343324378,
              1.43734023853069
            ],
            [
              103.843452170916,
              1.43734164654074
            ],
            [
              103.843467976324,
              1.43734179297715
            ],
            [
              103.843480473098,
              1.43734124849434
            ],
            [
              103.84349716002,
              1.43733960519073
            ],
            [
              103.843513668118,
              1.43733692910441
            ],
            [
              103.843527856038,
              1.43733377100252
            ],
            [
              103.843539574615,
              1.43733054327563
            ],
            [
              103.843554316063,
              1.43732565150578
            ],
            [
              103.843569461873,
              1.4373196075746
            ],
            [
              103.843583608442,
              1.43731296224591
            ],
            [
              103.843597427918,
              1.43730545867744
            ],
            [
              103.843613043678,
              1.43729564806881
            ],
            [
              103.843620849757,
              1.4372901585455
            ],
            [
              103.843635676541,
              1.43727852022116
            ],
            [
              103.843644105339,
              1.43727110892196
            ],
            [
              103.843654159687,
              1.43726140143578
            ],
            [
              103.843669713412,
              1.43724472218438
            ],
            [
              103.843745488052,
              1.43716240845831
            ],
            [
              103.84379368581,
              1.43711005100179
            ],
            [
              103.843872938889,
              1.43702395701493
            ],
            [
              103.843959699693,
              1.43692970834222
            ],
            [
              103.843995972235,
              1.43689030594788
            ],
            [
              103.844062375443,
              1.43681817086917
            ],
            [
              103.844107469452,
              1.43676918488867
            ],
            [
              103.844134968143,
              1.43673931271892
            ],
            [
              103.844215592447,
              1.43665173013075
            ],
            [
              103.844236667107,
              1.43662883606126
            ],
            [
              103.844305483915,
              1.43655408102202
            ],
            [
              103.844323098997,
              1.43653494550419
            ],
            [
              103.844326423784,
              1.43653133255491
            ],
            [
              103.844332245756,
              1.43652500831099
            ],
            [
              103.844336249865,
              1.43651777971211
            ],
            [
              103.844340232405,
              1.43651030060458
            ],
            [
              103.844342158075,
              1.43650594337069
            ],
            [
              103.844343785412,
              1.43650168290515
            ],
            [
              103.844345673333,
              1.4364956896774
            ],
            [
              103.844347322223,
              1.43648867813723
            ]
          ]
        ]
      },
      "properties": {
        "Filter stage": "Filter 1+2",
        "Role": "Candidate",
        "UUID": "UUID_d610bfec-ce1a-4f29-adf4-1f38a0e95a69",
        "Zone": "Business1",
        "Width m": 80.25336237195006,
        "Width diff": -0.1455485215620803,
        "Aspect ratio": 1.854657029432209,
        "Aspect diff": -0.19311494098905135,
        "Final allowable GFA m²": 29515.678322634987,
        "GFA diff": -0.4000517478231591,
        "KG site area m²": 11806.271329053994,
        "Master Plan GPR": 2.5,
        "Master Plan GPR cap m²": 29515.678322634987,
        "Final GFA basis": "Master Plan GPR cap",
        "Width and aspect match": true,
        "GFA match": false,
        "Non-road context plots": 7,
        "Educational plots": 0,
        "B1-family plots": 5,
        "Business2 plots": 1,
        "Residential plots": 0,
        "Residential share": 0,
        "Non-residential plots": 7,
        "Non-residential share": 1,
        "Bordering road plots": 2,
        "Road type counts": "{\"Local Collector/Primary Access\":2}",
        "Context zone counts": "{\"Business1\":5,\"Business2\":1,\"Utility\":1}",
        "Short address": "6 Yishun Industrial Street 1",
        "Full address": "6 Yishun Industrial Street 1, Yishun, Singapore 768090",
        "Address feature type": "address",
        "Address source": "Mapbox Geocoding v6"
      }
    },
    {
      "type": "Feature",
      "id": "UUID_cac94b33-e06c-492a-a604-b2f275c6bcf0:Filter 1+2",
      "geometry": {
        "type": "Polygon",
        "coordinates": [
          [
            [
              103.805797753294,
              1.43573050299685
            ],
            [
              103.805716672362,
              1.43563652144451
            ],
            [
              103.805624484953,
              1.43552966613708
            ],
            [
              103.805577148512,
              1.43547479781548
            ],
            [
              103.80552374664,
              1.43541289889552
            ],
            [
              103.80543690312,
              1.43531223491967
            ],
            [
              103.805276741568,
              1.43512641063165
            ],
            [
              103.805049909721,
              1.4348638909429
            ],
            [
              103.804851497376,
              1.43463468744141
            ],
            [
              103.804840079973,
              1.43462305627718
            ],
            [
              103.80482676835,
              1.43460987772291
            ],
            [
              103.804806796424,
              1.43459010627384
            ],
            [
              103.804782430339,
              1.43457266802772
            ],
            [
              103.804760781582,
              1.43455717329301
            ],
            [
              103.804719377296,
              1.43453523652717
            ],
            [
              103.804700062119,
              1.43452548814803
            ],
            [
              103.804672205792,
              1.43451623615675
            ],
            [
              103.804638546338,
              1.43450707995447
            ],
            [
              103.804583661171,
              1.43449808717327
            ],
            [
              103.804516182986,
              1.43449790273339
            ],
            [
              103.804449289632,
              1.43451003392337
            ],
            [
              103.804415306402,
              1.43452339636907
            ],
            [
              103.804406288117,
              1.43452669546317
            ],
            [
              103.804397350456,
              1.43453020976875
            ],
            [
              103.804388498487,
              1.43453393729095
            ],
            [
              103.804353821027,
              1.43455105919561
            ],
            [
              103.804320931261,
              1.43457144313219
            ],
            [
              103.804290131229,
              1.43459490190475
            ],
            [
              103.804230082856,
              1.43464743110063
            ],
            [
              103.804097810905,
              1.4347631373087
            ],
            [
              103.804091234008,
              1.43476940446432
            ],
            [
              103.804085195363,
              1.43477621514939
            ],
            [
              103.804079740799,
              1.43478350425036
            ],
            [
              103.804074924232,
              1.43479122745408
            ],
            [
              103.804070763634,
              1.43479933049897
            ],
            [
              103.80406729495,
              1.43480775912368
            ],
            [
              103.804064545139,
              1.43481645002311
            ],
            [
              103.804062523187,
              1.43482534803117
            ],
            [
              103.804061256053,
              1.43483437446859
            ],
            [
              103.804060743738,
              1.43484349044774
            ],
            [
              103.804061005113,
              1.43485260643684
            ],
            [
              103.804072656865,
              1.4350199862137
            ],
            [
              103.804072674828,
              1.43502074587941
            ],
            [
              103.804072629888,
              1.43502151458796
            ],
            [
              103.804072531033,
              1.43502226520851
            ],
            [
              103.803821083297,
              1.43524485298572
            ],
            [
              103.803853034196,
              1.43535018554009
            ],
            [
              103.803890294674,
              1.43547301940827
            ],
            [
              103.803915691501,
              1.43555674662898
            ],
            [
              103.803985279893,
              1.4355353728937
            ],
            [
              103.80409122451,
              1.43551725081175
            ],
            [
              103.804198032515,
              1.43551178078348
            ],
            [
              103.804305054233,
              1.43551844731324
            ],
            [
              103.804410719805,
              1.43553836365272
            ],
            [
              103.804512898675,
              1.43557054040128
            ],
            [
              103.804610566444,
              1.43561514575809
            ],
            [
              103.804702168561,
              1.43567079060158
            ],
            [
              103.804787362675,
              1.43573648736305
            ],
            [
              103.804863617439,
              1.43581238161405
            ],
            [
              103.804930876269,
              1.43589648827654
            ],
            [
              103.804986615011,
              1.43598852696702
            ],
            [
              103.805090705851,
              1.43618910617584
            ],
            [
              103.805153837937,
              1.4363067710029
            ],
            [
              103.805260697399,
              1.43621113767761
            ],
            [
              103.805383224935,
              1.43610148238125
            ],
            [
              103.805536983483,
              1.43596387810115
            ],
            [
              103.805677127247,
              1.4358384572318
            ],
            [
              103.805760214968,
              1.43576409784326
            ],
            [
              103.805791437898,
              1.43573615519325
            ],
            [
              103.805797753294,
              1.43573050299685
            ]
          ]
        ]
      },
      "properties": {
        "Filter stage": "Filter 1+2",
        "Role": "Candidate",
        "UUID": "UUID_cac94b33-e06c-492a-a604-b2f275c6bcf0",
        "Zone": "Business1",
        "Width m": 145.57362449865468,
        "Width diff": 0.5499113681736153,
        "Aspect ratio": 1.4126475185475929,
        "Aspect diff": -0.3854151154222296,
        "Final allowable GFA m²": 51802.83050073663,
        "GFA diff": 0.052966402364407264,
        "KG site area m²": 20721.13220029465,
        "Master Plan GPR": 2.5,
        "Master Plan GPR cap m²": 51802.83050073663,
        "Final GFA basis": "Master Plan GPR cap",
        "Width and aspect match": false,
        "GFA match": true,
        "Non-road context plots": 11,
        "Educational plots": 1,
        "B1-family plots": 3,
        "Business2 plots": 1,
        "Residential plots": 1,
        "Residential share": 0.09090909090909091,
        "Non-residential plots": 10,
        "Non-residential share": 0.9090909090909091,
        "Bordering road plots": 2,
        "Road type counts": "{\"Local Collector/Primary Access\":1,\"Local Access\":1}",
        "Context zone counts": "{\"Business1\":3,\"Business2\":1,\"CivicAndCommunityInstitutionZone\":1,\"EducationalInstitution\":1,\"HealthAndMedicalCare\":1,\"Park\":3,\"Residential\":1}",
        "Short address": "21 Woodlands Close",
        "Full address": "21 Woodlands Close, Woodlands, Singapore 737854",
        "Address feature type": "address",
        "Address source": "Mapbox Geocoding v6"
      }
    },
    {
      "type": "Feature",
      "id": "UUID_144994f3-d081-40a9-9eee-4d477d694125:Filter 1+2",
      "geometry": {
        "type": "Polygon",
        "coordinates": [
          [
            [
              103.895270454182,
              1.36132259233969
            ],
            [
              103.895270597927,
              1.36132158758777
            ],
            [
              103.895271287004,
              1.36131673746678
            ],
            [
              103.895277626152,
              1.36127212865313
            ],
            [
              103.895280696901,
              1.36125051970463
            ],
            [
              103.895285583327,
              1.3612161365702
            ],
            [
              103.895326018842,
              1.36107602062911
            ],
            [
              103.895341259878,
              1.36102321624006
            ],
            [
              103.895362868385,
              1.36094418965713
            ],
            [
              103.895391696663,
              1.36071632449802
            ],
            [
              103.89539274418,
              1.36070804411575
            ],
            [
              103.895430634461,
              1.3604085522022
            ],
            [
              103.895443295021,
              1.36029375735661
            ],
            [
              103.895453464748,
              1.36017871477973
            ],
            [
              103.895460557114,
              1.36007262638868
            ],
            [
              103.895460816697,
              1.3600686101022
            ],
            [
              103.895461149035,
              1.36006346878525
            ],
            [
              103.895441930071,
              1.36004665715946
            ],
            [
              103.89543692495,
              1.36004247008454
            ],
            [
              103.895405726213,
              1.3600221588806
            ],
            [
              103.895362954229,
              1.36001302591246
            ],
            [
              103.89528552299,
              1.36001329289227
            ],
            [
              103.895276633475,
              1.36001332387025
            ],
            [
              103.895273086835,
              1.36001333662292
            ],
            [
              103.895271950149,
              1.36001334026973
            ],
            [
              103.894949875299,
              1.36001445188902
            ],
            [
              103.894584670172,
              1.36001571107382
            ],
            [
              103.894550220808,
              1.3600104521732
            ],
            [
              103.894549590009,
              1.36001023785506
            ],
            [
              103.894549517228,
              1.36001032558021
            ],
            [
              103.894474581771,
              1.36010049437545
            ],
            [
              103.893709498218,
              1.36030839535484
            ],
            [
              103.893737350496,
              1.36042952695666
            ],
            [
              103.89376537003,
              1.36051931149389
            ],
            [
              103.893802357134,
              1.36060407658508
            ],
            [
              103.89384748512,
              1.36068352381063
            ],
            [
              103.893902183623,
              1.3607582762406
            ],
            [
              103.893962584249,
              1.36082563444612
            ],
            [
              103.893985493721,
              1.36084640529539
            ],
            [
              103.894012165544,
              1.36086929949548
            ],
            [
              103.894027069485,
              1.36088193127232
            ],
            [
              103.894039620919,
              1.36089219367539
            ],
            [
              103.894060800527,
              1.36090798333163
            ],
            [
              103.894092962593,
              1.36093087739164
            ],
            [
              103.894106298457,
              1.36094035116917
            ],
            [
              103.894132184718,
              1.36095456168611
            ],
            [
              103.894143951644,
              1.36096245557958
            ],
            [
              103.894144434145,
              1.36096125366779
            ],
            [
              103.894184616805,
              1.36098363746178
            ],
            [
              103.894268373104,
              1.36101986414933
            ],
            [
              103.894549631397,
              1.36111748848429
            ],
            [
              103.894846857382,
              1.36122065431687
            ],
            [
              103.89492175369,
              1.36125135554512
            ],
            [
              103.895003110917,
              1.36129076562831
            ],
            [
              103.895077854764,
              1.36133289801412
            ],
            [
              103.895154800308,
              1.36138311535322
            ],
            [
              103.895211228701,
              1.36142628641675
            ],
            [
              103.895211467715,
              1.3614260983029
            ],
            [
              103.895213655679,
              1.36142430398857
            ],
            [
              103.895215813091,
              1.36142247169175
            ],
            [
              103.895217938154,
              1.36142060141248
            ],
            [
              103.895220030867,
              1.36141869405514
            ],
            [
              103.895222090333,
              1.3614167505241
            ],
            [
              103.895224114753,
              1.36141477172378
            ],
            [
              103.895226105027,
              1.36141275674976
            ],
            [
              103.895228060256,
              1.36141070741085
            ],
            [
              103.895229979541,
              1.36140862370703
            ],
            [
              103.895231862883,
              1.36140650744703
            ],
            [
              103.895233708484,
              1.36140435772655
            ],
            [
              103.895235517243,
              1.36140217635429
            ],
            [
              103.895237287363,
              1.36139996333029
            ],
            [
              103.895239018844,
              1.36139771955893
            ],
            [
              103.895240711686,
              1.36139544504019
            ],
            [
              103.895242364091,
              1.3613931424872
            ],
            [
              103.895243976959,
              1.36139081009124
            ],
            [
              103.895245548492,
              1.36138845056542
            ],
            [
              103.895247079589,
              1.36138606300537
            ],
            [
              103.895248568452,
              1.36138364921987
            ],
            [
              103.895250015082,
              1.36138121011327
            ],
            [
              103.895251419479,
              1.36137874568558
            ],
            [
              103.895252781643,
              1.36137625684115
            ],
            [
              103.895254099776,
              1.36137374448438
            ],
            [
              103.895255373879,
              1.36137120951968
            ],
            [
              103.895256603951,
              1.36136865194701
            ],
            [
              103.895257789994,
              1.3613660735751
            ],
            [
              103.895258931107,
              1.36136347530836
            ],
            [
              103.895260026393,
              1.36136085714679
            ],
            [
              103.89526107675,
              1.36135821909039
            ],
            [
              103.895262080381,
              1.36135556385227
            ],
            [
              103.895263038185,
              1.36135289143242
            ],
            [
              103.895263950162,
              1.36135020273521
            ],
            [
              103.895264814514,
              1.36134749776068
            ],
            [
              103.89526563214,
              1.36134477922191
            ],
            [
              103.895266403041,
              1.36134204531017
            ],
            [
              103.895267125418,
              1.36133929964294
            ],
            [
              103.895267800172,
              1.36133654041147
            ],
            [
              103.8952684273,
              1.36133377032889
            ],
            [
              103.895269006805,
              1.36133098939517
            ],
            [
              103.895269537787,
              1.36132819941905
            ],
            [
              103.895270020246,
              1.36132540040056
            ],
            [
              103.895270454182,
              1.36132259233969
            ]
          ]
        ]
      },
      "properties": {
        "Filter stage": "Filter 1+2",
        "Role": "Candidate",
        "UUID": "UUID_144994f3-d081-40a9-9eee-4d477d694125",
        "Zone": "Business1",
        "Width m": 157.15240574228665,
        "Width diff": 0.6731897762018942,
        "Aspect ratio": 1.2179719662530268,
        "Aspect diff": -0.4701104483104236,
        "Final allowable GFA m²": 50708.085133221204,
        "GFA diff": 0.03071414162893595,
        "KG site area m²": 20283.23405328848,
        "Master Plan GPR": 2.5,
        "Master Plan GPR cap m²": 50708.085133221204,
        "Final GFA basis": "Master Plan GPR cap",
        "Width and aspect match": false,
        "GFA match": true,
        "Non-road context plots": 30,
        "Educational plots": 0,
        "B1-family plots": 21,
        "Business2 plots": 6,
        "Residential plots": 0,
        "Residential share": 0,
        "Non-residential plots": 30,
        "Non-residential share": 1,
        "Bordering road plots": 2,
        "Road type counts": "{\"Local Access\":1,\"Local Collector/Primary Access\":1}",
        "Context zone counts": "{\"Business1\":21,\"Business2\":6,\"CivicAndCommunityInstitutionZone\":1,\"Waterbody\":2}",
        "Short address": "3 Defu Lane 10",
        "Full address": "3 Defu Lane 10, Hougang, Singapore 539184",
        "Address feature type": "address",
        "Address source": "Mapbox Geocoding v6"
      }
    },
    {
      "type": "Feature",
      "id": "UUID_2225eec2-632a-4a08-8e50-942fb6369610:Filter 1+2",
      "geometry": {
        "type": "Polygon",
        "coordinates": [
          [
            [
              103.937965239132,
              1.37239037065406
            ],
            [
              103.937974448302,
              1.37238411205842
            ],
            [
              103.937982434354,
              1.37237892695092
            ],
            [
              103.937990349221,
              1.37237363243508
            ],
            [
              103.93799819142,
              1.37236822949878
            ],
            [
              103.937805188468,
              1.37224298917379
            ],
            [
              103.937567120065,
              1.37208770516353
            ],
            [
              103.93732464241,
              1.371932419511
            ],
            [
              103.937099801833,
              1.37181706972201
            ],
            [
              103.936835283329,
              1.37170615844104
            ],
            [
              103.936561949605,
              1.37163073832495
            ],
            [
              103.936434099988,
              1.37160412395181
            ],
            [
              103.936243601239,
              1.37157832259226
            ],
            [
              103.936225249555,
              1.37159471948396
            ],
            [
              103.936148879446,
              1.37166295063013
            ],
            [
              103.936120771489,
              1.37168866287982
            ],
            [
              103.936093269195,
              1.37171502986173
            ],
            [
              103.93604488409,
              1.37176122499569
            ],
            [
              103.936043733067,
              1.37176226506262
            ],
            [
              103.936047876732,
              1.37177073514575
            ],
            [
              103.93637239479,
              1.37243425299683
            ],
            [
              103.936596029785,
              1.37232541046455
            ],
            [
              103.936677007146,
              1.37249394218591
            ],
            [
              103.93675798362,
              1.37266247390345
            ],
            [
              103.936844105778,
              1.37284171395264
            ],
            [
              103.936908147208,
              1.37297499976566
            ],
            [
              103.936909037668,
              1.37297447610079
            ],
            [
              103.937291419841,
              1.37274979308007
            ],
            [
              103.937965239132,
              1.37239037065406
            ]
          ]
        ]
      },
      "properties": {
        "Filter stage": "Filter 1+2",
        "Role": "Candidate",
        "UUID": "UUID_2225eec2-632a-4a08-8e50-942fb6369610",
        "Zone": "Business1",
        "Width m": 122.20949108785135,
        "Width diff": 0.30115520712011534,
        "Aspect ratio": 1.7922800212587346,
        "Aspect diff": -0.22025261395082193,
        "Final allowable GFA m²": 40949.63586013885,
        "GFA diff": -0.16764025569664995,
        "KG site area m²": 16379.854344055539,
        "Master Plan GPR": 2.5,
        "Master Plan GPR cap m²": 40949.63586013885,
        "Final GFA basis": "Master Plan GPR cap",
        "Width and aspect match": false,
        "GFA match": true,
        "Non-road context plots": 25,
        "Educational plots": 0,
        "B1-family plots": 5,
        "Business2 plots": 5,
        "Residential plots": 4,
        "Residential share": 0.16,
        "Non-residential plots": 21,
        "Non-residential share": 0.84,
        "Bordering road plots": 4,
        "Road type counts": "{\"Local Access\":1,\"Local Collector/Primary Access\":1,\"no category\":1,\"Expressway\":1}",
        "Context zone counts": "{\"Business1\":2,\"Business1White\":3,\"Business2\":5,\"CivicAndCommunityInstitutionZone\":1,\"OpenSpace\":1,\"Park\":2,\"PlaceOfWorship\":1,\"ReserveSite\":1,\"Residential\":4,\"Utility\":1,\"Waterbody\":4}",
        "Short address": "780 Pasir Ris Street 71",
        "Full address": "780 Pasir Ris Street 71, Tampines, Singapore 520665",
        "Address feature type": "address",
        "Address source": "Mapbox Geocoding v6"
      }
    },
    {
      "type": "Feature",
      "id": "UUID_7e586ca8-8334-4a52-9a43-8d430b030575:Filter 1+2",
      "geometry": {
        "type": "Polygon",
        "coordinates": [
          [
            [
              103.827032634156,
              1.38529492469118
            ],
            [
              103.826363538327,
              1.38462948260943
            ],
            [
              103.826275864534,
              1.38454226546806
            ],
            [
              103.825127063451,
              1.38419275212717
            ],
            [
              103.824949010138,
              1.38434408780024
            ],
            [
              103.824911755973,
              1.38437575488305
            ],
            [
              103.824911419898,
              1.38437786295473
            ],
            [
              103.824897588712,
              1.38446484193767
            ],
            [
              103.824947650796,
              1.38454213812161
            ],
            [
              103.824947967091,
              1.38454303886945
            ],
            [
              103.825860322699,
              1.38595067571446
            ],
            [
              103.825874529137,
              1.38596820233687
            ],
            [
              103.82588970604,
              1.38598483364176
            ],
            [
              103.82589047522,
              1.38598535365359
            ],
            [
              103.825909555552,
              1.3859982454249
            ],
            [
              103.825930240753,
              1.38600718060792
            ],
            [
              103.825952076144,
              1.38601214563572
            ],
            [
              103.825974396774,
              1.386014885929
            ],
            [
              103.825996340014,
              1.38601366420154
            ],
            [
              103.826017160046,
              1.38600844698953
            ],
            [
              103.826038438363,
              1.38599949385043
            ],
            [
              103.826059150587,
              1.38598701368916
            ],
            [
              103.826828530156,
              1.38548338458411
            ],
            [
              103.826906033411,
              1.38542513470125
            ],
            [
              103.826957566877,
              1.38537991663321
            ],
            [
              103.827032634156,
              1.38529492469118
            ]
          ]
        ]
      },
      "properties": {
        "Filter stage": "Filter 1+2",
        "Role": "Candidate",
        "UUID": "UUID_7e586ca8-8334-4a52-9a43-8d430b030575",
        "Zone": "Business1",
        "Width m": 148.8859382101873,
        "Width diff": 0.5851773217015444,
        "Aspect ratio": 1.497668174528664,
        "Aspect diff": -0.3484261218079018,
        "Final allowable GFA m²": 49489.44434315027,
        "GFA diff": 0.005943529751323193,
        "KG site area m²": 24744.722171575137,
        "Master Plan GPR": 2,
        "Master Plan GPR cap m²": 49489.44434315027,
        "Final GFA basis": "Master Plan GPR cap",
        "Width and aspect match": false,
        "GFA match": true,
        "Non-road context plots": 24,
        "Educational plots": 0,
        "B1-family plots": 20,
        "Business2 plots": 0,
        "Residential plots": 1,
        "Residential share": 0.041666666666666664,
        "Non-residential plots": 23,
        "Non-residential share": 0.9583333333333334,
        "Bordering road plots": 3,
        "Road type counts": "{\"Major Arterials/Minor Arterials\":2,\"Local Collector/Primary Access\":1}",
        "Context zone counts": "{\"Business1\":20,\"Park\":1,\"ReserveSite\":1,\"Residential\":1,\"Utility\":1}",
        "Short address": "680 Upper Thomson Road",
        "Full address": "680 Upper Thomson Road, Ang Mo Kio, Singapore 787103",
        "Address feature type": "address",
        "Address source": "Mapbox Geocoding v6"
      }
    },
    {
      "type": "Feature",
      "id": "UUID_638d24ce-ff49-454a-8e33-fc25fd76d2ae:Filter 1+2",
      "geometry": {
        "type": "Polygon",
        "coordinates": [
          [
            [
              103.834552504278,
              1.28852375522057
            ],
            [
              103.834599889694,
              1.28844135489517
            ],
            [
              103.834717914869,
              1.28848730109137
            ],
            [
              103.83484074273,
              1.28849873128898
            ],
            [
              103.834907740643,
              1.28850496593972
            ],
            [
              103.834906453909,
              1.28846647526665
            ],
            [
              103.834867724986,
              1.28844842597605
            ],
            [
              103.834836484501,
              1.28842517929542
            ],
            [
              103.8348127028,
              1.28839398505143
            ],
            [
              103.834797433873,
              1.28835780956051
            ],
            [
              103.834795973742,
              1.2883543494613
            ],
            [
              103.834793590755,
              1.28825497784898
            ],
            [
              103.834793571885,
              1.28825418019917
            ],
            [
              103.83479260683,
              1.28821394138846
            ],
            [
              103.834792219549,
              1.28819780299726
            ],
            [
              103.834792141374,
              1.28819453824007
            ],
            [
              103.834790210364,
              1.28811403167893
            ],
            [
              103.834787670129,
              1.28800812512581
            ],
            [
              103.834784721883,
              1.28777204971685
            ],
            [
              103.834784719188,
              1.28777183899982
            ],
            [
              103.834782818688,
              1.2876196687557
            ],
            [
              103.834776168505,
              1.28747117113994
            ],
            [
              103.834772915747,
              1.28739831007986
            ],
            [
              103.834749587725,
              1.2871963093417
            ],
            [
              103.834730650045,
              1.28712242274033
            ],
            [
              103.834704692092,
              1.28708988641869
            ],
            [
              103.834671012985,
              1.28706547491509
            ],
            [
              103.834631138449,
              1.28705385113381
            ],
            [
              103.834587104572,
              1.28704588370126
            ],
            [
              103.834472536173,
              1.28705056384368
            ],
            [
              103.834409249261,
              1.28702201759341
            ],
            [
              103.834380781697,
              1.28700917743255
            ],
            [
              103.834358431396,
              1.2869938204214
            ],
            [
              103.834357883286,
              1.28699344420583
            ],
            [
              103.834254786528,
              1.2869226053431
            ],
            [
              103.834169089107,
              1.28683944449875
            ],
            [
              103.834141391591,
              1.2868123578747
            ],
            [
              103.834133108843,
              1.28680261967611
            ],
            [
              103.834120025192,
              1.28678723824204
            ],
            [
              103.834119947918,
              1.28678714780557
            ],
            [
              103.834117194789,
              1.28678391108445
            ],
            [
              103.834102432663,
              1.28676466349086
            ],
            [
              103.834100571786,
              1.28676206525108
            ],
            [
              103.834100437903,
              1.28676187895196
            ],
            [
              103.834089331041,
              1.28674637271476
            ],
            [
              103.834085362186,
              1.28673953843041
            ],
            [
              103.834085213029,
              1.28673928068646
            ],
            [
              103.834081567649,
              1.28673300349079
            ],
            [
              103.834081483186,
              1.28673285788806
            ],
            [
              103.834080457951,
              1.28673109256808
            ],
            [
              103.834080377082,
              1.28673095329591
            ],
            [
              103.834079763379,
              1.28672989699788
            ],
            [
              103.834079580076,
              1.2867295813746
            ],
            [
              103.834079530657,
              1.28672950179051
            ],
            [
              103.834073888723,
              1.28673506906246
            ],
            [
              103.834068150646,
              1.28674073129276
            ],
            [
              103.834062415265,
              1.2867477781057
            ],
            [
              103.834062380222,
              1.28674782151522
            ],
            [
              103.834021537084,
              1.28679800202169
            ],
            [
              103.83402141668,
              1.28679815033756
            ],
            [
              103.833893312712,
              1.28695554422699
            ],
            [
              103.833847571624,
              1.28701174328003
            ],
            [
              103.833847501538,
              1.28701182919472
            ],
            [
              103.833838098315,
              1.28702338336251
            ],
            [
              103.833834715311,
              1.28702753982424
            ],
            [
              103.833829357315,
              1.28703412269737
            ],
            [
              103.833823540166,
              1.28704127079864
            ],
            [
              103.83381897648,
              1.2870468769575
            ],
            [
              103.833818746453,
              1.2870471591194
            ],
            [
              103.83381875454,
              1.28704727849557
            ],
            [
              103.833821611008,
              1.28708821185889
            ],
            [
              103.833823648905,
              1.28712680653477
            ],
            [
              103.833825264489,
              1.28716541929799
            ],
            [
              103.833826528742,
              1.28720411978467
            ],
            [
              103.833827371581,
              1.28724275063533
            ],
            [
              103.833827881063,
              1.28729139461414
            ],
            [
              103.833827602525,
              1.28734005848912
            ],
            [
              103.833826794746,
              1.28738870246814
            ],
            [
              103.833825269932,
              1.28743727861993
            ],
            [
              103.833823110748,
              1.28748583668453
            ],
            [
              103.83382033876,
              1.28753441012341
            ],
            [
              103.833816900054,
              1.2875829681882
            ],
            [
              103.833813513462,
              1.2876240164069
            ],
            [
              103.833809635368,
              1.28766499589395
            ],
            [
              103.8338052487,
              1.2877059229279
            ],
            [
              103.833763801776,
              1.28807621966107
            ],
            [
              103.833792865983,
              1.28810926876644
            ],
            [
              103.833938481729,
              1.28817914810633
            ],
            [
              103.834050559444,
              1.28824499940632
            ],
            [
              103.834159671991,
              1.2883481023963
            ],
            [
              103.834165814419,
              1.28835389666012
            ],
            [
              103.834221923827,
              1.28841335320609
            ],
            [
              103.834223924878,
              1.28841450084443
            ],
            [
              103.834304114283,
              1.28846052665708
            ],
            [
              103.834306603242,
              1.28846195464828
            ],
            [
              103.834359151726,
              1.2884921161008
            ],
            [
              103.834396288424,
              1.2884927003052
            ],
            [
              103.834552504278,
              1.28852375522057
            ]
          ]
        ]
      },
      "properties": {
        "Filter stage": "Filter 1+2",
        "Role": "Candidate",
        "UUID": "UUID_638d24ce-ff49-454a-8e33-fc25fd76d2ae",
        "Zone": "Business1",
        "Width m": 120.87342020902724,
        "Width diff": 0.2869301615398679,
        "Aspect ratio": 1.705850784814323,
        "Aspect diff": -0.25785442304113676,
        "Final allowable GFA m²": 53285.168286770226,
        "GFA diff": 0.08309703172502535,
        "KG site area m²": 17188.763963474266,
        "Master Plan GPR": 3.1,
        "Master Plan GPR cap m²": 53285.168286770226,
        "Final GFA basis": "Master Plan GPR cap",
        "Width and aspect match": false,
        "GFA match": true,
        "Non-road context plots": 16,
        "Educational plots": 1,
        "B1-family plots": 0,
        "Business2 plots": 0,
        "Residential plots": 4,
        "Residential share": 0.25,
        "Non-residential plots": 12,
        "Non-residential share": 0.75,
        "Bordering road plots": 2,
        "Road type counts": "{\"Local Collector/Primary Access\":1,\"Major Arterials/Minor Arterials\":1}",
        "Context zone counts": "{\"EducationalInstitution\":1,\"HotelZone\":2,\"OpenSpace\":1,\"PlaceOfWorship\":1,\"Residential\":4,\"TransportFacilities\":1,\"Utility\":1,\"Waterbody\":5}",
        "Short address": "315 Outram Road",
        "Full address": "315 Outram Road, Bukit Merah, Singapore 169074",
        "Address feature type": "address",
        "Address source": "Mapbox Geocoding v6"
      }
    },
    {
      "type": "Feature",
      "id": "UUID_8e855411-a95b-44b8-8777-065cedee3c26:Filter 1+2",
      "geometry": {
        "type": "Polygon",
        "coordinates": [
          [
            [
              103.886126520861,
              1.33515074586219
            ],
            [
              103.886099879853,
              1.3351233677171
            ],
            [
              103.885458329449,
              1.33540687975953
            ],
            [
              103.885004281851,
              1.33560818187976
            ],
            [
              103.884980449969,
              1.33567784555612
            ],
            [
              103.885376533503,
              1.33641888761426
            ],
            [
              103.885439435016,
              1.33653627545344
            ],
            [
              103.885487696521,
              1.33653482563124
            ],
            [
              103.885541537452,
              1.33641898899678
            ],
            [
              103.885825096608,
              1.33580313172409
            ],
            [
              103.886039828464,
              1.33533847474213
            ],
            [
              103.886126520861,
              1.33515074586219
            ]
          ]
        ]
      },
      "properties": {
        "Filter stage": "Filter 1+2",
        "Role": "Candidate",
        "UUID": "UUID_8e855411-a95b-44b8-8777-065cedee3c26",
        "Zone": "Business1",
        "Width m": 91.98328712945658,
        "Width diff": -0.020660899974774764,
        "Aspect ratio": 1.8770351282455766,
        "Aspect diff": -0.1833791497915247,
        "Final allowable GFA m²": 21720.039579228833,
        "GFA diff": -0.5585092221046125,
        "KG site area m²": 8688.015831691533,
        "Master Plan GPR": 2.5,
        "Master Plan GPR cap m²": 21720.039579228833,
        "Final GFA basis": "Master Plan GPR cap",
        "Width and aspect match": true,
        "GFA match": false,
        "Non-road context plots": 34,
        "Educational plots": 0,
        "B1-family plots": 30,
        "Business2 plots": 0,
        "Residential plots": 0,
        "Residential share": 0,
        "Non-residential plots": 34,
        "Non-residential share": 1,
        "Bordering road plots": 3,
        "Road type counts": "{\"Local Access\":3}",
        "Context zone counts": "{\"Business1\":29,\"Business1White\":1,\"Waterbody\":4}",
        "Short address": "8 Burn Road",
        "Full address": "8 Burn Road, Toa Payoh, Singapore 369977",
        "Address feature type": "address",
        "Address source": "Mapbox Geocoding v6"
      }
    },
    {
      "type": "Feature",
      "id": "UUID_a0351475-b07f-43fb-9fcd-72e278d01561:Filter 1+2",
      "geometry": {
        "type": "Polygon",
        "coordinates": [
          [
            [
              103.898297820594,
              1.328740724864
            ],
            [
              103.898321202074,
              1.32864475132778
            ],
            [
              103.898320898359,
              1.32864463376849
            ],
            [
              103.898320438343,
              1.32864631589773
            ],
            [
              103.897609719408,
              1.32837104619879
            ],
            [
              103.89743783318,
              1.32830428149573
            ],
            [
              103.897316131741,
              1.32825724869637
            ],
            [
              103.897194726826,
              1.32821013449024
            ],
            [
              103.897073196118,
              1.32816299315022
            ],
            [
              103.896951719328,
              1.32811590606439
            ],
            [
              103.896723708869,
              1.32802746515642
            ],
            [
              103.896532602421,
              1.3279533845783
            ],
            [
              103.896410766226,
              1.32790615277564
            ],
            [
              103.896289424244,
              1.32785908373958
            ],
            [
              103.896167893568,
              1.32781195139661
            ],
            [
              103.89604619217,
              1.3277647647899
            ],
            [
              103.895981217066,
              1.32773951660316
            ],
            [
              103.895924634546,
              1.32771765052241
            ],
            [
              103.895802978086,
              1.32767050912025
            ],
            [
              103.895755929321,
              1.32765225120562
            ],
            [
              103.89563078644,
              1.32760365385703
            ],
            [
              103.89545893626,
              1.32753708796916
            ],
            [
              103.895337540403,
              1.3274901816711
            ],
            [
              103.895215857004,
              1.32744294075936
            ],
            [
              103.895094245497,
              1.32739581740688
            ],
            [
              103.894972553126,
              1.32734873022473
            ],
            [
              103.894850932642,
              1.32730159781633
            ],
            [
              103.89472927622,
              1.32725445635891
            ],
            [
              103.89460762879,
              1.32720740533144
            ],
            [
              103.89448617006,
              1.32716032716208
            ],
            [
              103.89436462148,
              1.32711329420694
            ],
            [
              103.894243072903,
              1.32706617985278
            ],
            [
              103.89412144346,
              1.32701903836346
            ],
            [
              103.893999966776,
              1.32697195112596
            ],
            [
              103.893827972906,
              1.32690521329399
            ],
            [
              103.89324047477,
              1.32667744549214
            ],
            [
              103.893215389118,
              1.32675967088828
            ],
            [
              103.893185232412,
              1.32689541577139
            ],
            [
              103.893172568662,
              1.32695241905397
            ],
            [
              103.893161077004,
              1.32698779805768
            ],
            [
              103.893161215383,
              1.32698787492527
            ],
            [
              103.893179669238,
              1.3269981851313
            ],
            [
              103.893188042977,
              1.32700286410733
            ],
            [
              103.893439611507,
              1.32709060570505
            ],
            [
              103.894311236281,
              1.32739460702566
            ],
            [
              103.894368052359,
              1.3274146282361
            ],
            [
              103.89520385393,
              1.32772463057405
            ],
            [
              103.895454666145,
              1.32781765798529
            ],
            [
              103.895513090729,
              1.32784069065996
            ],
            [
              103.895742703305,
              1.32793111039119
            ],
            [
              103.896245808054,
              1.32812922834701
            ],
            [
              103.896398145116,
              1.32818921633363
            ],
            [
              103.896511161944,
              1.32823372080108
            ],
            [
              103.896589120419,
              1.32826442104927
            ],
            [
              103.896590452089,
              1.32826489490173
            ],
            [
              103.89659047635,
              1.32826492384075
            ],
            [
              103.896620956507,
              1.32827621313618
            ],
            [
              103.896621230568,
              1.32827631080042
            ],
            [
              103.89664328579,
              1.32828414383327
            ],
            [
              103.896695941649,
              1.32830619087059
            ],
            [
              103.896705583247,
              1.32831039591459
            ],
            [
              103.896705840236,
              1.32831050443164
            ],
            [
              103.896743152218,
              1.32832627557734
            ],
            [
              103.896759885277,
              1.32833315464247
            ],
            [
              103.896955671597,
              1.32841364702071
            ],
            [
              103.897602668337,
              1.32867964161465
            ],
            [
              103.897610268393,
              1.32868276508901
            ],
            [
              103.898058545952,
              1.32886706088877
            ],
            [
              103.898104266705,
              1.32888585688879
            ],
            [
              103.898248062169,
              1.32894497407866
            ],
            [
              103.89825792365,
              1.32890449538918
            ],
            [
              103.898295298621,
              1.32875108261174
            ],
            [
              103.898297820594,
              1.328740724864
            ]
          ]
        ]
      },
      "properties": {
        "Filter stage": "Filter 1+2",
        "Role": "Candidate",
        "UUID": "UUID_a0351475-b07f-43fb-9fcd-72e278d01561",
        "Zone": "Business1",
        "Width m": 35.67869399853953,
        "Width diff": -0.6201316438993026,
        "Aspect ratio": 17.1014748685283,
        "Aspect diff": 6.440148954489533,
        "Final allowable GFA m²": 47685.28843838732,
        "GFA diff": -0.030728511795050192,
        "KG site area m²": 19074.115375354926,
        "Master Plan GPR": 2.5,
        "Master Plan GPR cap m²": 47685.28843838732,
        "Final GFA basis": "Master Plan GPR cap",
        "Width and aspect match": false,
        "GFA match": true,
        "Non-road context plots": 44,
        "Educational plots": 0,
        "B1-family plots": 41,
        "Business2 plots": 0,
        "Residential plots": 1,
        "Residential share": 0.022727272727272728,
        "Non-residential plots": 43,
        "Non-residential share": 0.9772727272727273,
        "Bordering road plots": 2,
        "Road type counts": "{\"Local Collector/Primary Access\":2}",
        "Context zone counts": "{\"Business1\":41,\"Park\":1,\"PlaceOfWorship\":1,\"Residential\":1}",
        "Short address": "37 Ubi Crescent",
        "Full address": "37 Ubi Crescent, Geylang, Singapore 408586",
        "Address feature type": "address",
        "Address source": "Mapbox Geocoding v6"
      }
    },
    {
      "type": "Feature",
      "id": "UUID_18673aed-cba2-418b-9e65-f1fa6aa9bc8a:Filter 1+2",
      "geometry": {
        "type": "Polygon",
        "coordinates": [
          [
            [
              103.869874199485,
              1.37526690758234
            ],
            [
              103.869874082579,
              1.3752608845195
            ],
            [
              103.869757376109,
              1.37526671041906
            ],
            [
              103.869057559603,
              1.37530159334073
            ],
            [
              103.869057712401,
              1.37530431547428
            ],
            [
              103.869004777535,
              1.37530594412629
            ],
            [
              103.868935299923,
              1.37530547490083
            ],
            [
              103.868871725842,
              1.37529899246821
            ],
            [
              103.868812240161,
              1.37528549934242
            ],
            [
              103.86875540514,
              1.37526327092297
            ],
            [
              103.868702415889,
              1.37523290226376
            ],
            [
              103.868654431576,
              1.37519502911573
            ],
            [
              103.868612467601,
              1.37515051694047
            ],
            [
              103.868577557335,
              1.37510028003504
            ],
            [
              103.868550096167,
              1.37504543980533
            ],
            [
              103.868531207326,
              1.37498710860272
            ],
            [
              103.868518662335,
              1.37492400226352
            ],
            [
              103.868511679412,
              1.37485445676952
            ],
            [
              103.868508344931,
              1.37480123499297
            ],
            [
              103.86845914995,
              1.37369696195845
            ],
            [
              103.868447725369,
              1.37344099995957
            ],
            [
              103.86844401427,
              1.37344115375632
            ],
            [
              103.86849458442,
              1.37457069470587
            ],
            [
              103.868504858478,
              1.37480171435761
            ],
            [
              103.868508183975,
              1.37485503561435
            ],
            [
              103.868515193859,
              1.37492481624263
            ],
            [
              103.868527613055,
              1.37498828432935
            ],
            [
              103.868546834374,
              1.37504709484001
            ],
            [
              103.868574412364,
              1.37510242342462
            ],
            [
              103.86860973598,
              1.37515309441871
            ],
            [
              103.868652068375,
              1.37519800450872
            ],
            [
              103.86870047592,
              1.37523617609064
            ],
            [
              103.868753913562,
              1.37526680700877
            ],
            [
              103.8688112428,
              1.37528921629367
            ],
            [
              103.868871213714,
              1.37530292555521
            ],
            [
              103.868935147224,
              1.37530939079955
            ],
            [
              103.869004822521,
              1.37530984193475
            ],
            [
              103.869057865215,
              1.37530814997562
            ],
            [
              103.869874199485,
              1.37526690758234
            ]
          ]
        ]
      },
      "properties": {
        "Filter stage": "Filter 1+2",
        "Role": "Candidate",
        "UUID": "UUID_18673aed-cba2-418b-9e65-f1fa6aa9bc8a",
        "Zone": "Business1",
        "Width m": 103.09158504414154,
        "Width diff": 0.09760830763974461,
        "Aspect ratio": 2.493686303998166,
        "Aspect diff": 0.0849004363746711,
        "Final allowable GFA m²": 412.68198765379725,
        "GFA diff": -0.9916116501036708,
        "KG site area m²": 165.0727950615189,
        "Master Plan GPR": 2.5,
        "Master Plan GPR cap m²": 412.68198765379725,
        "Final GFA basis": "Master Plan GPR cap",
        "Width and aspect match": true,
        "GFA match": false,
        "Non-road context plots": 29,
        "Educational plots": 0,
        "B1-family plots": 17,
        "Business2 plots": 5,
        "Residential plots": 3,
        "Residential share": 0.10344827586206896,
        "Non-residential plots": 26,
        "Non-residential share": 0.896551724137931,
        "Bordering road plots": 1,
        "Road type counts": "{\"Local Collector/Primary Access\":1}",
        "Context zone counts": "{\"Business1\":17,\"Business2\":5,\"CivicAndCommunityInstitutionZone\":1,\"Commercial\":1,\"Residential\":3,\"TransportFacilities\":1,\"Waterbody\":1}",
        "Short address": "6 Serangoon North Avenue 5",
        "Full address": "6 Serangoon North Avenue 5, Serangoon, Singapore 554910",
        "Address feature type": "address",
        "Address source": "Mapbox Geocoding v6"
      }
    },
    {
      "type": "Feature",
      "id": "UUID_fd1c7fd1-88b2-427e-9aa8-135a4fdc799b:Filter 1+2",
      "geometry": {
        "type": "Polygon",
        "coordinates": [
          [
            [
              103.840439867462,
              1.3612420075588
            ],
            [
              103.840437706395,
              1.36123753005733
            ],
            [
              103.840408092138,
              1.36117617806775
            ],
            [
              103.840351940341,
              1.36105984713392
            ],
            [
              103.840310449657,
              1.36097389013698
            ],
            [
              103.840214196384,
              1.36077447988515
            ],
            [
              103.840157766947,
              1.36065757377136
            ],
            [
              103.840099783884,
              1.36053744902774
            ],
            [
              103.840056718021,
              1.36044822727507
            ],
            [
              103.839948882199,
              1.36022482244893
            ],
            [
              103.839915017723,
              1.36015466376426
            ],
            [
              103.839853418831,
              1.3600270490784
            ],
            [
              103.83979586262,
              1.35990780788948
            ],
            [
              103.839784062578,
              1.35988336114396
            ],
            [
              103.83978253231,
              1.35988019044664
            ],
            [
              103.839781326427,
              1.35987769349989
            ],
            [
              103.83977955714,
              1.35987402721154
            ],
            [
              103.83977929296,
              1.35987348097618
            ],
            [
              103.839778273081,
              1.35987136567069
            ],
            [
              103.839776754495,
              1.35986822119991
            ],
            [
              103.83977557467,
              1.35986577761059
            ],
            [
              103.839773631958,
              1.35986175229005
            ],
            [
              103.839772884347,
              1.35986020221154
            ],
            [
              103.839772095401,
              1.35985856893164
            ],
            [
              103.839771156394,
              1.35985662093333
            ],
            [
              103.839770112254,
              1.35985446040968
            ],
            [
              103.839769691722,
              1.35985358860357
            ],
            [
              103.839768603552,
              1.35985133402615
            ],
            [
              103.839767716662,
              1.35984949726453
            ],
            [
              103.839766169321,
              1.35984629039266
            ],
            [
              103.839765005671,
              1.35984388026477
            ],
            [
              103.839764142144,
              1.35984208962566
            ],
            [
              103.839666059226,
              1.35989012158194
            ],
            [
              103.839549686003,
              1.35994711221503
            ],
            [
              103.839453782099,
              1.35999407791141
            ],
            [
              103.839366355259,
              1.36003689164588
            ],
            [
              103.839258127519,
              1.36008989218876
            ],
            [
              103.839154332399,
              1.36014072224154
            ],
            [
              103.838994985245,
              1.36021875660579
            ],
            [
              103.838898876446,
              1.36026582266491
            ],
            [
              103.839351208305,
              1.36119966820122
            ],
            [
              103.839581161849,
              1.36167499246894
            ],
            [
              103.840022879025,
              1.36147502727624
            ],
            [
              103.840269911766,
              1.36131090253259
            ],
            [
              103.840392980265,
              1.36125486775838
            ],
            [
              103.840439867462,
              1.3612420075588
            ]
          ]
        ]
      },
      "properties": {
        "Filter stage": "Filter 1+2",
        "Role": "Candidate",
        "UUID": "UUID_fd1c7fd1-88b2-427e-9aa8-135a4fdc799b",
        "Zone": "Business1",
        "Width m": 107.08805257644417,
        "Width diff": 0.14015839514484651,
        "Aspect ratio": 1.633799523856848,
        "Aspect diff": -0.28920096583955585,
        "Final allowable GFA m²": 46649.56245640318,
        "GFA diff": -0.05178111935613065,
        "KG site area m²": 18659.824982561273,
        "Master Plan GPR": 2.5,
        "Master Plan GPR cap m²": 46649.56245640318,
        "Final GFA basis": "Master Plan GPR cap",
        "Width and aspect match": false,
        "GFA match": true,
        "Non-road context plots": 30,
        "Educational plots": 3,
        "B1-family plots": 3,
        "Business2 plots": 1,
        "Residential plots": 18,
        "Residential share": 0.6,
        "Non-residential plots": 12,
        "Non-residential share": 0.4,
        "Bordering road plots": 2,
        "Road type counts": "{\"Local Collector/Primary Access\":2}",
        "Context zone counts": "{\"Business1\":3,\"Business2\":1,\"CivicAndCommunityInstitutionZone\":1,\"EducationalInstitution\":3,\"PlaceOfWorship\":3,\"Residential\":18,\"TransportFacilities\":1}",
        "Short address": "176 Sin Ming Drive",
        "Full address": "176 Sin Ming Drive, Bishan, Singapore 575721",
        "Address feature type": "address",
        "Address source": "Mapbox Geocoding v6"
      }
    },
    {
      "type": "Feature",
      "id": "UUID_46c90253-006f-4566-acc8-db945ffbc6f7:Filter 1+2",
      "geometry": {
        "type": "Polygon",
        "coordinates": [
          [
            [
              103.892694090977,
              1.3326948171043
            ],
            [
              103.892972118062,
              1.33214719981171
            ],
            [
              103.892068809007,
              1.33178216603606
            ],
            [
              103.891638207033,
              1.33160785923914
            ],
            [
              103.891610201629,
              1.33167955789154
            ],
            [
              103.891416891018,
              1.33230251651209
            ],
            [
              103.8921008704,
              1.33257938934339
            ],
            [
              103.892651376183,
              1.33280221137397
            ],
            [
              103.892694090977,
              1.3326948171043
            ]
          ]
        ]
      },
      "properties": {
        "Filter stage": "Filter 1+2",
        "Role": "Candidate",
        "UUID": "UUID_46c90253-006f-4566-acc8-db945ffbc6f7",
        "Zone": "Business1",
        "Width m": 80.51369805893773,
        "Width diff": -0.14277674719572034,
        "Aspect ratio": 1.987014205418686,
        "Aspect diff": -0.13553177274739203,
        "Final allowable GFA m²": 31173.911073411906,
        "GFA diff": -0.36634580247247833,
        "KG site area m²": 12469.564429364762,
        "Master Plan GPR": 2.5,
        "Master Plan GPR cap m²": 31173.911073411906,
        "Final GFA basis": "Master Plan GPR cap",
        "Width and aspect match": true,
        "GFA match": false,
        "Non-road context plots": 16,
        "Educational plots": 0,
        "B1-family plots": 14,
        "Business2 plots": 0,
        "Residential plots": 0,
        "Residential share": 0,
        "Non-residential plots": 16,
        "Non-residential share": 1,
        "Bordering road plots": 1,
        "Road type counts": "{\"Local Collector/Primary Access\":1}",
        "Context zone counts": "{\"Business1\":14,\"CivicAndCommunityInstitutionZone\":1,\"Utility\":1}",
        "Short address": "62 Ubi Road 1",
        "Full address": "62 Ubi Road 1, Geylang, Singapore 408734",
        "Address feature type": "address",
        "Address source": "Mapbox Geocoding v6"
      }
    },
    {
      "type": "Feature",
      "id": "UUID_42a34276-777f-4661-9bed-969c13c5f685:Filter 1+2",
      "geometry": {
        "type": "Polygon",
        "coordinates": [
          [
            [
              103.810531390413,
              1.29214286106518
            ],
            [
              103.810530162173,
              1.29213530146884
            ],
            [
              103.810834070285,
              1.29208042372283
            ],
            [
              103.810678640889,
              1.29111914767334
            ],
            [
              103.809872339426,
              1.29125631165276
            ],
            [
              103.809836134423,
              1.2912624772754
            ],
            [
              103.809515781987,
              1.29133754378752
            ],
            [
              103.809287267855,
              1.29139653695491
            ],
            [
              103.809069334862,
              1.2914640447975
            ],
            [
              103.809026058065,
              1.29149788661589
            ],
            [
              103.809000698304,
              1.29152026668696
            ],
            [
              103.808891643801,
              1.29164189546198
            ],
            [
              103.808807228471,
              1.29173625244717
            ],
            [
              103.808804105106,
              1.29173976677836
            ],
            [
              103.808801051826,
              1.29174331638045
            ],
            [
              103.808798067733,
              1.2917469383324
            ],
            [
              103.808795136654,
              1.29175059465072
            ],
            [
              103.808792258588,
              1.29175432151001
            ],
            [
              103.808789468579,
              1.29175808364036
            ],
            [
              103.808786729786,
              1.29176189912874
            ],
            [
              103.808784062876,
              1.29176576707097
            ],
            [
              103.808781448082,
              1.29176967118831
            ],
            [
              103.808778903373,
              1.29177360967217
            ],
            [
              103.80877644672,
              1.2917776196017
            ],
            [
              103.808774042183,
              1.29178164671467
            ],
            [
              103.808771707732,
              1.29178572718585
            ],
            [
              103.808769444265,
              1.29178984202357
            ],
            [
              103.808767267956,
              1.29179401112402
            ],
            [
              103.808765144661,
              1.29179819740792
            ],
            [
              103.808763108524,
              1.29180243614583
            ],
            [
              103.808761125401,
              1.29180669297154
            ],
            [
              103.808759228537,
              1.29181100225125
            ],
            [
              103.808757404455,
              1.29181533052332
            ],
            [
              103.808755649561,
              1.29181969316193
            ],
            [
              103.808753981824,
              1.29182409197598
            ],
            [
              103.808752368001,
              1.29182850706911
            ],
            [
              103.808750841335,
              1.29183295743332
            ],
            [
              103.808749401827,
              1.29183742769441
            ],
            [
              103.808748033305,
              1.29184193141767
            ],
            [
              103.808746734868,
              1.29184645413328
            ],
            [
              103.80874552359,
              1.29185099312831
            ],
            [
              103.808744400368,
              1.29185556739441
            ],
            [
              103.808743329262,
              1.29186014256538
            ],
            [
              103.808742363285,
              1.29186475119888
            ],
            [
              103.808741469191,
              1.29186936254617
            ],
            [
              103.808740644285,
              1.29187399017271
            ],
            [
              103.808739907436,
              1.29187863588738
            ],
            [
              103.808739239774,
              1.29188329788131
            ],
            [
              103.808738661967,
              1.29188797977214
            ],
            [
              103.808738169521,
              1.29189264267213
            ],
            [
              103.808737748059,
              1.29189734084305
            ],
            [
              103.808737414655,
              1.29190202273625
            ],
            [
              103.808737151337,
              1.29190672090869
            ],
            [
              103.808736976076,
              1.2919114371693
            ],
            [
              103.808736887974,
              1.29191613534346
            ],
            [
              103.808736870856,
              1.29192083351831
            ],
            [
              103.808736256208,
              1.29192558504486
            ],
            [
              103.808736450248,
              1.29193028231741
            ],
            [
              103.808736659563,
              1.29193498230317
            ],
            [
              103.808737624552,
              1.29193964612174
            ],
            [
              103.808737992909,
              1.29194434339598
            ],
            [
              103.808738467295,
              1.29194902439269
            ],
            [
              103.808739011766,
              1.29195370539007
            ],
            [
              103.808739643396,
              1.29195836830101
            ],
            [
              103.808740363084,
              1.29196301402987
            ],
            [
              103.808741152858,
              1.29196765975943
            ],
            [
              103.80874201182,
              1.29197226931506
            ],
            [
              103.808742978607,
              1.29197687977611
            ],
            [
              103.808743994814,
              1.29198147124598
            ],
            [
              103.808745100875,
              1.29198604734251
            ],
            [
              103.808746294095,
              1.29199060354389
            ],
            [
              103.808747556503,
              1.29199512628443
            ],
            [
              103.808748890795,
              1.291999630034
            ],
            [
              103.808750313144,
              1.2920041166015
            ],
            [
              103.808751804681,
              1.29200856789945
            ],
            [
              103.808753384276,
              1.29201300111097
            ],
            [
              103.808755033957,
              1.29201741714024
            ],
            [
              103.808756753724,
              1.29202177981266
            ],
            [
              103.808758543578,
              1.29202612530283
            ],
            [
              103.80876042149,
              1.29203043552362
            ],
            [
              103.808762369488,
              1.29203470957052
            ],
            [
              103.808764387573,
              1.29203896643517
            ],
            [
              103.808766474846,
              1.29204317084733
            ],
            [
              103.808768651973,
              1.29204733908576
            ],
            [
              103.808770880318,
              1.29205147205447
            ],
            [
              103.808773179648,
              1.29205556975364
            ],
            [
              103.808775566137,
              1.2920596150005
            ],
            [
              103.808778005641,
              1.29206362497764
            ],
            [
              103.808780515231,
              1.29206759878087
            ],
            [
              103.808783094907,
              1.29207152013164
            ],
            [
              103.808785744671,
              1.29207538902992
            ],
            [
              103.80878846542,
              1.29207922175428
            ],
            [
              103.808791238285,
              1.292083002026
            ],
            [
              103.808794098308,
              1.29208674612398
            ],
            [
              103.808796994274,
              1.29209043776914
            ],
            [
              103.808799977399,
              1.29209407696199
            ],
            [
              103.808802996467,
              1.29209766189331
            ],
            [
              103.808806102693,
              1.29210117718937
            ],
            [
              103.808809243963,
              1.29210465721554
            ],
            [
              103.80881245532,
              1.29210806579758
            ],
            [
              103.808815719691,
              1.2921114391099
            ],
            [
              103.808819053251,
              1.2921147427868
            ],
            [
              103.808822440724,
              1.29211797411504
            ],
            [
              103.808825880313,
              1.29212117288665
            ],
            [
              103.808829372916,
              1.29212429930958
            ],
            [
              103.808832917636,
              1.29212735519256
            ],
            [
              103.80883651537,
              1.29213035771853
            ],
            [
              103.808840166118,
              1.29213328970457
            ],
            [
              103.808843868983,
              1.29213616923793
            ],
            [
              103.808847624862,
              1.29213897732699
            ],
            [
              103.808868069253,
              1.29215351428462
            ],
            [
              103.808888917994,
              1.29216745074778
            ],
            [
              103.808910117172,
              1.29218076953304
            ],
            [
              103.808931686555,
              1.29219350500641
            ],
            [
              103.808953605477,
              1.29220563908039
            ],
            [
              103.808975893707,
              1.29221712111075
            ],
            [
              103.808998445216,
              1.29222796737502
            ],
            [
              103.809021365132,
              1.29223829996345
            ],
            [
              103.809044460271,
              1.29224789278296
            ],
            [
              103.809067888776,
              1.29225677658349
            ],
            [
              103.809131083931,
              1.29227959883535
            ],
            [
              103.809151583205,
              1.29228678782743
            ],
            [
              103.809172326889,
              1.2922933935064
            ],
            [
              103.809193175707,
              1.29229936432214
            ],
            [
              103.809214287805,
              1.29230469846742
            ],
            [
              103.809235505038,
              1.29230939774946
            ],
            [
              103.809256880421,
              1.29231347754294
            ],
            [
              103.809278361838,
              1.29231683384545
            ],
            [
              103.80929993042,
              1.29231955438016
            ],
            [
              103.80932149811,
              1.29232162105893
            ],
            [
              103.809351455492,
              1.292323335115
            ],
            [
              103.809470126909,
              1.292318301641
            ],
            [
              103.809910534572,
              1.29224549807074
            ],
            [
              103.809911763708,
              1.29225307485029
            ],
            [
              103.809968502241,
              1.29224369620894
            ],
            [
              103.809967256033,
              1.29223610134196
            ],
            [
              103.810029100988,
              1.29222589253965
            ],
            [
              103.81042103759,
              1.29216110291249
            ],
            [
              103.810434191368,
              1.2921589289389
            ],
            [
              103.810531390413,
              1.29214286106518
            ]
          ]
        ]
      },
      "properties": {
        "Filter stage": "Filter 1+2",
        "Role": "Candidate",
        "UUID": "UUID_42a34276-777f-4661-9bed-969c13c5f685",
        "Zone": "Business1",
        "Width m": 109.43659825379291,
        "Width diff": 0.1651631833167001,
        "Aspect ratio": 2.085661097210478,
        "Aspect diff": -0.09261456388261623,
        "Final allowable GFA m²": 56138.47251305473,
        "GFA diff": 0.14109450902424803,
        "KG site area m²": 22455.389005221892,
        "Master Plan GPR": 2.5,
        "Master Plan GPR cap m²": 56138.47251305473,
        "Final GFA basis": "Master Plan GPR cap",
        "Width and aspect match": true,
        "GFA match": true,
        "Non-road context plots": 33,
        "Educational plots": 0,
        "B1-family plots": 24,
        "Business2 plots": 0,
        "Residential plots": 2,
        "Residential share": 0.06060606060606061,
        "Non-residential plots": 31,
        "Non-residential share": 0.9393939393939394,
        "Bordering road plots": 2,
        "Road type counts": "{\"Local Collector/Primary Access\":1,\"Major Arterials/Minor Arterials\":1}",
        "Context zone counts": "{\"Business1\":24,\"Commercial\":1,\"CommercialAndResidential\":1,\"HotelZone\":1,\"Park\":2,\"PlaceOfWorship\":2,\"ReserveSite\":1,\"Residential\":1}",
        "Short address": "30 Leng Kee Road",
        "Full address": "30 Leng Kee Road, Bukit Merah, Singapore 159937",
        "Address feature type": "address",
        "Address source": "Mapbox Geocoding v6"
      }
    },
    {
      "type": "Feature",
      "id": "UUID_4c04c57c-339b-44da-aa8a-fb5f7f064600:Filter 1+2",
      "geometry": {
        "type": "Polygon",
        "coordinates": [
          [
            [
              103.866963220656,
              1.31082979471228
            ],
            [
              103.866963067902,
              1.31082971693899
            ],
            [
              103.866901796348,
              1.31079845478749
            ],
            [
              103.866890641159,
              1.3108204400406
            ],
            [
              103.86688947667,
              1.31082273442923
            ],
            [
              103.866888779392,
              1.31082236274478
            ],
            [
              103.866876788174,
              1.3108159699533
            ],
            [
              103.866715626937,
              1.31073012802667
            ],
            [
              103.866709010877,
              1.31072661285031
            ],
            [
              103.866030320697,
              1.31036514100709
            ],
            [
              103.866145637675,
              1.31022343460383
            ],
            [
              103.866145673616,
              1.31022339119385
            ],
            [
              103.866138568761,
              1.3102208988587
            ],
            [
              103.865816636215,
              1.31010522761479
            ],
            [
              103.86567949919,
              1.31006154859067
            ],
            [
              103.865640169885,
              1.31007407455079
            ],
            [
              103.865597790019,
              1.31008750762751
            ],
            [
              103.865531634657,
              1.31010847798553
            ],
            [
              103.86552335906,
              1.31011110708039
            ],
            [
              103.865513241445,
              1.31011432041855
            ],
            [
              103.865278456782,
              1.3104500751255
            ],
            [
              103.865152886884,
              1.31062964827048
            ],
            [
              103.865150992778,
              1.31063235686663
            ],
            [
              103.865139138439,
              1.3106493093323
            ],
            [
              103.86514928222,
              1.31065443875859
            ],
            [
              103.866580132155,
              1.31141638699816
            ],
            [
              103.866650386595,
              1.31145379871589
            ],
            [
              103.866686625903,
              1.31138070567723
            ],
            [
              103.866834462031,
              1.31108588445943
            ],
            [
              103.866963220656,
              1.31082979471228
            ]
          ]
        ]
      },
      "properties": {
        "Filter stage": "Filter 1+2",
        "Role": "Candidate",
        "UUID": "UUID_4c04c57c-339b-44da-aa8a-fb5f7f064600",
        "Zone": "Business1",
        "Width m": 94.00442994417062,
        "Width diff": 0.0008580546848769155,
        "Aspect ratio": 2.0239875918274843,
        "Aspect diff": -0.11944617168969608,
        "Final allowable GFA m²": 36784.84829360513,
        "GFA diff": -0.25229550210220425,
        "KG site area m²": 14713.939317442051,
        "Master Plan GPR": 2.5,
        "Master Plan GPR cap m²": 36784.84829360513,
        "Final GFA basis": "Master Plan GPR cap",
        "Width and aspect match": true,
        "GFA match": false,
        "Non-road context plots": 33,
        "Educational plots": 0,
        "B1-family plots": 33,
        "Business2 plots": 0,
        "Residential plots": 0,
        "Residential share": 0,
        "Non-residential plots": 33,
        "Non-residential share": 1,
        "Bordering road plots": 2,
        "Road type counts": "{\"Local Access\":1,\"Local Collector/Primary Access\":1}",
        "Context zone counts": "{\"Business1\":29,\"Business1White\":4}",
        "Short address": "25 Kallang Avenue",
        "Full address": "25 Kallang Avenue, Kallang, Singapore 339416",
        "Address feature type": "address",
        "Address source": "Mapbox Geocoding v6"
      }
    },
    {
      "type": "Feature",
      "id": "UUID_5996b53b-d901-4338-9ccd-de81d2157125:Filter 1+2",
      "geometry": {
        "type": "Polygon",
        "coordinates": [
          [
            [
              103.840324317797,
              1.44207141556402
            ],
            [
              103.840320652401,
              1.44206656818582
            ],
            [
              103.840310737231,
              1.44205345584685
            ],
            [
              103.840302089089,
              1.44204201928993
            ],
            [
              103.840290939241,
              1.44202727367381
            ],
            [
              103.840280301596,
              1.44201320542448
            ],
            [
              103.840272368741,
              1.44200271482968
            ],
            [
              103.840257939896,
              1.44198363370377
            ],
            [
              103.840253764993,
              1.44197811257604
            ],
            [
              103.840240737069,
              1.44196088358264
            ],
            [
              103.840230418427,
              1.44194723766995
            ],
            [
              103.840216559297,
              1.44192890987701
            ],
            [
              103.840210571915,
              1.44192099128648
            ],
            [
              103.840200192169,
              1.44190726488547
            ],
            [
              103.840190317438,
              1.44189420680766
            ],
            [
              103.84018518822,
              1.44188742228657
            ],
            [
              103.840183603986,
              1.44188532778499
            ],
            [
              103.840172586234,
              1.44187075761441
            ],
            [
              103.840166145957,
              1.44186224033635
            ],
            [
              103.840161587348,
              1.44185500363163
            ],
            [
              103.840154931402,
              1.44184443706599
            ],
            [
              103.840149040167,
              1.44183508596287
            ],
            [
              103.840142368945,
              1.44182449497942
            ],
            [
              103.840141019244,
              1.44182235254582
            ],
            [
              103.840138972229,
              1.44181910226876
            ],
            [
              103.840128908784,
              1.44180312761824
            ],
            [
              103.840119071787,
              1.44178751290374
            ],
            [
              103.840094908377,
              1.44174915348447
            ],
            [
              103.840083505117,
              1.44173105177427
            ],
            [
              103.840071920339,
              1.44171265976378
            ],
            [
              103.84007123201,
              1.44171156729446
            ],
            [
              103.840069719663,
              1.44170916530892
            ],
            [
              103.840067873934,
              1.44170623608031
            ],
            [
              103.840065766713,
              1.44170289084518
            ],
            [
              103.840062996323,
              1.44169849383699
            ],
            [
              103.84006180208,
              1.44169659648546
            ],
            [
              103.840059990499,
              1.44169372151857
            ],
            [
              103.840058132191,
              1.44169114860931
            ],
            [
              103.840055944996,
              1.44168844456828
            ],
            [
              103.840010633936,
              1.44163242931782
            ],
            [
              103.839937603782,
              1.44155900424146
            ],
            [
              103.839860540744,
              1.44149194408618
            ],
            [
              103.839777140821,
              1.44143245799247
            ],
            [
              103.839686203483,
              1.44137947067455
            ],
            [
              103.839598122822,
              1.4413379244505
            ],
            [
              103.839324580396,
              1.44122181393224
            ],
            [
              103.839323538028,
              1.4412238406141
            ],
            [
              103.839300722629,
              1.44122213866183
            ],
            [
              103.839251785065,
              1.44124687404263
            ],
            [
              103.839240741355,
              1.44126843410273
            ],
            [
              103.839210962025,
              1.4413449795261
            ],
            [
              103.839187266205,
              1.44142361401351
            ],
            [
              103.839168484817,
              1.44150365929536
            ],
            [
              103.839089553933,
              1.44191919654132
            ],
            [
              103.838882941948,
              1.44300689338863
            ],
            [
              103.839039365171,
              1.44325352745346
            ],
            [
              103.839171032991,
              1.44316892750947
            ],
            [
              103.839341649595,
              1.44306355060266
            ],
            [
              103.839514099331,
              1.44296128468912
            ],
            [
              103.839688346258,
              1.44286213881214
            ],
            [
              103.839864309501,
              1.44276615818976
            ],
            [
              103.840035195654,
              1.44267166976887
            ],
            [
              103.840162356062,
              1.44259636302189
            ],
            [
              103.840247282479,
              1.44256407697922
            ],
            [
              103.840300263699,
              1.44252181590021
            ],
            [
              103.840343719745,
              1.44246948023771
            ],
            [
              103.840375925319,
              1.44240981926333
            ],
            [
              103.840395083231,
              1.44234502154332
            ],
            [
              103.840400591425,
              1.44227634414547
            ],
            [
              103.840392288174,
              1.4422098553509
            ],
            [
              103.840369418653,
              1.4421444066199
            ],
            [
              103.840324317797,
              1.44207141556402
            ]
          ]
        ]
      },
      "properties": {
        "Filter stage": "Filter 1+2",
        "Role": "Candidate",
        "UUID": "UUID_5996b53b-d901-4338-9ccd-de81d2157125",
        "Zone": "Business1",
        "Width m": 151.54236852916074,
        "Width diff": 0.6134601343629551,
        "Aspect ratio": 1.4954269044877275,
        "Aspect diff": -0.34940120630090593,
        "Final allowable GFA m²": 56371.4018744892,
        "GFA diff": 0.1458291304598703,
        "KG site area m²": 22548.56074979568,
        "Master Plan GPR": 2.5,
        "Master Plan GPR cap m²": 56371.4018744892,
        "Final GFA basis": "Master Plan GPR cap",
        "Width and aspect match": false,
        "GFA match": true,
        "Non-road context plots": 25,
        "Educational plots": 0,
        "B1-family plots": 10,
        "Business2 plots": 9,
        "Residential plots": 2,
        "Residential share": 0.08,
        "Non-residential plots": 23,
        "Non-residential share": 0.92,
        "Bordering road plots": 2,
        "Road type counts": "{\"Local Access\":1,\"Major Arterials/Minor Arterials\":1}",
        "Context zone counts": "{\"Business1\":10,\"Business2\":9,\"ReserveSite\":1,\"Residential\":2,\"TransportFacilities\":2,\"Utility\":1}",
        "Short address": "2 Yishun Avenue 7",
        "Full address": "2 Yishun Avenue 7, Yishun, Singapore 768924",
        "Address feature type": "address",
        "Address source": "Mapbox Geocoding v6"
      }
    },
    {
      "type": "Feature",
      "id": "UUID_5b5ea9ef-c834-4852-8a90-281a96bdb61c:Filter 1+2",
      "geometry": {
        "type": "Polygon",
        "coordinates": [
          [
            [
              103.896621230568,
              1.32827631080042
            ],
            [
              103.896620956507,
              1.32827621313618
            ],
            [
              103.89659047635,
              1.32826492384075
            ],
            [
              103.896590452089,
              1.32826489490173
            ],
            [
              103.896589120419,
              1.32826442104927
            ],
            [
              103.896511161944,
              1.32823372080108
            ],
            [
              103.896398145116,
              1.32818921633363
            ],
            [
              103.896245808054,
              1.32812922834701
            ],
            [
              103.895742703305,
              1.32793111039119
            ],
            [
              103.895513090729,
              1.32784069065996
            ],
            [
              103.895454666145,
              1.32781765798529
            ],
            [
              103.89520385393,
              1.32772463057405
            ],
            [
              103.894368052359,
              1.3274146282361
            ],
            [
              103.894311236281,
              1.32739460702566
            ],
            [
              103.893439611507,
              1.32709060570505
            ],
            [
              103.893188042977,
              1.32700286410733
            ],
            [
              103.893179669238,
              1.3269981851313
            ],
            [
              103.893161215383,
              1.32698787492527
            ],
            [
              103.893161077004,
              1.32698779805768
            ],
            [
              103.893079381113,
              1.32723969891113
            ],
            [
              103.893079370331,
              1.32723973327722
            ],
            [
              103.893079090902,
              1.32724059423864
            ],
            [
              103.89307754101,
              1.32724537474501
            ],
            [
              103.893077187006,
              1.32724646541673
            ],
            [
              103.893075232795,
              1.32725249033794
            ],
            [
              103.89307467124,
              1.32725422311323
            ],
            [
              103.893072907509,
              1.32725965928877
            ],
            [
              103.893072465453,
              1.32726102488933
            ],
            [
              103.893072451077,
              1.32726106920351
            ],
            [
              103.893071611889,
              1.32726365660963
            ],
            [
              103.893071366602,
              1.32726441175962
            ],
            [
              103.893070663086,
              1.32726658044186
            ],
            [
              103.893070350413,
              1.32726754631032
            ],
            [
              103.893069880503,
              1.32726899420869
            ],
            [
              103.893069849961,
              1.32726932791979
            ],
            [
              103.893069845469,
              1.32726935776392
            ],
            [
              103.893068280597,
              1.32728643943126
            ],
            [
              103.893067514331,
              1.32729480300918
            ],
            [
              103.893067395753,
              1.32729609896584
            ],
            [
              103.893066994204,
              1.32730047428916
            ],
            [
              103.893066806455,
              1.32730252358279
            ],
            [
              103.893066521688,
              1.32730563369789
            ],
            [
              103.893066128224,
              1.32730992581952
            ],
            [
              103.893065901848,
              1.32731239564341
            ],
            [
              103.893065694336,
              1.32731465565436
            ],
            [
              103.893065793184,
              1.32731492786555
            ],
            [
              103.89306580846,
              1.3273149676572
            ],
            [
              103.893069870193,
              1.32732612560288
            ],
            [
              103.893076362676,
              1.32734395860093
            ],
            [
              103.893077849881,
              1.32734804538618
            ],
            [
              103.893079991277,
              1.32735392731829
            ],
            [
              103.893081366156,
              1.32735770300503
            ],
            [
              103.893094133818,
              1.32736203640739
            ],
            [
              103.893127206277,
              1.32737326147461
            ],
            [
              103.893130926322,
              1.32737452387638
            ],
            [
              103.89324989768,
              1.32741490264469
            ],
            [
              103.893294760168,
              1.32743012923324
            ],
            [
              103.89335891208,
              1.32745190204161
            ],
            [
              103.893379001224,
              1.32745872045616
            ],
            [
              103.893413231931,
              1.3274703379851
            ],
            [
              103.893458390048,
              1.32748566494777
            ],
            [
              103.893474248763,
              1.32749104733483
            ],
            [
              103.893516117246,
              1.32750525748724
            ],
            [
              103.893525243941,
              1.32750849579154
            ],
            [
              103.894143255204,
              1.32772778886698
            ],
            [
              103.894149527168,
              1.32773001616047
            ],
            [
              103.894376184998,
              1.3278104410636
            ],
            [
              103.894524654502,
              1.32786554841277
            ],
            [
              103.894537188499,
              1.32783145447902
            ],
            [
              103.894613907778,
              1.32785994907863
            ],
            [
              103.894601562478,
              1.32789396251963
            ],
            [
              103.894749813638,
              1.32794886276075
            ],
            [
              103.894749822621,
              1.32794877413284
            ],
            [
              103.894890539339,
              1.32800088459037
            ],
            [
              103.895232089339,
              1.32812736940936
            ],
            [
              103.89557893385,
              1.3282616496631
            ],
            [
              103.895579216898,
              1.32826175908398
            ],
            [
              103.896083286673,
              1.32845678592921
            ],
            [
              103.896475682319,
              1.32861529641712
            ],
            [
              103.896483420752,
              1.32861842170022
            ],
            [
              103.896557464174,
              1.32843458881151
            ],
            [
              103.896598791483,
              1.32833201115997
            ],
            [
              103.896621147907,
              1.32827651518883
            ],
            [
              103.896621230568,
              1.32827631080042
            ]
          ]
        ]
      },
      "properties": {
        "Filter stage": "Filter 1+2",
        "Role": "Candidate",
        "UUID": "UUID_5b5ea9ef-c834-4852-8a90-281a96bdb61c",
        "Zone": "Business1",
        "Width m": 43.56982286191487,
        "Width diff": -0.5361153918125009,
        "Aspect ratio": 9.423775439647075,
        "Aspect diff": 3.099897437130705,
        "Final allowable GFA m²": 41819.43772458691,
        "GFA diff": -0.1499602924374086,
        "KG site area m²": 16727.775089834766,
        "Master Plan GPR": 2.5,
        "Master Plan GPR cap m²": 41819.43772458691,
        "Final GFA basis": "Master Plan GPR cap",
        "Width and aspect match": false,
        "GFA match": true,
        "Non-road context plots": 24,
        "Educational plots": 0,
        "B1-family plots": 15,
        "Business2 plots": 0,
        "Residential plots": 2,
        "Residential share": 0.08333333333333333,
        "Non-residential plots": 22,
        "Non-residential share": 0.9166666666666666,
        "Bordering road plots": 2,
        "Road type counts": "{\"Local Collector/Primary Access\":2}",
        "Context zone counts": "{\"Business1\":15,\"CivicAndCommunityInstitutionZone\":3,\"Park\":1,\"Residential\":2,\"Waterbody\":3}",
        "Short address": "3026 Ubi Road 1",
        "Full address": "3026 Ubi Road 1, Geylang, Singapore 408719",
        "Address feature type": "address",
        "Address source": "Mapbox Geocoding v6"
      }
    },
    {
      "type": "Feature",
      "id": "UUID_e0fdd143-b35d-4b69-bb99-932b77fcb2d6:Filter 1+2",
      "geometry": {
        "type": "Polygon",
        "coordinates": [
          [
            [
              103.861860197796,
              1.3343406004199
            ],
            [
              103.861861811257,
              1.33431037563712
            ],
            [
              103.861861307187,
              1.33431218256315
            ],
            [
              103.86005609166,
              1.334336426364
            ],
            [
              103.860022933273,
              1.33435226214782
            ],
            [
              103.859983704503,
              1.33439331620018
            ],
            [
              103.859939480691,
              1.33443791722368
            ],
            [
              103.859927520548,
              1.33448931057699
            ],
            [
              103.859921990676,
              1.33497729574733
            ],
            [
              103.859926404713,
              1.33500732964268
            ],
            [
              103.85992732041,
              1.33501355889504
            ],
            [
              103.859949447095,
              1.33506996476918
            ],
            [
              103.859972391187,
              1.33510014587389
            ],
            [
              103.860009593684,
              1.33513912448006
            ],
            [
              103.860048911143,
              1.33515551836918
            ],
            [
              103.86007311833,
              1.33515993502031
            ],
            [
              103.86182806224,
              1.33515979218911
            ],
            [
              103.861828061337,
              1.33515943948698
            ],
            [
              103.861828073913,
              1.33515905603631
            ],
            [
              103.861828090979,
              1.335158519748
            ],
            [
              103.861828123316,
              1.33515754303405
            ],
            [
              103.861828252662,
              1.33515355388102
            ],
            [
              103.86182842243,
              1.33514836373155
            ],
            [
              103.861828691004,
              1.33514011863788
            ],
            [
              103.86182968805,
              1.33510949232467
            ],
            [
              103.861830740787,
              1.33507716309259
            ],
            [
              103.86183162735,
              1.33504993899967
            ],
            [
              103.861832846261,
              1.3350125046284
            ],
            [
              103.861834559205,
              1.3349599257645
            ],
            [
              103.861836835344,
              1.3348900328369
            ],
            [
              103.861838787241,
              1.33483197261733
            ],
            [
              103.861840048404,
              1.33479624387683
            ],
            [
              103.861841293413,
              1.33476222167219
            ],
            [
              103.86184330737,
              1.33470942847031
            ],
            [
              103.861845150679,
              1.33466330495814
            ],
            [
              103.861848156429,
              1.33459188726342
            ],
            [
              103.861851253855,
              1.33452244108205
            ],
            [
              103.861851974318,
              1.33450682179542
            ],
            [
              103.861853678465,
              1.33447067975512
            ],
            [
              103.861854680116,
              1.33444987483951
            ],
            [
              103.861855838982,
              1.3344261849995
            ],
            [
              103.861856360923,
              1.33441566994807
            ],
            [
              103.861858290583,
              1.33437742254468
            ],
            [
              103.861860197796,
              1.3343406004199
            ]
          ]
        ]
      },
      "properties": {
        "Filter stage": "Filter 1+2",
        "Role": "Reference",
        "UUID": "UUID_e0fdd143-b35d-4b69-bb99-932b77fcb2d6",
        "Zone": "Business1",
        "Width m": 93.92383815482026,
        "Width diff": 0,
        "Aspect ratio": 2.2985393132766423,
        "Aspect diff": 0,
        "Final allowable GFA m²": 49197.04027062477,
        "GFA diff": 0,
        "KG site area m²": 19678.816108249906,
        "Master Plan GPR": 2.5,
        "Master Plan GPR cap m²": 49197.04027062477,
        "Final GFA basis": "Master Plan GPR cap",
        "Width and aspect match": true,
        "GFA match": true,
        "Non-road context plots": 11,
        "Educational plots": 0,
        "B1-family plots": 4,
        "Business2 plots": 0,
        "Residential plots": 2,
        "Residential share": 0.18181818181818182,
        "Non-residential plots": 9,
        "Non-residential share": 0.8181818181818182,
        "Bordering road plots": 4,
        "Road type counts": "{\"Slip Road\":1,\"Local Collector/Primary Access\":2,\"Local Access\":1}",
        "Context zone counts": "{\"Business1\":4,\"CivicAndCommunityInstitutionZone\":1,\"HealthAndMedicalCare\":1,\"PlaceOfWorship\":2,\"ReserveSite\":1,\"Residential\":2}"
      }
    },
    {
      "type": "Feature",
      "id": "UUID_f4b5ef04-2201-41ba-8d11-bc870af3f0e0:Filter 1+2",
      "geometry": {
        "type": "Polygon",
        "coordinates": [
          [
            [
              103.882045641772,
              1.33722602635268
            ],
            [
              103.882022022309,
              1.33713649748119
            ],
            [
              103.882047214935,
              1.33726082535141
            ],
            [
              103.882051604818,
              1.33728248207329
            ],
            [
              103.882056362672,
              1.33732752202861
            ],
            [
              103.882288622451,
              1.33780559142353
            ],
            [
              103.882481056699,
              1.33820764074074
            ],
            [
              103.882773957803,
              1.33855783176062
            ],
            [
              103.88277452301,
              1.33855850911793
            ],
            [
              103.882775434136,
              1.33855789322744
            ],
            [
              103.882775458397,
              1.33855787604403
            ],
            [
              103.88277548715,
              1.33855785705179
            ],
            [
              103.882776359639,
              1.33855726377119
            ],
            [
              103.883090893935,
              1.33834332821406
            ],
            [
              103.883117561803,
              1.33832111558089
            ],
            [
              103.883139522926,
              1.33829418407132
            ],
            [
              103.883155928186,
              1.33826350589434
            ],
            [
              103.883166198037,
              1.33823022598695
            ],
            [
              103.883207231179,
              1.338031192679
            ],
            [
              103.883165393908,
              1.33796704788748
            ],
            [
              103.883098505846,
              1.33795311300166
            ],
            [
              103.882775679464,
              1.33788585296144
            ],
            [
              103.882665352086,
              1.33785598495138
            ],
            [
              103.882559061687,
              1.33781372525657
            ],
            [
              103.882458359183,
              1.33775935600787
            ],
            [
              103.8824140668,
              1.33772661168107
            ],
            [
              103.88236621967,
              1.33769121492469
            ],
            [
              103.882281924396,
              1.33761402099476
            ],
            [
              103.882206433925,
              1.33752811695366
            ],
            [
              103.882141350398,
              1.3374339730395
            ],
            [
              103.882087542743,
              1.3373328842853
            ],
            [
              103.882079546072,
              1.33731244581418
            ],
            [
              103.882045641772,
              1.33722602635268
            ]
          ]
        ]
      },
      "properties": {
        "Filter stage": "Filter 1+2",
        "Role": "Candidate",
        "UUID": "UUID_f4b5ef04-2201-41ba-8d11-bc870af3f0e0",
        "Zone": "Business1",
        "Width m": 75.39657061117032,
        "Width diff": -0.19725841604886654,
        "Aspect ratio": 2.3705016825282827,
        "Aspect diff": 0.03130786967008877,
        "Final allowable GFA m²": 13713.131071674805,
        "GFA diff": -0.7212610556195832,
        "KG site area m²": 5485.252428669922,
        "Master Plan GPR": 2.5,
        "Master Plan GPR cap m²": 13713.131071674805,
        "Final GFA basis": "Master Plan GPR cap",
        "Width and aspect match": true,
        "GFA match": false,
        "Non-road context plots": 35,
        "Educational plots": 0,
        "B1-family plots": 21,
        "Business2 plots": 0,
        "Residential plots": 9,
        "Residential share": 0.2571428571428571,
        "Non-residential plots": 26,
        "Non-residential share": 0.7428571428571429,
        "Bordering road plots": 2,
        "Road type counts": "{\"Local Access\":2}",
        "Context zone counts": "{\"Business1\":21,\"CivicAndCommunityInstitutionZone\":1,\"Park\":1,\"Residential\":5,\"ResidentialWithCommercialAtFirstStorey\":4,\"Utility\":1,\"Waterbody\":2}",
        "Short address": "135 Joo Seng Road",
        "Full address": "135 Joo Seng Road, Toa Payoh, Singapore 368363",
        "Address feature type": "address",
        "Address source": "Mapbox Geocoding v6"
      }
    },
    {
      "type": "Feature",
      "id": "UUID_f2e684de-e12b-4d22-9d13-816be07b240d:Filter 1+2",
      "geometry": {
        "type": "Polygon",
        "coordinates": [
          [
            [
              103.846619658413,
              1.34314544442064
            ],
            [
              103.846619581137,
              1.34314544442106
            ],
            [
              103.846619581133,
              1.34314469922475
            ],
            [
              103.846621517318,
              1.34310522189661
            ],
            [
              103.846623387914,
              1.34306707669767
            ],
            [
              103.846623280087,
              1.3430670757939
            ],
            [
              103.846635508963,
              1.34280241617952
            ],
            [
              103.846635803656,
              1.34279603407787
            ],
            [
              103.846635825219,
              1.34279557918242
            ],
            [
              103.846635988738,
              1.34279202502919
            ],
            [
              103.845713663606,
              1.3428635054461
            ],
            [
              103.845707525542,
              1.34286398117308
            ],
            [
              103.845486318029,
              1.34288121947662
            ],
            [
              103.845339610172,
              1.34290175832327
            ],
            [
              103.845339631749,
              1.34290409158349
            ],
            [
              103.845339717156,
              1.34291309000954
            ],
            [
              103.84533975941,
              1.34291758650947
            ],
            [
              103.8453430894,
              1.34327022261686
            ],
            [
              103.845348443021,
              1.34326981833946
            ],
            [
              103.845561376631,
              1.3432537629986
            ],
            [
              103.84569564857,
              1.34326133184935
            ],
            [
              103.845699909545,
              1.34326156967551
            ],
            [
              103.845701104631,
              1.3432616365924
            ],
            [
              103.845701139675,
              1.34326163840095
            ],
            [
              103.846105437223,
              1.34328424632421
            ],
            [
              103.846161983653,
              1.34328702242505
            ],
            [
              103.846233049999,
              1.34330430354912
            ],
            [
              103.846302106571,
              1.34337947485979
            ],
            [
              103.846443081018,
              1.34341252862387
            ],
            [
              103.846604462834,
              1.34347429583988
            ],
            [
              103.846619658413,
              1.34314544442064
            ]
          ]
        ]
      },
      "properties": {
        "Filter stage": "Filter 1+2",
        "Role": "Candidate",
        "UUID": "UUID_f2e684de-e12b-4d22-9d13-816be07b240d",
        "Zone": "Business1",
        "Width m": 75.52355159952276,
        "Width diff": -0.1959064590713085,
        "Aspect ratio": 1.9008751170159395,
        "Aspect diff": -0.17300735034799974,
        "Final allowable GFA m²": 18588.284415425973,
        "GFA diff": -0.6221666117885365,
        "KG site area m²": 7435.3137661703895,
        "Master Plan GPR": 2.5,
        "Master Plan GPR cap m²": 18588.284415425973,
        "Final GFA basis": "Master Plan GPR cap",
        "Width and aspect match": true,
        "GFA match": false,
        "Non-road context plots": 5,
        "Educational plots": 0,
        "B1-family plots": 2,
        "Business2 plots": 0,
        "Residential plots": 0,
        "Residential share": 0,
        "Non-residential plots": 5,
        "Non-residential share": 1,
        "Bordering road plots": 1,
        "Road type counts": "{\"no category\":1}",
        "Context zone counts": "{\"Business1\":2,\"Waterbody\":3}",
        "Short address": "1008 Toa Payoh North",
        "Full address": "1008 Toa Payoh North, Toa Payoh, Singapore 318996",
        "Address feature type": "address",
        "Address source": "Mapbox Geocoding v6"
      }
    },
    {
      "type": "Feature",
      "id": "UUID_ef272b8e-e256-4963-9452-52309e4f05e6:Filter 1+2",
      "geometry": {
        "type": "Polygon",
        "coordinates": [
          [
            [
              103.759296938816,
              1.33659728143571
            ],
            [
              103.759310229146,
              1.33639495214832
            ],
            [
              103.759029832934,
              1.33641183262238
            ],
            [
              103.758826227587,
              1.3364234176463
            ],
            [
              103.758758719262,
              1.33644372397743
            ],
            [
              103.757931994634,
              1.33690829013171
            ],
            [
              103.757902884461,
              1.33692485808014
            ],
            [
              103.757901308363,
              1.33692575606462
            ],
            [
              103.758354924962,
              1.33773757307239
            ],
            [
              103.758328249686,
              1.33793781647298
            ],
            [
              103.758440677684,
              1.33795294089098
            ],
            [
              103.758633443199,
              1.33799273880986
            ],
            [
              103.758823244001,
              1.33804503493033
            ],
            [
              103.75900843482,
              1.33811025425402
            ],
            [
              103.759117435802,
              1.33815293902263
            ],
            [
              103.75914555145,
              1.33807088062373
            ],
            [
              103.759227400058,
              1.3376560623061
            ],
            [
              103.759296938816,
              1.33659728143571
            ]
          ]
        ]
      },
      "properties": {
        "Filter stage": "Filter 1+2",
        "Role": "Candidate",
        "UUID": "UUID_ef272b8e-e256-4963-9452-52309e4f05e6",
        "Zone": "Business1",
        "Width m": 152.58517522915645,
        "Width diff": 0.6245628184150781,
        "Aspect ratio": 1.2804733684924752,
        "Aspect diff": -0.44291865660234503,
        "Final allowable GFA m²": 50721.05718531839,
        "GFA diff": 0.03097781708635829,
        "KG site area m²": 20288.422874127355,
        "Master Plan GPR": 2.5,
        "Master Plan GPR cap m²": 50721.05718531839,
        "Final GFA basis": "Master Plan GPR cap",
        "Width and aspect match": false,
        "GFA match": true,
        "Non-road context plots": 29,
        "Educational plots": 0,
        "B1-family plots": 20,
        "Business2 plots": 1,
        "Residential plots": 1,
        "Residential share": 0.034482758620689655,
        "Non-residential plots": 28,
        "Non-residential share": 0.9655172413793104,
        "Bordering road plots": 2,
        "Road type counts": "{\"Slip Road\":1,\"Local Collector/Primary Access\":1}",
        "Context zone counts": "{\"Business1\":20,\"Business2\":1,\"CivicAndCommunityInstitutionZone\":2,\"Park\":2,\"ReserveSite\":1,\"Residential\":1,\"TransportFacilities\":1,\"Waterbody\":1}",
        "Short address": "31 Bukit Batok Crescent",
        "Full address": "31 Bukit Batok Crescent, Bukit Batok, Singapore 658070",
        "Address feature type": "address",
        "Address source": "Mapbox Geocoding v6"
      }
    },
    {
      "type": "Feature",
      "id": "UUID_442fac25-529d-4340-8070-8bdf32e40232:Filter 1+2",
      "geometry": {
        "type": "Polygon",
        "coordinates": [
          [
            [
              103.879387882085,
              1.32442693492353
            ],
            [
              103.879659261045,
              1.32431121641824
            ],
            [
              103.879680540714,
              1.32441482813468
            ],
            [
              103.880225515277,
              1.32451647831695
            ],
            [
              103.880515946762,
              1.32457125916019
            ],
            [
              103.880627871161,
              1.32412769344712
            ],
            [
              103.880914049223,
              1.32420174994755
            ],
            [
              103.880914133687,
              1.32420177255504
            ],
            [
              103.880815705723,
              1.32408463304884
            ],
            [
              103.880815278908,
              1.32408452362897
            ],
            [
              103.880799812934,
              1.32408057908987
            ],
            [
              103.880758241164,
              1.32406997441014
            ],
            [
              103.880643657044,
              1.32403812490195
            ],
            [
              103.880529333407,
              1.32400096676477
            ],
            [
              103.880417858104,
              1.3239593681389
            ],
            [
              103.879495926702,
              1.32359335316385
            ],
            [
              103.879422266779,
              1.32378090161861
            ],
            [
              103.879417271058,
              1.32379361797899
            ],
            [
              103.879400556947,
              1.32378696126562
            ],
            [
              103.879239643759,
              1.32372294431712
            ],
            [
              103.879222324957,
              1.3237670378274
            ],
            [
              103.879157996048,
              1.32393081398011
            ],
            [
              103.87913030393,
              1.32400132959117
            ],
            [
              103.878956639636,
              1.3244435461744
            ],
            [
              103.87889350841,
              1.32460435688767
            ],
            [
              103.878892917189,
              1.3246058635696
            ],
            [
              103.87902585772,
              1.32458072882168
            ],
            [
              103.879032767549,
              1.32457811508053
            ],
            [
              103.879387882085,
              1.32442693492353
            ]
          ]
        ]
      },
      "properties": {
        "Filter stage": "Filter 1+2",
        "Role": "Candidate",
        "UUID": "UUID_442fac25-529d-4340-8070-8bdf32e40232",
        "Zone": "Business1",
        "Width m": 110.51183480669715,
        "Width diff": 0.17661114555959595,
        "Aspect ratio": 2.043555261738094,
        "Aspect diff": -0.1109330826171776,
        "Final allowable GFA m²": 32812.42004677792,
        "GFA diff": -0.33304077102439017,
        "KG site area m²": 13124.96801871117,
        "Master Plan GPR": 2.5,
        "Master Plan GPR cap m²": 32812.42004677792,
        "Final GFA basis": "Master Plan GPR cap",
        "Width and aspect match": true,
        "GFA match": false,
        "Non-road context plots": 47,
        "Educational plots": 3,
        "B1-family plots": 19,
        "Business2 plots": 12,
        "Residential plots": 4,
        "Residential share": 0.0851063829787234,
        "Non-residential plots": 43,
        "Non-residential share": 0.9148936170212766,
        "Bordering road plots": 2,
        "Road type counts": "{\"Local Collector/Primary Access\":1,\"Major Arterials/Minor Arterials\":1}",
        "Context zone counts": "{\"Business1\":19,\"Business2\":12,\"EducationalInstitution\":3,\"HealthAndMedicalCare\":1,\"Park\":4,\"Residential\":4,\"TransportFacilities\":2,\"Waterbody\":2}",
        "Short address": "10 Kallang Way",
        "Full address": "10 Kallang Way, Geylang, Singapore 349215",
        "Address feature type": "address",
        "Address source": "Mapbox Geocoding v6"
      }
    },
    {
      "type": "Feature",
      "id": "UUID_36049d31-03a3-4510-b7a6-4b3fec66e4e1:Filter 1+2",
      "geometry": {
        "type": "Polygon",
        "coordinates": [
          [
            [
              103.759310229146,
              1.33639495214832
            ],
            [
              103.759296938816,
              1.33659728143571
            ],
            [
              103.759227400058,
              1.3376560623061
            ],
            [
              103.75914555145,
              1.33807088062373
            ],
            [
              103.759117435802,
              1.33815293902263
            ],
            [
              103.75911821035,
              1.33815324200806
            ],
            [
              103.760185220274,
              1.33857069511946
            ],
            [
              103.76018551055,
              1.33856928432066
            ],
            [
              103.760192878808,
              1.33850590672808
            ],
            [
              103.760200922591,
              1.33841856080239
            ],
            [
              103.760205879679,
              1.33833622857678
            ],
            [
              103.76021050308,
              1.33826474780211
            ],
            [
              103.760214146933,
              1.33822763463048
            ],
            [
              103.760216237562,
              1.33808657836073
            ],
            [
              103.760212254259,
              1.33796503988786
            ],
            [
              103.760209005726,
              1.33791264909197
            ],
            [
              103.760205402355,
              1.33782681400826
            ],
            [
              103.760200738241,
              1.33772562460432
            ],
            [
              103.760192296766,
              1.33764889541437
            ],
            [
              103.76018357537,
              1.3375879889648
            ],
            [
              103.760168381298,
              1.33750908819475
            ],
            [
              103.760150960907,
              1.33738953710989
            ],
            [
              103.760131361339,
              1.33727589055065
            ],
            [
              103.760114475004,
              1.3372065045409
            ],
            [
              103.760096337609,
              1.33714617569682
            ],
            [
              103.760073041326,
              1.33706467101961
            ],
            [
              103.760060011752,
              1.33702054671905
            ],
            [
              103.760018385976,
              1.33690267340544
            ],
            [
              103.759960642143,
              1.33674568768147
            ],
            [
              103.75992924903,
              1.33666203218254
            ],
            [
              103.759917268546,
              1.3366323578375
            ],
            [
              103.759904894347,
              1.33660766200324
            ],
            [
              103.759893832137,
              1.33657978465658
            ],
            [
              103.759875626298,
              1.33655516551764
            ],
            [
              103.759855154365,
              1.33652831795795
            ],
            [
              103.759843767427,
              1.33651219642623
            ],
            [
              103.759824226306,
              1.33648849969779
            ],
            [
              103.759803864587,
              1.33647204599407
            ],
            [
              103.759781688735,
              1.33645380883013
            ],
            [
              103.759762247971,
              1.33643960340221
            ],
            [
              103.759736966609,
              1.33642457120956
            ],
            [
              103.759712162301,
              1.3364122448875
            ],
            [
              103.759680191071,
              1.33640091767091
            ],
            [
              103.759650010679,
              1.33638911481265
            ],
            [
              103.759611363018,
              1.33638284911776
            ],
            [
              103.759569605367,
              1.33637933711601
            ],
            [
              103.759310229146,
              1.33639495214832
            ]
          ]
        ]
      },
      "properties": {
        "Filter stage": "Filter 1+2",
        "Role": "Candidate",
        "UUID": "UUID_36049d31-03a3-4510-b7a6-4b3fec66e4e1",
        "Zone": "Business1",
        "Width m": 123.24486090879873,
        "Width diff": 0.31217871128357083,
        "Aspect ratio": 1.8942308022859968,
        "Aspect diff": -0.17589801864832608,
        "Final allowable GFA m²": 52996.02098743599,
        "GFA diff": 0.07721970053307395,
        "KG site area m²": 21198.408394974398,
        "Master Plan GPR": 2.5,
        "Master Plan GPR cap m²": 52996.02098743599,
        "Final GFA basis": "Master Plan GPR cap",
        "Width and aspect match": false,
        "GFA match": true,
        "Non-road context plots": 45,
        "Educational plots": 1,
        "B1-family plots": 15,
        "Business2 plots": 0,
        "Residential plots": 24,
        "Residential share": 0.5333333333333333,
        "Non-residential plots": 21,
        "Non-residential share": 0.4666666666666667,
        "Bordering road plots": 2,
        "Road type counts": "{\"Major Arterials/Minor Arterials\":1,\"Local Collector/Primary Access\":1}",
        "Context zone counts": "{\"Business1\":15,\"CivicAndCommunityInstitutionZone\":1,\"EducationalInstitution\":1,\"OpenSpace\":1,\"Park\":1,\"ReserveSite\":1,\"Residential\":24,\"TransportFacilities\":1}",
        "Short address": "21 Bukit Batok Crescent",
        "Full address": "21 Bukit Batok Crescent, Bukit Batok, Singapore 658065",
        "Address feature type": "address",
        "Address source": "Mapbox Geocoding v6"
      }
    },
    {
      "type": "Feature",
      "id": "UUID_3aa251f9-6934-4f6a-9f8a-e20a0dc02170:Filter 1+2",
      "geometry": {
        "type": "Polygon",
        "coordinates": [
          [
            [
              103.820947601082,
              1.44116528694724
            ],
            [
              103.820610785593,
              1.44092029747165
            ],
            [
              103.82060908633,
              1.44092314892089
            ],
            [
              103.820608116734,
              1.44092476591776
            ],
            [
              103.820605305895,
              1.44092944869726
            ],
            [
              103.820599432607,
              1.44093921307924
            ],
            [
              103.820586223102,
              1.44096108323254
            ],
            [
              103.820575366148,
              1.44097895792015
            ],
            [
              103.820547784344,
              1.44102398332064
            ],
            [
              103.820538052445,
              1.44103973818587
            ],
            [
              103.820523172434,
              1.44106369650514
            ],
            [
              103.820519824229,
              1.44106906659792
            ],
            [
              103.820513356965,
              1.44107939439487
            ],
            [
              103.820513040655,
              1.44107991892403
            ],
            [
              103.820511659499,
              1.44108212646803
            ],
            [
              103.820489534931,
              1.44111728800368
            ],
            [
              103.820474111266,
              1.44114160173446
            ],
            [
              103.820376436451,
              1.44129195616593
            ],
            [
              103.820355274297,
              1.44132373990721
            ],
            [
              103.820329606536,
              1.44136192742182
            ],
            [
              103.82030016194,
              1.44140525350894
            ],
            [
              103.820272194652,
              1.44144593976653
            ],
            [
              103.820236581135,
              1.44149711117234
            ],
            [
              103.820181822841,
              1.44157443666472
            ],
            [
              103.820147963407,
              1.44162145433672
            ],
            [
              103.820099457614,
              1.44168778460947
            ],
            [
              103.820045894478,
              1.44175967307077
            ],
            [
              103.820012345968,
              1.44180399573861
            ],
            [
              103.81997155291,
              1.44185718112742
            ],
            [
              103.819924538815,
              1.44191753898712
            ],
            [
              103.819884099812,
              1.44196867327949
            ],
            [
              103.819866297558,
              1.44199095940828
            ],
            [
              103.819853184222,
              1.44200728852117
            ],
            [
              103.819848512377,
              1.44201308908211
            ],
            [
              103.819844363519,
              1.44201838048938
            ],
            [
              103.819842411749,
              1.44202101941101
            ],
            [
              103.81984013019,
              1.44202424164527
            ],
            [
              103.81983823503,
              1.442027041544
            ],
            [
              103.819835591331,
              1.44203115366996
            ],
            [
              103.819835254354,
              1.44203171166036
            ],
            [
              103.819835234584,
              1.44203174331297
            ],
            [
              103.819833641355,
              1.44203435781891
            ],
            [
              103.819831418201,
              1.44203821220374
            ],
            [
              103.819828992858,
              1.44204269512013
            ],
            [
              103.819826800254,
              1.44204703967025
            ],
            [
              103.819824758614,
              1.44205137969947
            ],
            [
              103.819823125839,
              1.44205508938961
            ],
            [
              103.81982137894,
              1.44205934079294
            ],
            [
              103.819819667983,
              1.44206384541831
            ],
            [
              103.819817406173,
              1.44207046625145
            ],
            [
              103.819816065438,
              1.44207485783357
            ],
            [
              103.81981491431,
              1.44207900523861
            ],
            [
              103.819813969862,
              1.44208273754195
            ],
            [
              103.819813406426,
              1.44208514766785
            ],
            [
              103.819812776492,
              1.44208804705411
            ],
            [
              103.819812788173,
              1.44208812030764
            ],
            [
              103.819812328079,
              1.44209026816868
            ],
            [
              103.819811642426,
              1.44209399414302
            ],
            [
              103.819810774348,
              1.44209954512222
            ],
            [
              103.819810048246,
              1.44210546056085
            ],
            [
              103.81980944165,
              1.44211259779553
            ],
            [
              103.819809136986,
              1.44211929189383
            ],
            [
              103.819809088422,
              1.44212596338454
            ],
            [
              103.819809222283,
              1.44213105585734
            ],
            [
              103.819809710176,
              1.44213881077898
            ],
            [
              103.819810430811,
              1.4421456739994
            ],
            [
              103.819811214356,
              1.44215122860593
            ],
            [
              103.819812281855,
              1.44215730684074
            ],
            [
              103.819813926244,
              1.44216489536636
            ],
            [
              103.819815480783,
              1.44217089944626
            ],
            [
              103.819817389368,
              1.44217729783084
            ],
            [
              103.819819306942,
              1.44218296729833
            ],
            [
              103.81982169448,
              1.44218926349267
            ],
            [
              103.819824294986,
              1.44219540504208
            ],
            [
              103.819827511927,
              1.44220221672867
            ],
            [
              103.819829966869,
              1.44220695651347
            ],
            [
              103.819831939271,
              1.44221052062258
            ],
            [
              103.81983274171,
              1.44221192239111
            ],
            [
              103.819835180481,
              1.4422159974685
            ],
            [
              103.819837542874,
              1.44221972074793
            ],
            [
              103.819839872918,
              1.44222319804026
            ],
            [
              103.819842869717,
              1.44222742324534
            ],
            [
              103.819844890648,
              1.44223013001794
            ],
            [
              103.819847563059,
              1.44223354671992
            ],
            [
              103.819849809538,
              1.44223628966842
            ],
            [
              103.819852109933,
              1.44223898468596
            ],
            [
              103.819854354616,
              1.44224151149152
            ],
            [
              103.819856967722,
              1.44224433221746
            ],
            [
              103.819859644629,
              1.44224709687324
            ],
            [
              103.819862034886,
              1.442249465416
            ],
            [
              103.819864997547,
              1.44225227710038
            ],
            [
              103.819868645836,
              1.44225556538851
            ],
            [
              103.819871990401,
              1.44225842048462
            ],
            [
              103.819874938687,
              1.44226082068342
            ],
            [
              103.819878321893,
              1.44226344516701
            ],
            [
              103.819881564021,
              1.44226583813263
            ],
            [
              103.819884024372,
              1.44226757814301
            ],
            [
              103.81988609743,
              1.44226899619762
            ],
            [
              103.819888775241,
              1.44227080041912
            ],
            [
              103.820030774787,
              1.44235874881971
            ],
            [
              103.820146698029,
              1.44242853653211
            ],
            [
              103.820253516852,
              1.44246868728318
            ],
            [
              103.8203989293,
              1.44255650726085
            ],
            [
              103.820449326045,
              1.44259818786267
            ],
            [
              103.820450298323,
              1.44259899184753
            ],
            [
              103.820505038873,
              1.44264426460548
            ],
            [
              103.820653698867,
              1.44273376037116
            ],
            [
              103.820722873743,
              1.44275432960596
            ],
            [
              103.820739172471,
              1.44276291120393
            ],
            [
              103.820756228728,
              1.44276954390223
            ],
            [
              103.820756331168,
              1.44276958007735
            ],
            [
              103.820774132373,
              1.44277424036243
            ],
            [
              103.820792127687,
              1.44277681789886
            ],
            [
              103.820792344249,
              1.44277684141351
            ],
            [
              103.820810624431,
              1.44277734162796
            ],
            [
              103.820810731364,
              1.44277733981981
            ],
            [
              103.820829056486,
              1.44277573829313
            ],
            [
              103.820829105909,
              1.44277573015413
            ],
            [
              103.820847081489,
              1.44277204949321
            ],
            [
              103.820847174943,
              1.44277202417154
            ],
            [
              103.82086457543,
              1.44276632768063
            ],
            [
              103.820864633839,
              1.44276630416749
            ],
            [
              103.820881309168,
              1.44275864249014
            ],
            [
              103.820881388245,
              1.44275859908111
            ],
            [
              103.820897067937,
              1.44274909611366
            ],
            [
              103.820897129042,
              1.44274905270455
            ],
            [
              103.820911647755,
              1.44273780883048
            ],
            [
              103.820911710657,
              1.44273775366464
            ],
            [
              103.820912263298,
              1.44273727525928
            ],
            [
              103.820914374115,
              1.44273538786384
            ],
            [
              103.820916451685,
              1.44273346429366
            ],
            [
              103.820918495108,
              1.44273150454874
            ],
            [
              103.820920505283,
              1.44272950953346
            ],
            [
              103.820922479514,
              1.44272747924779
            ],
            [
              103.8209244187,
              1.44272541459611
            ],
            [
              103.820924860813,
              1.44272493076395
            ],
            [
              103.820924916526,
              1.44272486745881
            ],
            [
              103.82093653458,
              1.44271062469862
            ],
            [
              103.820936578611,
              1.44271056320214
            ],
            [
              103.820946519887,
              1.44269507783701
            ],
            [
              103.820946563919,
              1.4426949964445
            ],
            [
              103.820947529023,
              1.44269326911513
            ],
            [
              103.820948870643,
              1.44269076946121
            ],
            [
              103.820950169131,
              1.44268824719797
            ],
            [
              103.820951424487,
              1.44268570142103
            ],
            [
              103.820952634913,
              1.44268313484347
            ],
            [
              103.82095379951,
              1.4426805474653
            ],
            [
              103.820954688235,
              1.44267849094712
            ],
            [
              103.820990848286,
              1.44259316081224
            ],
            [
              103.820991380263,
              1.44259190646269
            ],
            [
              103.820992092857,
              1.44259074616795
            ],
            [
              103.82113085559,
              1.44236483958141
            ],
            [
              103.82116011723,
              1.44225366359597
            ],
            [
              103.821201057868,
              1.44215705245017
            ],
            [
              103.821201396644,
              1.44215625480319
            ],
            [
              103.821226367196,
              1.44209732931107
            ],
            [
              103.82126790255,
              1.44202928430342
            ],
            [
              103.82142035246,
              1.44166953736773
            ],
            [
              103.821420386607,
              1.44166945778391
            ],
            [
              103.821459900233,
              1.44157621447568
            ],
            [
              103.821470338472,
              1.44155158237605
            ],
            [
              103.821472305527,
              1.44154694028744
            ],
            [
              103.821466962485,
              1.44154305511293
            ],
            [
              103.821466880713,
              1.44154299542449
            ],
            [
              103.82141710218,
              1.44150678805743
            ],
            [
              103.821417061743,
              1.44150675911757
            ],
            [
              103.821365367408,
              1.4414691581148
            ],
            [
              103.821365227228,
              1.4414690550166
            ],
            [
              103.821158240534,
              1.44131849996383
            ],
            [
              103.821158094961,
              1.4413183941525
            ],
            [
              103.820947601082,
              1.44116528694724
            ]
          ]
        ]
      },
      "properties": {
        "Filter stage": "Filter 1+2",
        "Role": "Candidate",
        "UUID": "UUID_3aa251f9-6934-4f6a-9f8a-e20a0dc02170",
        "Zone": "Business1",
        "Width m": 143.4671594635729,
        "Width diff": 0.5274839942878764,
        "Aspect ratio": 1.173733867455133,
        "Aspect diff": -0.48935662719558304,
        "Final allowable GFA m²": 53880.771924686924,
        "GFA diff": 0.0952035250148733,
        "KG site area m²": 21552.30876987477,
        "Master Plan GPR": 2.5,
        "Master Plan GPR cap m²": 53880.771924686924,
        "Final GFA basis": "Master Plan GPR cap",
        "Width and aspect match": false,
        "GFA match": true,
        "Non-road context plots": 30,
        "Educational plots": 1,
        "B1-family plots": 3,
        "Business2 plots": 6,
        "Residential plots": 11,
        "Residential share": 0.36666666666666664,
        "Non-residential plots": 19,
        "Non-residential share": 0.6333333333333333,
        "Bordering road plots": 3,
        "Road type counts": "{\"no category\":1,\"Local Access\":1,\"Major Arterials/Minor Arterials\":1}",
        "Context zone counts": "{\"Business1\":3,\"Business2\":6,\"EducationalInstitution\":1,\"OpenSpace\":3,\"Park\":3,\"Residential\":11,\"Utility\":1,\"Waterbody\":2}",
        "Short address": "371 Sembawang Link",
        "Full address": "371 Sembawang Link, Sembawang, Singapore 750371",
        "Address feature type": "address",
        "Address source": "Mapbox Geocoding v6"
      }
    },
    {
      "type": "Feature",
      "id": "UUID_48f0a6c8-3051-44ac-aae6-b47ab34effa1:Filter 1+2+3",
      "geometry": {
        "type": "Polygon",
        "coordinates": [
          [
            [
              103.84305028,
              1.34847393780289
            ],
            [
              103.842667751284,
              1.34802935465617
            ],
            [
              103.842569349294,
              1.34791456315106
            ],
            [
              103.842564189123,
              1.34798678661927
            ],
            [
              103.842562772165,
              1.34800661843247
            ],
            [
              103.842494194115,
              1.3480663790952
            ],
            [
              103.84243730612,
              1.34806225540806
            ],
            [
              103.841623282955,
              1.34877185884688
            ],
            [
              103.841615070481,
              1.34888665889648
            ],
            [
              103.842028267216,
              1.34936674834874
            ],
            [
              103.842194321094,
              1.34922160629829
            ],
            [
              103.84236037585,
              1.34907649136733
            ],
            [
              103.842434380333,
              1.34901160294193
            ],
            [
              103.842608278588,
              1.34885966905652
            ],
            [
              103.842819386171,
              1.34867531354798
            ],
            [
              103.84305028,
              1.34847393780289
            ]
          ]
        ]
      },
      "properties": {
        "Filter stage": "Filter 1+2+3",
        "Role": "Candidate",
        "UUID": "UUID_48f0a6c8-3051-44ac-aae6-b47ab34effa1",
        "Zone": "Business1",
        "Width m": 81.79475932676723,
        "Width diff": -0.12913738478255055,
        "Aspect ratio": 1.8428034628365686,
        "Aspect diff": -0.1982719407093401,
        "Final allowable GFA m²": 29765.364710375743,
        "GFA diff": -0.3949765159318243,
        "KG site area m²": 11906.145884150297,
        "Master Plan GPR": 2.5,
        "Master Plan GPR cap m²": 29765.364710375743,
        "Final GFA basis": "Master Plan GPR cap",
        "Width and aspect match": true,
        "GFA match": false,
        "Non-road context plots": 67,
        "Educational plots": 0,
        "B1-family plots": 16,
        "Business2 plots": 0,
        "Residential plots": 49,
        "Residential share": 0.7313432835820896,
        "Non-residential plots": 18,
        "Non-residential share": 0.26865671641791045,
        "Bordering road plots": 3,
        "Road type counts": "{\"Local Access\":2,\"Local Collector/Primary Access\":1}",
        "Context zone counts": "{\"Business1\":16,\"Park\":1,\"Residential\":46,\"ResidentialWithCommercialAtFirstStorey\":3,\"Utility\":1}",
        "Short address": "40 Jalan Pemimpin",
        "Full address": "40 Jalan Pemimpin, Bishan, Singapore 577185",
        "Address feature type": "address",
        "Address source": "Mapbox Geocoding v6"
      }
    },
    {
      "type": "Feature",
      "id": "UUID_49926b7a-208a-486c-9ec3-1241d86a7339:Filter 1+2+3",
      "geometry": {
        "type": "Polygon",
        "coordinates": [
          [
            [
              103.804769984215,
              1.28550566307535
            ],
            [
              103.805084032489,
              1.28529441511382
            ],
            [
              103.805188383375,
              1.28522402865658
            ],
            [
              103.80518838346,
              1.28521620318798
            ],
            [
              103.80523167893,
              1.2851949727997
            ],
            [
              103.805288294399,
              1.28516927318703
            ],
            [
              103.805307160175,
              1.28516593448057
            ],
            [
              103.805330483619,
              1.28516144818424
            ],
            [
              103.805368232218,
              1.28515699822124
            ],
            [
              103.805410404304,
              1.28515475495647
            ],
            [
              103.805495888723,
              1.28515028833334
            ],
            [
              103.806027642148,
              1.28511901213102
            ],
            [
              103.806067602052,
              1.28511454318971
            ],
            [
              103.80612200604,
              1.28510447638451
            ],
            [
              103.806149752141,
              1.28509555602735
            ],
            [
              103.80619859256,
              1.28506761439047
            ],
            [
              103.806247451043,
              1.285030751194
            ],
            [
              103.806272968906,
              1.28500839014191
            ],
            [
              103.80628518383,
              1.28499164414892
            ],
            [
              103.806304067051,
              1.28495253961573
            ],
            [
              103.806320722164,
              1.28488773301075
            ],
            [
              103.806317390706,
              1.28468548806402
            ],
            [
              103.806290750272,
              1.28465085060816
            ],
            [
              103.806231906681,
              1.28465420517423
            ],
            [
              103.806231779986,
              1.28465421421652
            ],
            [
              103.805858261204,
              1.28469137869156
            ],
            [
              103.805581872084,
              1.2847060363436
            ],
            [
              103.805224404035,
              1.28473077854546
            ],
            [
              103.805224404108,
              1.28472406725426
            ],
            [
              103.805095625348,
              1.28473083047402
            ],
            [
              103.804886925039,
              1.28474209743413
            ],
            [
              103.80487693952,
              1.28474656578871
            ],
            [
              103.80486805934,
              1.28473875921222
            ],
            [
              103.804358446235,
              1.28506810411412
            ],
            [
              103.804356920503,
              1.28506912874201
            ],
            [
              103.804073848711,
              1.28525815672764
            ],
            [
              103.803877892772,
              1.28538903775046
            ],
            [
              103.803869370583,
              1.28542722807211
            ],
            [
              103.803966136984,
              1.28558826490959
            ],
            [
              103.804158986332,
              1.28588400436764
            ],
            [
              103.80419619119,
              1.28589159874636
            ],
            [
              103.804711925529,
              1.28554471651034
            ],
            [
              103.804769984215,
              1.28550566307535
            ]
          ]
        ]
      },
      "properties": {
        "Filter stage": "Filter 1+2+3",
        "Role": "Candidate",
        "UUID": "UUID_49926b7a-208a-486c-9ec3-1241d86a7339",
        "Zone": "Business1",
        "Width m": 90.09850703064876,
        "Width diff": -0.040728011113280706,
        "Aspect ratio": 3.144465996671435,
        "Aspect diff": 0.3680279377901511,
        "Final allowable GFA m²": 39860.48018582733,
        "GFA diff": -0.1897788979466767,
        "KG site area m²": 15944.192074330931,
        "Master Plan GPR": 2.5,
        "Master Plan GPR cap m²": 39860.48018582733,
        "Final GFA basis": "Master Plan GPR cap",
        "Width and aspect match": false,
        "GFA match": true,
        "Non-road context plots": 5,
        "Educational plots": 0,
        "B1-family plots": 2,
        "Business2 plots": 0,
        "Residential plots": 1,
        "Residential share": 0.2,
        "Non-residential plots": 4,
        "Non-residential share": 0.8,
        "Bordering road plots": 2,
        "Road type counts": "{\"Local Access\":2}",
        "Context zone counts": "{\"Business1\":2,\"Commercial\":1,\"CommercialAndResidential\":1,\"Park\":1}",
        "Short address": "1007 Bukit Merah Lane 3",
        "Full address": "1007 Bukit Merah Lane 3, Bukit Merah, Singapore 159721",
        "Address feature type": "address",
        "Address source": "Mapbox Geocoding v6"
      }
    },
    {
      "type": "Feature",
      "id": "UUID_474cec7b-cece-4e50-a5e2-d87704638bea:Filter 1+2+3",
      "geometry": {
        "type": "Polygon",
        "coordinates": [
          [
            [
              103.754468939836,
              1.34143750967402
            ],
            [
              103.753929462111,
              1.34174268771099
            ],
            [
              103.753879455372,
              1.34177442924041
            ],
            [
              103.753835686198,
              1.34181336066349
            ],
            [
              103.753796543539,
              1.34185737476061
            ],
            [
              103.753763304241,
              1.34190670670832
            ],
            [
              103.753737019663,
              1.34195994482969
            ],
            [
              103.753717339407,
              1.34201591615385
            ],
            [
              103.753705674222,
              1.34207422009415
            ],
            [
              103.753702590248,
              1.34213347389728
            ],
            [
              103.753706146628,
              1.34219265556887
            ],
            [
              103.75371566048,
              1.3422511410756
            ],
            [
              103.753732415875,
              1.34230797183411
            ],
            [
              103.753758059933,
              1.34236131204004
            ],
            [
              103.75399717975,
              1.34278899341431
            ],
            [
              103.754028942578,
              1.34282780069429
            ],
            [
              103.75407364518,
              1.342850628291
            ],
            [
              103.754123676852,
              1.34285448160759
            ],
            [
              103.754171301012,
              1.34283881144282
            ],
            [
              103.754176189265,
              1.34283604424943
            ],
            [
              103.754246601673,
              1.34279613697613
            ],
            [
              103.75487622473,
              1.34243932263137
            ],
            [
              103.754968776977,
              1.34239141243214
            ],
            [
              103.755065841455,
              1.34235389351278
            ],
            [
              103.755165771164,
              1.34232493900526
            ],
            [
              103.755267893053,
              1.34230551655677
            ],
            [
              103.7553715332,
              1.34229578893094
            ],
            [
              103.755470500531,
              1.34229571975475
            ],
            [
              103.75547547855,
              1.34229571991424
            ],
            [
              103.755516174178,
              1.34229970946141
            ],
            [
              103.755370556675,
              1.34220405929437
            ],
            [
              103.755124134928,
              1.34197573573041
            ],
            [
              103.754954643555,
              1.34182631130963
            ],
            [
              103.754620065781,
              1.3415220183092
            ],
            [
              103.754502977859,
              1.34141857340307
            ],
            [
              103.754468939836,
              1.34143750967402
            ]
          ]
        ]
      },
      "properties": {
        "Filter stage": "Filter 1+2+3",
        "Role": "Candidate",
        "UUID": "UUID_474cec7b-cece-4e50-a5e2-d87704638bea",
        "Zone": "Business1",
        "Width m": 140.21370636342908,
        "Width diff": 0.4928447252369146,
        "Aspect ratio": 1.2402589699882782,
        "Aspect diff": -0.46041428883796254,
        "Final allowable GFA m²": 42363.79945987449,
        "GFA diff": -0.13889536389103393,
        "KG site area m²": 16945.519783949796,
        "Master Plan GPR": 2.5,
        "Master Plan GPR cap m²": 42363.79945987449,
        "Final GFA basis": "Master Plan GPR cap",
        "Width and aspect match": false,
        "GFA match": true,
        "Non-road context plots": 25,
        "Educational plots": 0,
        "B1-family plots": 10,
        "Business2 plots": 0,
        "Residential plots": 2,
        "Residential share": 0.08,
        "Non-residential plots": 23,
        "Non-residential share": 0.92,
        "Bordering road plots": 2,
        "Road type counts": "{\"Local Collector/Primary Access\":2}",
        "Context zone counts": "{\"Business1\":10,\"Cemetery\":1,\"CivicAndCommunityInstitutionZone\":2,\"Park\":1,\"PlaceOfWorship\":2,\"Residential\":2,\"TransportFacilities\":3,\"Utility\":2,\"Waterbody\":2}",
        "Short address": "2 Bukit Batok Street 24",
        "Full address": "2 Bukit Batok Street 24, Bukit Batok, Singapore 659480",
        "Address feature type": "address",
        "Address source": "Mapbox Geocoding v6"
      }
    },
    {
      "type": "Feature",
      "id": "UUID_8e9f5227-0372-49d0-8b26-b9563bc19ca8:Filter 1+2+3",
      "geometry": {
        "type": "Polygon",
        "coordinates": [
          [
            [
              103.931831259935,
              1.36969528664856
            ],
            [
              103.931889437063,
              1.3697436314847
            ],
            [
              103.931988895525,
              1.36981817942995
            ],
            [
              103.932029759976,
              1.36984571468378
            ],
            [
              103.932035001474,
              1.36984924600381
            ],
            [
              103.932086603224,
              1.36988401661937
            ],
            [
              103.932197776027,
              1.3699289470874
            ],
            [
              103.93222108799,
              1.36993836867679
            ],
            [
              103.932254971047,
              1.36995576449914
            ],
            [
              103.932259890816,
              1.36995829108478
            ],
            [
              103.932373253085,
              1.3700164929791
            ],
            [
              103.932426251068,
              1.37004757824962
            ],
            [
              103.932437153669,
              1.37005397164174
            ],
            [
              103.932512621815,
              1.37009822802077
            ],
            [
              103.932516743651,
              1.37010064521116
            ],
            [
              103.932533390045,
              1.37011040711541
            ],
            [
              103.932579391203,
              1.37012765953848
            ],
            [
              103.93261751535,
              1.37014113024338
            ],
            [
              103.932654872982,
              1.3701537427392
            ],
            [
              103.932660953408,
              1.37014910310378
            ],
            [
              103.932666184698,
              1.37014473119518
            ],
            [
              103.932671593014,
              1.37014058265681
            ],
            [
              103.932685985759,
              1.37012758636112
            ],
            [
              103.932698754722,
              1.37011297041913
            ],
            [
              103.932709720199,
              1.37009694374622
            ],
            [
              103.93272045543,
              1.37007574503133
            ],
            [
              103.932728042917,
              1.37005321160817
            ],
            [
              103.932729316888,
              1.37004837050027
            ],
            [
              103.932731465927,
              1.37004016693454
            ],
            [
              103.932769468919,
              1.36988297531612
            ],
            [
              103.932803579466,
              1.36972966900294
            ],
            [
              103.932804613527,
              1.36972502234307
            ],
            [
              103.932818516305,
              1.3696625366153
            ],
            [
              103.932826885058,
              1.36962819127519
            ],
            [
              103.932834006071,
              1.36960286067676
            ],
            [
              103.932851511547,
              1.36954854843039
            ],
            [
              103.932864297482,
              1.3695097697186
            ],
            [
              103.932883714922,
              1.36945087679398
            ],
            [
              103.932910783523,
              1.36936650945477
            ],
            [
              103.932932304974,
              1.36927527280654
            ],
            [
              103.932945293173,
              1.36921689744592
            ],
            [
              103.932956116223,
              1.3691682549295
            ],
            [
              103.932965527808,
              1.36912413157356
            ],
            [
              103.932976391425,
              1.36907870858736
            ],
            [
              103.932989409439,
              1.36902428076946
            ],
            [
              103.933005542251,
              1.36895682637773
            ],
            [
              103.933012293829,
              1.36892859640686
            ],
            [
              103.933021329174,
              1.36889081717236
            ],
            [
              103.933028685381,
              1.36885999527202
            ],
            [
              103.933042425661,
              1.36880119302025
            ],
            [
              103.933168304189,
              1.36825425799799
            ],
            [
              103.933187891794,
              1.36818208539935
            ],
            [
              103.93318952965,
              1.36817642492324
            ],
            [
              103.933222553098,
              1.3680717136882
            ],
            [
              103.933190403868,
              1.36806560696763
            ],
            [
              103.933064981615,
              1.36804178406253
            ],
            [
              103.932759997051,
              1.36798385426603
            ],
            [
              103.932736796734,
              1.36797944736833
            ],
            [
              103.932603071652,
              1.36795404757539
            ],
            [
              103.932595989202,
              1.36797750523607
            ],
            [
              103.932576985119,
              1.36803674179942
            ],
            [
              103.932561386946,
              1.36808230696641
            ],
            [
              103.932525804886,
              1.36826581725225
            ],
            [
              103.932458106521,
              1.36841368340822
            ],
            [
              103.932340798357,
              1.36858782788906
            ],
            [
              103.932284117015,
              1.36870629183996
            ],
            [
              103.932188148219,
              1.3689068654356
            ],
            [
              103.931983790724,
              1.36933397015728
            ],
            [
              103.931946604832,
              1.36941168812645
            ],
            [
              103.931946098981,
              1.36941274534768
            ],
            [
              103.931932818368,
              1.36944050079617
            ],
            [
              103.931923924195,
              1.3694590903446
            ],
            [
              103.931921385056,
              1.36946439725146
            ],
            [
              103.931906846554,
              1.36949478173497
            ],
            [
              103.931848007892,
              1.36961775492064
            ],
            [
              103.931840695962,
              1.36963303533938
            ],
            [
              103.931834324134,
              1.36965320289656
            ],
            [
              103.93183115304,
              1.36967412365571
            ],
            [
              103.931831259935,
              1.36969528664856
            ]
          ]
        ]
      },
      "properties": {
        "Filter stage": "Filter 1+2+3",
        "Role": "Candidate",
        "UUID": "UUID_8e9f5227-0372-49d0-8b26-b9563bc19ca8",
        "Zone": "Business1",
        "Width m": 107.51712723940727,
        "Width diff": 0.1447267206242188,
        "Aspect ratio": 2.2203620531256063,
        "Aspect diff": -0.03401171330830612,
        "Final allowable GFA m²": 50132.812245401285,
        "GFA diff": 0.019020899827082854,
        "KG site area m²": 20053.124898160513,
        "Master Plan GPR": 2.5,
        "Master Plan GPR cap m²": 50132.812245401285,
        "Final GFA basis": "Master Plan GPR cap",
        "Width and aspect match": true,
        "GFA match": true,
        "Non-road context plots": 14,
        "Educational plots": 0,
        "B1-family plots": 1,
        "Business2 plots": 2,
        "Residential plots": 3,
        "Residential share": 0.21428571428571427,
        "Non-residential plots": 11,
        "Non-residential share": 0.7857142857142857,
        "Bordering road plots": 2,
        "Road type counts": "{\"no category\":1,\"Local Access\":1}",
        "Context zone counts": "{\"Business1\":1,\"Business2\":2,\"OpenSpace\":2,\"Park\":1,\"PlaceOfWorship\":1,\"Residential\":3,\"TransportFacilities\":1,\"Waterbody\":3}",
        "Short address": "662 Tampines Street 64",
        "Full address": "662 Tampines Street 64, Tampines, Singapore 520662",
        "Address feature type": "address",
        "Address source": "Mapbox Geocoding v6"
      }
    },
    {
      "type": "Feature",
      "id": "UUID_a5425b8e-fe16-4970-b500-b474e984cf49:Filter 1+2+3",
      "geometry": {
        "type": "Polygon",
        "coordinates": [
          [
            [
              103.890690477563,
              1.32227824398035
            ],
            [
              103.891175462104,
              1.32009449249265
            ],
            [
              103.891175704688,
              1.32009342171977
            ],
            [
              103.891176061377,
              1.32009185716136
            ],
            [
              103.891152216985,
              1.32007351178736
            ],
            [
              103.891096676869,
              1.32004597519654
            ],
            [
              103.891038261649,
              1.32002974412836
            ],
            [
              103.890797385232,
              1.31995723329801
            ],
            [
              103.890800242661,
              1.31995873990233
            ],
            [
              103.890800366663,
              1.31995880591803
            ],
            [
              103.890800427765,
              1.31995884028245
            ],
            [
              103.89080130566,
              1.31995930239214
            ],
            [
              103.890804385034,
              1.31996092655864
            ],
            [
              103.890816848171,
              1.31997071148941
            ],
            [
              103.890831486014,
              1.31998971636255
            ],
            [
              103.890843877546,
              1.32001165414095
            ],
            [
              103.890848932327,
              1.32003030743929
            ],
            [
              103.890850125968,
              1.32004616815084
            ],
            [
              103.890850120578,
              1.32004620975172
            ],
            [
              103.890849072278,
              1.32005970017687
            ],
            [
              103.890846694074,
              1.32007111873461
            ],
            [
              103.890846685989,
              1.32007118023156
            ],
            [
              103.890892525888,
              1.32008350926572
            ],
            [
              103.890839765899,
              1.32029092099683
            ],
            [
              103.890826980663,
              1.32034121208304
            ],
            [
              103.890810915109,
              1.32040441394881
            ],
            [
              103.890799614145,
              1.32044887275565
            ],
            [
              103.890786520732,
              1.32050037569686
            ],
            [
              103.890768668118,
              1.32057060451373
            ],
            [
              103.890744344717,
              1.32066628861992
            ],
            [
              103.890687014188,
              1.32089181486897
            ],
            [
              103.890652046594,
              1.32102936766626
            ],
            [
              103.89061511404,
              1.32117465282255
            ],
            [
              103.89056822551,
              1.32135853466421
            ],
            [
              103.890493003527,
              1.32164735325177
            ],
            [
              103.890486310798,
              1.32167305001095
            ],
            [
              103.890479866947,
              1.32169779356449
            ],
            [
              103.89047655158,
              1.32171052075853
            ],
            [
              103.890474375477,
              1.32171887803843
            ],
            [
              103.890471422195,
              1.32173021521634
            ],
            [
              103.890468089757,
              1.32174301023808
            ],
            [
              103.89046554528,
              1.32175277652591
            ],
            [
              103.89046351473,
              1.3217605785228
            ],
            [
              103.890460903766,
              1.32177060165159
            ],
            [
              103.89045883548,
              1.32177854382581
            ],
            [
              103.890457060096,
              1.32178536186856
            ],
            [
              103.890452738439,
              1.32180195343407
            ],
            [
              103.890452521907,
              1.32180279992396
            ],
            [
              103.890249297897,
              1.3219507884457
            ],
            [
              103.890050438998,
              1.32193895941895
            ],
            [
              103.890050484833,
              1.32193933292032
            ],
            [
              103.889983914594,
              1.32193554245043
            ],
            [
              103.88985235108,
              1.32192808808014
            ],
            [
              103.889747462027,
              1.32192214519007
            ],
            [
              103.889621483921,
              1.32191494299731
            ],
            [
              103.889503544275,
              1.32190819370159
            ],
            [
              103.889330003933,
              1.32189824421326
            ],
            [
              103.889140519625,
              1.32188588765573
            ],
            [
              103.888988414253,
              1.32187596840676
            ],
            [
              103.888987496826,
              1.32187573238841
            ],
            [
              103.888667299956,
              1.32185668553928
            ],
            [
              103.888550223818,
              1.3218497218441
            ],
            [
              103.888567695716,
              1.32150383740799
            ],
            [
              103.888556793196,
              1.32148638794423
            ],
            [
              103.888327663903,
              1.32147432793648
            ],
            [
              103.888288042196,
              1.32147224154624
            ],
            [
              103.888284101243,
              1.32147668658417
            ],
            [
              103.888245542519,
              1.3221289212533
            ],
            [
              103.88824489221,
              1.32213995089385
            ],
            [
              103.888265319032,
              1.32214125001052
            ],
            [
              103.88829038329,
              1.32214284384647
            ],
            [
              103.888312397857,
              1.32214424331182
            ],
            [
              103.888334929092,
              1.32214567622693
            ],
            [
              103.888354467245,
              1.32214691838772
            ],
            [
              103.888359508132,
              1.32214723932459
            ],
            [
              103.888372709683,
              1.32214807828013
            ],
            [
              103.888380175761,
              1.32214828521297
            ],
            [
              103.888407154816,
              1.32214903161572
            ],
            [
              103.888417980583,
              1.32214933162295
            ],
            [
              103.888420799344,
              1.32214940933534
            ],
            [
              103.88842935896,
              1.32214964608764
            ],
            [
              103.888475226498,
              1.32215091479029
            ],
            [
              103.888511316881,
              1.32215191330587
            ],
            [
              103.888579691376,
              1.32215380551442
            ],
            [
              103.888635668535,
              1.32215535434058
            ],
            [
              103.888651310547,
              1.32215578718038
            ],
            [
              103.888652581999,
              1.32215582242207
            ],
            [
              103.888657245518,
              1.32215722408205
            ],
            [
              103.888683905801,
              1.32216766889078
            ],
            [
              103.888713638052,
              1.32216978172274
            ],
            [
              103.88885008526,
              1.32217947524925
            ],
            [
              103.889049499534,
              1.32219364304543
            ],
            [
              103.889056351907,
              1.32219412943861
            ],
            [
              103.889121835821,
              1.32219878181694
            ],
            [
              103.889123858467,
              1.32219896173968
            ],
            [
              103.889123901596,
              1.32219892918159
            ],
            [
              103.889155037388,
              1.32220114055216
            ],
            [
              103.889185734686,
              1.32220332208823
            ],
            [
              103.889235250405,
              1.32220709578295
            ],
            [
              103.889275925279,
              1.32221148554919
            ],
            [
              103.889314315129,
              1.32221562937954
            ],
            [
              103.889318178019,
              1.32221619632824
            ],
            [
              103.889325995441,
              1.32221688979817
            ],
            [
              103.88945843072,
              1.32223118297823
            ],
            [
              103.889645032674,
              1.32225132162985
            ],
            [
              103.889759104223,
              1.3222649586443
            ],
            [
              103.889798940758,
              1.32226976623727
            ],
            [
              103.889898957115,
              1.32228183539931
            ],
            [
              103.889951317736,
              1.32228929610714
            ],
            [
              103.889982181321,
              1.32229381541086
            ],
            [
              103.890050114812,
              1.3223037645692
            ],
            [
              103.890091176104,
              1.32230977855107
            ],
            [
              103.890165279079,
              1.3223206301197
            ],
            [
              103.890291314969,
              1.32233908890347
            ],
            [
              103.890370978207,
              1.32235075516957
            ],
            [
              103.890373639719,
              1.32235070808109
            ],
            [
              103.89043339254,
              1.32234965040134
            ],
            [
              103.890436541066,
              1.32234955446584
            ],
            [
              103.890462997095,
              1.32234722149805
            ],
            [
              103.890537497734,
              1.32234074904579
            ],
            [
              103.890566461526,
              1.32233420529908
            ],
            [
              103.890587456996,
              1.3223294614217
            ],
            [
              103.890615395416,
              1.32231753944441
            ],
            [
              103.890657408623,
              1.32229949821172
            ],
            [
              103.890683344958,
              1.32228282836822
            ],
            [
              103.890690477563,
              1.32227824398035
            ]
          ]
        ]
      },
      "properties": {
        "Filter stage": "Filter 1+2+3",
        "Role": "Candidate",
        "UUID": "UUID_a5425b8e-fe16-4970-b500-b474e984cf49",
        "Zone": "Business1",
        "Width m": 268.04092938450776,
        "Width diff": 1.8538114992988246,
        "Aspect ratio": 1.1389444011839738,
        "Aspect diff": -0.5044920943464867,
        "Final allowable GFA m²": 48343.92758890442,
        "GFA diff": -0.01734073182101029,
        "KG site area m²": 19337.57103556177,
        "Master Plan GPR": 2.5,
        "Master Plan GPR cap m²": 48343.92758890442,
        "Final GFA basis": "Master Plan GPR cap",
        "Width and aspect match": false,
        "GFA match": true,
        "Non-road context plots": 23,
        "Educational plots": 1,
        "B1-family plots": 10,
        "Business2 plots": 0,
        "Residential plots": 5,
        "Residential share": 0.21739130434782608,
        "Non-residential plots": 18,
        "Non-residential share": 0.782608695652174,
        "Bordering road plots": 5,
        "Road type counts": "{\"Local Access\":3,\"Expressway\":1,\"Major Arterials/Minor Arterials\":1}",
        "Context zone counts": "{\"Business1\":10,\"CivicAndCommunityInstitutionZone\":1,\"EducationalInstitution\":1,\"HealthAndMedicalCare\":3,\"Park\":1,\"ReserveSite\":1,\"Residential\":5,\"SportsAndRecreation\":1}",
        "Short address": "1005 Aljunied Avenue 5",
        "Full address": "1005 Aljunied Avenue 5, Geylang, Singapore 389886",
        "Address feature type": "address",
        "Address source": "Mapbox Geocoding v6"
      }
    },
    {
      "type": "Feature",
      "id": "UUID_0c62d3ec-447a-4c48-ba5d-8c426c4c2236:Filter 1+2+3",
      "geometry": {
        "type": "Polygon",
        "coordinates": [
          [
            [
              103.796425214623,
              1.2790575849443
            ],
            [
              103.796487171929,
              1.27902602441431
            ],
            [
              103.796377383459,
              1.27882150163876
            ],
            [
              103.79581256155,
              1.27767303063251
            ],
            [
              103.795695126238,
              1.27743433086744
            ],
            [
              103.794768104145,
              1.27790094392682
            ],
            [
              103.79477494818,
              1.27790911767886
            ],
            [
              103.794786180578,
              1.27792349543937
            ],
            [
              103.79479686666,
              1.27793822589384
            ],
            [
              103.794807027989,
              1.27795343474931
            ],
            [
              103.794816592684,
              1.27796901438528
            ],
            [
              103.795287364935,
              1.27876828906971
            ],
            [
              103.795295910507,
              1.27879662113616
            ],
            [
              103.795299357913,
              1.27881580366834
            ],
            [
              103.7953051138,
              1.27882555461495
            ],
            [
              103.795650538373,
              1.27945220312371
            ],
            [
              103.796425214623,
              1.2790575849443
            ]
          ]
        ]
      },
      "properties": {
        "Filter stage": "Filter 1+2+3",
        "Role": "Candidate",
        "UUID": "UUID_0c62d3ec-447a-4c48-ba5d-8c426c4c2236",
        "Zone": "Business1",
        "Width m": 115.35246655920673,
        "Width diff": 0.22814898566074768,
        "Aspect ratio": 1.710831517487367,
        "Aspect diff": -0.2556875109312265,
        "Final allowable GFA m²": 53736.850245446665,
        "GFA diff": 0.09227811164755345,
        "KG site area m²": 21494.740098178667,
        "Master Plan GPR": 2.5,
        "Master Plan GPR cap m²": 53736.850245446665,
        "Final GFA basis": "Master Plan GPR cap",
        "Width and aspect match": false,
        "GFA match": true,
        "Non-road context plots": 7,
        "Educational plots": 0,
        "B1-family plots": 1,
        "Business2 plots": 0,
        "Residential plots": 1,
        "Residential share": 0.14285714285714285,
        "Non-residential plots": 6,
        "Non-residential share": 0.8571428571428571,
        "Bordering road plots": 2,
        "Road type counts": "{\"Local Access\":2}",
        "Context zone counts": "{\"Business1\":1,\"Park\":3,\"Residential\":1,\"Waterbody\":2}",
        "Short address": "102 Pasir Panjang Road",
        "Full address": "102 Pasir Panjang Road, Queenstown, Singapore 118528",
        "Address feature type": "address",
        "Address source": "Mapbox Geocoding v6"
      }
    },
    {
      "type": "Feature",
      "id": "UUID_0420f7e5-cf3b-466b-98ab-326ad3e03e7a:Filter 1+2+3",
      "geometry": {
        "type": "Polygon",
        "coordinates": [
          [
            [
              103.917960869154,
              1.33986177904337
            ],
            [
              103.917941043379,
              1.33978366895081
            ],
            [
              103.917912006314,
              1.33964820625209
            ],
            [
              103.91789806808,
              1.33957544164712
            ],
            [
              103.917860274782,
              1.33934123089356
            ],
            [
              103.91783003175,
              1.33914995001329
            ],
            [
              103.917768835604,
              1.33876045180616
            ],
            [
              103.917759628804,
              1.33870279261944
            ],
            [
              103.917752588613,
              1.33866892490869
            ],
            [
              103.917742630288,
              1.33863580731731
            ],
            [
              103.917729830238,
              1.33860369402616
            ],
            [
              103.917714286703,
              1.33857283150436
            ],
            [
              103.917696118979,
              1.33854345662143
            ],
            [
              103.917675466502,
              1.33851579482924
            ],
            [
              103.917652487782,
              1.33849005843172
            ],
            [
              103.917627359178,
              1.33846644495543
            ],
            [
              103.917600273553,
              1.33844513563353
            ],
            [
              103.917571438789,
              1.33842629401481
            ],
            [
              103.917541076192,
              1.33841006470847
            ],
            [
              103.917509418794,
              1.33839657227426
            ],
            [
              103.917476709567,
              1.33838592026645
            ],
            [
              103.917443199558,
              1.33837819040844
            ],
            [
              103.917239016249,
              1.33833928630014
            ],
            [
              103.917109102398,
              1.3385139052832
            ],
            [
              103.916585196829,
              1.33921820178444
            ],
            [
              103.916561644892,
              1.33924986345307
            ],
            [
              103.916409609446,
              1.33945424847728
            ],
            [
              103.916392810761,
              1.33947683010398
            ],
            [
              103.916382649426,
              1.33949049176646
            ],
            [
              103.916365196621,
              1.33951395336104
            ],
            [
              103.916400604559,
              1.33954853713401
            ],
            [
              103.91643560264,
              1.33958354096109
            ],
            [
              103.916470185908,
              1.33961895995343
            ],
            [
              103.916490370053,
              1.33964058802302
            ],
            [
              103.916568134103,
              1.3397240246606
            ],
            [
              103.916596197323,
              1.33975550054921
            ],
            [
              103.916623943236,
              1.33978726011308
            ],
            [
              103.916651368982,
              1.33981930013135
            ],
            [
              103.916713816825,
              1.33989415759063
            ],
            [
              103.916749210683,
              1.33993675913616
            ],
            [
              103.916763202706,
              1.33995360061902
            ],
            [
              103.916816492086,
              1.340017741681
            ],
            [
              103.916816841639,
              1.34001816219806
            ],
            [
              103.916818687382,
              1.34002122430972
            ],
            [
              103.916826569049,
              1.34003336873746
            ],
            [
              103.916827001235,
              1.34003276099032
            ],
            [
              103.917210091077,
              1.33972285861096
            ],
            [
              103.917617403643,
              1.34021311448343
            ],
            [
              103.917680023308,
              1.34018754686176
            ],
            [
              103.917687000521,
              1.34018482267702
            ],
            [
              103.917686917851,
              1.34018473224354
            ],
            [
              103.917739249164,
              1.34016336484114
            ],
            [
              103.917744548757,
              1.34016031514357
            ],
            [
              103.917846885358,
              1.34010143029238
            ],
            [
              103.917886286171,
              1.34007304095319
            ],
            [
              103.917919145221,
              1.34003714562352
            ],
            [
              103.917943782248,
              1.33999504664551
            ],
            [
              103.917957591485,
              1.33994826344066
            ],
            [
              103.917964338002,
              1.33989998828149
            ],
            [
              103.917960869154,
              1.33986177904337
            ]
          ]
        ]
      },
      "properties": {
        "Filter stage": "Filter 1+2+3",
        "Role": "Candidate",
        "UUID": "UUID_0420f7e5-cf3b-466b-98ab-326ad3e03e7a",
        "Zone": "Business1",
        "Width m": 173.11030179776571,
        "Width diff": 0.8430922883753716,
        "Aspect ratio": 1.110211367397917,
        "Aspect diff": -0.5169926566036085,
        "Final allowable GFA m²": 54723.93239366784,
        "GFA diff": 0.11234196391979179,
        "KG site area m²": 21889.572957467135,
        "Master Plan GPR": 2.5,
        "Master Plan GPR cap m²": 54723.93239366784,
        "Final GFA basis": "Master Plan GPR cap",
        "Width and aspect match": false,
        "GFA match": true,
        "Non-road context plots": 19,
        "Educational plots": 0,
        "B1-family plots": 3,
        "Business2 plots": 4,
        "Residential plots": 1,
        "Residential share": 0.05263157894736842,
        "Non-residential plots": 18,
        "Non-residential share": 0.9473684210526315,
        "Bordering road plots": 4,
        "Road type counts": "{\"Major Arterials/Minor Arterials\":1,\"Local Access\":2,\"Local Collector/Primary Access\":1}",
        "Context zone counts": "{\"Business1\":3,\"Business2\":4,\"HealthAndMedicalCare\":1,\"OpenSpace\":2,\"Park\":1,\"PlaceOfWorship\":3,\"ReserveSite\":1,\"Residential\":1,\"Utility\":2,\"Waterbody\":1}",
        "Short address": "Near Bedok North Road",
        "Full address": "Bedok North Road, Singapore",
        "Address feature type": "street",
        "Address source": "Mapbox Geocoding v6"
      }
    },
    {
      "type": "Feature",
      "id": "UUID_05676f61-e61f-487f-be53-454f2b3268ba:Filter 1+2+3",
      "geometry": {
        "type": "Polygon",
        "coordinates": [
          [
            [
              103.808824900719,
              1.4412377995113
            ],
            [
              103.80880077468,
              1.44119973548832
            ],
            [
              103.808641505451,
              1.44094946468213
            ],
            [
              103.808600131131,
              1.44088445043206
            ],
            [
              103.808880110855,
              1.44070398228024
            ],
            [
              103.808085443511,
              1.43931163517369
            ],
            [
              103.808063380111,
              1.43932546355252
            ],
            [
              103.808030683541,
              1.4393459569726
            ],
            [
              103.808009066746,
              1.43935950500315
            ],
            [
              103.80799904912,
              1.43936578388807
            ],
            [
              103.807990919474,
              1.43936945189618
            ],
            [
              103.807967518098,
              1.43938001098446
            ],
            [
              103.807936603517,
              1.43939395954329
            ],
            [
              103.807910388619,
              1.4394058362573
            ],
            [
              103.807899465221,
              1.43941080651739
            ],
            [
              103.807895493404,
              1.43941250938959
            ],
            [
              103.807892446247,
              1.43941388489251
            ],
            [
              103.807889230153,
              1.43941533545571
            ],
            [
              103.807888100611,
              1.43941584550412
            ],
            [
              103.80788680213,
              1.4394165536063
            ],
            [
              103.807884419936,
              1.43941785405448
            ],
            [
              103.807882358542,
              1.43941897905972
            ],
            [
              103.807879837064,
              1.43942035547289
            ],
            [
              103.807877407243,
              1.43942168124272
            ],
            [
              103.807869686452,
              1.43942589639499
            ],
            [
              103.807865837739,
              1.43942799628416
            ],
            [
              103.807862754634,
              1.43942967927028
            ],
            [
              103.807855675445,
              1.4394335435366
            ],
            [
              103.807850176898,
              1.4394365441534
            ],
            [
              103.807848326672,
              1.43943791243481
            ],
            [
              103.807844301822,
              1.43944097727798
            ],
            [
              103.807838448313,
              1.43944543662933
            ],
            [
              103.807830874874,
              1.43945120457551
            ],
            [
              103.807826825763,
              1.43945428931437
            ],
            [
              103.807823238534,
              1.43945702135661
            ],
            [
              103.80782039445,
              1.43945918727554
            ],
            [
              103.80781541079,
              1.43946298373806
            ],
            [
              103.807813416781,
              1.43946504476038
            ],
            [
              103.807807880462,
              1.43947076841561
            ],
            [
              103.807803107959,
              1.43947570256997
            ],
            [
              103.807794823699,
              1.43948426589607
            ],
            [
              103.807785277794,
              1.43949413510907
            ],
            [
              103.807782591847,
              1.43949787100503
            ],
            [
              103.807779368529,
              1.43950240454371
            ],
            [
              103.807772669384,
              1.43951182793744
            ],
            [
              103.807766445605,
              1.43952058120306
            ],
            [
              103.807759933371,
              1.43952974052467
            ],
            [
              103.807752622225,
              1.43954422201737
            ],
            [
              103.807745071149,
              1.43955917829824
            ],
            [
              103.807740291406,
              1.43956864602737
            ],
            [
              103.807732181294,
              1.43959334229843
            ],
            [
              103.807726685288,
              1.43961008019885
            ],
            [
              103.807723385422,
              1.43962962526885
            ],
            [
              103.807719423246,
              1.43965310160018
            ],
            [
              103.807719259595,
              1.43966263992178
            ],
            [
              103.807719198451,
              1.4396661705568
            ],
            [
              103.80771900243,
              1.43967754383188
            ],
            [
              103.807718800114,
              1.43968932678365
            ],
            [
              103.807718672431,
              1.43969673352053
            ],
            [
              103.807718812534,
              1.43970372606188
            ],
            [
              103.807718924796,
              1.43970936838798
            ],
            [
              103.807719198715,
              1.43972308125715
            ],
            [
              103.807719477125,
              1.43973699127764
            ],
            [
              103.807719788763,
              1.43975260873709
            ],
            [
              103.807720007899,
              1.43976359042742
            ],
            [
              103.807720165963,
              1.43977153616826
            ],
            [
              103.807720217155,
              1.4397740602478
            ],
            [
              103.807720008611,
              1.43978028317173
            ],
            [
              103.807719586186,
              1.43978786083
            ],
            [
              103.807719249144,
              1.43979391554085
            ],
            [
              103.807718789869,
              1.43980216242781
            ],
            [
              103.807717976476,
              1.43981675342178
            ],
            [
              103.807717324863,
              1.43982845407135
            ],
            [
              103.807716651678,
              1.43984054088396
            ],
            [
              103.807716269698,
              1.43984739233867
            ],
            [
              103.807715888617,
              1.43985423927157
            ],
            [
              103.807715540826,
              1.43985727431205
            ],
            [
              103.807714805711,
              1.43986283704456
            ],
            [
              103.80771372281,
              1.43987103418447
            ],
            [
              103.807712679451,
              1.43987894102407
            ],
            [
              103.807710466918,
              1.43989569071825
            ],
            [
              103.807707678335,
              1.43991681029107
            ],
            [
              103.807705608692,
              1.43993247836793
            ],
            [
              103.807704560868,
              1.43993781591034
            ],
            [
              103.807702583849,
              1.43994723302668
            ],
            [
              103.807699067452,
              1.43996398270608
            ],
            [
              103.80769626368,
              1.43997733922112
            ],
            [
              103.80769191334,
              1.43999806266496
            ],
            [
              103.807690692081,
              1.44000388132687
            ],
            [
              103.807689593038,
              1.44000911486688
            ],
            [
              103.807688876823,
              1.44001206760608
            ],
            [
              103.807687687934,
              1.44001615983814
            ],
            [
              103.807684552608,
              1.44002695971336
            ],
            [
              103.807679795252,
              1.44004334220702
            ],
            [
              103.807677257516,
              1.44005208013987
            ],
            [
              103.807674452886,
              1.44006173961627
            ],
            [
              103.807672045452,
              1.44007002898621
            ],
            [
              103.80767071368,
              1.44007461319047
            ],
            [
              103.80766956343,
              1.44007864844805
            ],
            [
              103.807669493338,
              1.44007882298943
            ],
            [
              103.807669186006,
              1.44007987385651
            ],
            [
              103.807667268326,
              1.44008648021125
            ],
            [
              103.807666242995,
              1.44008930362295
            ],
            [
              103.807660549313,
              1.44010450681574
            ],
            [
              103.807657015025,
              1.44011394200165
            ],
            [
              103.807652441029,
              1.44012615628526
            ],
            [
              103.80764549826,
              1.44014469385262
            ],
            [
              103.807639410981,
              1.44016094519837
            ],
            [
              103.807636117543,
              1.44016805165057
            ],
            [
              103.807632749519,
              1.44017531546118
            ],
            [
              103.807628907924,
              1.44018360210171
            ],
            [
              103.807620195814,
              1.44020239467945
            ],
            [
              103.807614587533,
              1.44021449228831
            ],
            [
              103.807609411488,
              1.4402256584075
            ],
            [
              103.807607483951,
              1.4402298157453
            ],
            [
              103.807606151299,
              1.44023268979784
            ],
            [
              103.807605046002,
              1.44023466672422
            ],
            [
              103.807599311939,
              1.44024491942976
            ],
            [
              103.807595081258,
              1.44025248347925
            ],
            [
              103.807595080546,
              1.44031598608588
            ],
            [
              103.807595080494,
              1.44032065802848
            ],
            [
              103.807595079017,
              1.44045225107841
            ],
            [
              103.807595370989,
              1.4404586774898
            ],
            [
              103.807596186849,
              1.44046464087295
            ],
            [
              103.80759754007,
              1.44047050568657
            ],
            [
              103.807599419872,
              1.44047622309491
            ],
            [
              103.807601807383,
              1.44048174607083
            ],
            [
              103.807604882319,
              1.44048738390873
            ],
            [
              103.807760130113,
              1.4407436425326
            ],
            [
              103.807871378256,
              1.44098720248147
            ],
            [
              103.808010183769,
              1.44122587916958
            ],
            [
              103.808240154992,
              1.44160547932646
            ],
            [
              103.808325884483,
              1.44155296297438
            ],
            [
              103.808524126381,
              1.44142710848538
            ],
            [
              103.80874975048,
              1.44128672296099
            ],
            [
              103.808798633627,
              1.44125521455753
            ],
            [
              103.808824900719,
              1.4412377995113
            ]
          ]
        ]
      },
      "properties": {
        "Filter stage": "Filter 1+2+3",
        "Role": "Candidate",
        "UUID": "UUID_05676f61-e61f-487f-be53-454f2b3268ba",
        "Zone": "Business1",
        "Width m": 112.93932660622158,
        "Width diff": 0.2024564671224036,
        "Aspect ratio": 2.0327716567663026,
        "Aspect diff": -0.11562458600348206,
        "Final allowable GFA m²": 52197.8297265379,
        "GFA diff": 0.060995324909919074,
        "KG site area m²": 20879.13189061516,
        "Master Plan GPR": 2.5,
        "Master Plan GPR cap m²": 52197.8297265379,
        "Final GFA basis": "Master Plan GPR cap",
        "Width and aspect match": false,
        "GFA match": true,
        "Non-road context plots": 20,
        "Educational plots": 1,
        "B1-family plots": 1,
        "Business2 plots": 1,
        "Residential plots": 6,
        "Residential share": 0.3,
        "Non-residential plots": 14,
        "Non-residential share": 0.7,
        "Bordering road plots": 4,
        "Road type counts": "{\"Local Collector/Primary Access\":1,\"Local Access\":3}",
        "Context zone counts": "{\"Business1\":1,\"Business2\":1,\"EducationalInstitution\":1,\"OpenSpace\":2,\"Park\":6,\"PlaceOfWorship\":1,\"Residential\":6,\"Utility\":1,\"Waterbody\":1}",
        "Short address": "103a Woodlands Avenue 12",
        "Full address": "103a Woodlands Avenue 12, Woodlands, Singapore 738989",
        "Address feature type": "address",
        "Address source": "Mapbox Geocoding v6"
      }
    },
    {
      "type": "Feature",
      "id": "UUID_75d57266-e8b1-4d36-be50-c74ac9773ca2:Filter 1+2+3",
      "geometry": {
        "type": "Polygon",
        "coordinates": [
          [
            [
              103.813706412022,
              1.44539427265085
            ],
            [
              103.813706555805,
              1.44539336738409
            ],
            [
              103.813708602925,
              1.44538049288104
            ],
            [
              103.813710650045,
              1.44536761928235
            ],
            [
              103.813723264362,
              1.44528829856093
            ],
            [
              103.813731327928,
              1.44523759096129
            ],
            [
              103.813740220046,
              1.4451816760429
            ],
            [
              103.813740304515,
              1.44518158470291
            ],
            [
              103.813742683239,
              1.44516618521936
            ],
            [
              103.813744047386,
              1.44515760282019
            ],
            [
              103.813751221289,
              1.44511249141494
            ],
            [
              103.813753824671,
              1.44509612426422
            ],
            [
              103.813734061156,
              1.44506413041992
            ],
            [
              103.813681125448,
              1.44497514057671
            ],
            [
              103.813649897785,
              1.44492264380358
            ],
            [
              103.813519583051,
              1.44470357232639
            ],
            [
              103.813492817773,
              1.44465857819106
            ],
            [
              103.813356247116,
              1.44442899070885
            ],
            [
              103.813339950367,
              1.44440159286782
            ],
            [
              103.813264930151,
              1.44427547778688
            ],
            [
              103.813243400042,
              1.44423928405776
            ],
            [
              103.813178261581,
              1.44412977950898
            ],
            [
              103.813161244171,
              1.44410117162165
            ],
            [
              103.813123345434,
              1.44403745976792
            ],
            [
              103.812978741488,
              1.44409866218419
            ],
            [
              103.812759093565,
              1.44418112188076
            ],
            [
              103.812564499475,
              1.44426182279888
            ],
            [
              103.812367631059,
              1.44433809681884
            ],
            [
              103.812306761529,
              1.44436463932601
            ],
            [
              103.812223285795,
              1.44440760486413
            ],
            [
              103.812180611032,
              1.44444049164879
            ],
            [
              103.812131110452,
              1.4444796582697
            ],
            [
              103.812087144298,
              1.44452348874486
            ],
            [
              103.812077349454,
              1.44453602946334
            ],
            [
              103.812064823745,
              1.44455101465097
            ],
            [
              103.81203969939,
              1.44459697869635
            ],
            [
              103.812025064555,
              1.44462423426977
            ],
            [
              103.812009164303,
              1.44467163362688
            ],
            [
              103.812007646519,
              1.44467707064675
            ],
            [
              103.812006527657,
              1.44468850088826
            ],
            [
              103.812010938412,
              1.44473863704147
            ],
            [
              103.812014588151,
              1.44477825996014
            ],
            [
              103.812020102289,
              1.44483881258412
            ],
            [
              103.812024120407,
              1.44488354425643
            ],
            [
              103.812030244623,
              1.44495172971522
            ],
            [
              103.812032903302,
              1.44498133227531
            ],
            [
              103.812037526114,
              1.4450328032711
            ],
            [
              103.812042703306,
              1.44509044203208
            ],
            [
              103.812093364318,
              1.44511285354464
            ],
            [
              103.812137040549,
              1.44513217568432
            ],
            [
              103.812159353572,
              1.4451420479272
            ],
            [
              103.812178942953,
              1.44515072547999
            ],
            [
              103.812219828136,
              1.44517010637555
            ],
            [
              103.812241291082,
              1.44518028066714
            ],
            [
              103.812253167815,
              1.44518591044174
            ],
            [
              103.812257493651,
              1.44518810446831
            ],
            [
              103.812267224531,
              1.44519355063698
            ],
            [
              103.812279384312,
              1.44520035699117
            ],
            [
              103.812294151815,
              1.44520862301253
            ],
            [
              103.812305799397,
              1.44521514267853
            ],
            [
              103.812317606031,
              1.44522175097361
            ],
            [
              103.812331320363,
              1.44523128399836
            ],
            [
              103.812351202642,
              1.44524510376405
            ],
            [
              103.812375028847,
              1.44526166469236
            ],
            [
              103.812385181141,
              1.44527033672953
            ],
            [
              103.812398270933,
              1.44528151749865
            ],
            [
              103.812403719097,
              1.4452861705001
            ],
            [
              103.812418121732,
              1.44529847269219
            ],
            [
              103.81242875028,
              1.44530755079286
            ],
            [
              103.812437776639,
              1.44531526057647
            ],
            [
              103.812445085778,
              1.44532258418087
            ],
            [
              103.812452912504,
              1.44533051733113
            ],
            [
              103.812456055775,
              1.44533370885949
            ],
            [
              103.812460180307,
              1.44533789519692
            ],
            [
              103.812474639533,
              1.44535257315245
            ],
            [
              103.812488365508,
              1.44536657554148
            ],
            [
              103.812493098387,
              1.4453714057914
            ],
            [
              103.812498826892,
              1.44537846440248
            ],
            [
              103.812507376069,
              1.44538899850906
            ],
            [
              103.812517117674,
              1.44540100312186
            ],
            [
              103.812547722722,
              1.44543871627203
            ],
            [
              103.81256009446,
              1.44545823255328
            ],
            [
              103.812571368124,
              1.4454760160636
            ],
            [
              103.812577323955,
              1.44548541245658
            ],
            [
              103.812583650003,
              1.44549539035879
            ],
            [
              103.812599262043,
              1.44552001813287
            ],
            [
              103.812600586553,
              1.44552282257668
            ],
            [
              103.812604528633,
              1.44553117079364
            ],
            [
              103.812606925151,
              1.44553624429567
            ],
            [
              103.812686763994,
              1.44552586926347
            ],
            [
              103.812704846528,
              1.44552353617065
            ],
            [
              103.812782602414,
              1.44551350115674
            ],
            [
              103.81281833885,
              1.44550888832296
            ],
            [
              103.812875892403,
              1.44550146040247
            ],
            [
              103.812911894825,
              1.44549681410814
            ],
            [
              103.812968407798,
              1.44548952092603
            ],
            [
              103.812991075889,
              1.44548659551409
            ],
            [
              103.813020496961,
              1.44548279835616
            ],
            [
              103.813315071613,
              1.44544478063636
            ],
            [
              103.813316563289,
              1.44544458530706
            ],
            [
              103.813352183804,
              1.44543998783793
            ],
            [
              103.813394106202,
              1.44543457740101
            ],
            [
              103.813424121248,
              1.44543070337214
            ],
            [
              103.813598154057,
              1.44540824322078
            ],
            [
              103.813681335684,
              1.44539750734142
            ],
            [
              103.81369085186,
              1.44539627929842
            ],
            [
              103.813706412022,
              1.44539427265085
            ]
          ]
        ]
      },
      "properties": {
        "Filter stage": "Filter 1+2+3",
        "Role": "Candidate",
        "UUID": "UUID_75d57266-e8b1-4d36-be50-c74ac9773ca2",
        "Zone": "Business1",
        "Width m": 163.63753605994862,
        "Width diff": 0.7422364681287312,
        "Aspect ratio": 1.0796048730530423,
        "Aspect diff": -0.5303082845626728,
        "Final allowable GFA m²": 54117.52338547845,
        "GFA diff": 0.10001583607035953,
        "KG site area m²": 21647.00935419138,
        "Master Plan GPR": 2.5,
        "Master Plan GPR cap m²": 54117.52338547845,
        "Final GFA basis": "Master Plan GPR cap",
        "Width and aspect match": false,
        "GFA match": true,
        "Non-road context plots": 15,
        "Educational plots": 1,
        "B1-family plots": 4,
        "Business2 plots": 0,
        "Residential plots": 4,
        "Residential share": 0.26666666666666666,
        "Non-residential plots": 11,
        "Non-residential share": 0.7333333333333333,
        "Bordering road plots": 2,
        "Road type counts": "{\"Local Collector/Primary Access\":1,\"Major Arterials/Minor Arterials\":1}",
        "Context zone counts": "{\"Business1\":4,\"EducationalInstitution\":1,\"Park\":3,\"PlaceOfWorship\":1,\"Residential\":4,\"Utility\":1,\"Waterbody\":1}",
        "Short address": "7 Gambas Crescent",
        "Full address": "7 Gambas Crescent, Sembawang, Singapore 757087",
        "Address feature type": "address",
        "Address source": "Mapbox Geocoding v6"
      }
    },
    {
      "type": "Feature",
      "id": "UUID_9d0d196d-5ed3-4ea8-a267-09a5558f9dc1:Filter 1+2+3",
      "geometry": {
        "type": "Polygon",
        "coordinates": [
          [
            [
              103.808324702726,
              1.29041782585051
            ],
            [
              103.808909127919,
              1.28991652316981
            ],
            [
              103.808898370603,
              1.28991424497099
            ],
            [
              103.808637337051,
              1.28983076413885
            ],
            [
              103.808386025988,
              1.28972108935419
            ],
            [
              103.808356823556,
              1.2897046269137
            ],
            [
              103.808329534108,
              1.28968925786882
            ],
            [
              103.808147000947,
              1.28958643792051
            ],
            [
              103.807922769748,
              1.28942813566527
            ],
            [
              103.807856678122,
              1.28937060564324
            ],
            [
              103.807032102992,
              1.29007701371812
            ],
            [
              103.807198192779,
              1.29027320110046
            ],
            [
              103.807387410773,
              1.29049671861319
            ],
            [
              103.807404730853,
              1.29051715924363
            ],
            [
              103.807696287974,
              1.29086155156017
            ],
            [
              103.807742631512,
              1.29091631855211
            ],
            [
              103.808324702726,
              1.29041782585051
            ]
          ]
        ]
      },
      "properties": {
        "Filter stage": "Filter 1+2+3",
        "Role": "Candidate",
        "UUID": "UUID_9d0d196d-5ed3-4ea8-a267-09a5558f9dc1",
        "Zone": "Business1",
        "Width m": 121.98288018777384,
        "Width diff": 0.2987424980088888,
        "Aspect ratio": 1.397859827652515,
        "Aspect diff": -0.3918486320515352,
        "Final allowable GFA m²": 43075.07796649177,
        "GFA diff": -0.12443761393890969,
        "KG site area m²": 17230.03118659671,
        "Master Plan GPR": 2.5,
        "Master Plan GPR cap m²": 43075.07796649177,
        "Final GFA basis": "Master Plan GPR cap",
        "Width and aspect match": false,
        "GFA match": true,
        "Non-road context plots": 22,
        "Educational plots": 0,
        "B1-family plots": 15,
        "Business2 plots": 0,
        "Residential plots": 1,
        "Residential share": 0.045454545454545456,
        "Non-residential plots": 21,
        "Non-residential share": 0.9545454545454546,
        "Bordering road plots": 1,
        "Road type counts": "{\"Major Arterials/Minor Arterials\":1}",
        "Context zone counts": "{\"Business1\":15,\"Commercial\":1,\"CommercialAndResidential\":1,\"HotelZone\":1,\"OpenSpace\":1,\"Park\":2,\"PlaceOfWorship\":1}",
        "Short address": "301 Alexandra Road",
        "Full address": "301 Alexandra Road, Bukit Merah, Singapore 159968",
        "Address feature type": "address",
        "Address source": "Mapbox Geocoding v6"
      }
    },
    {
      "type": "Feature",
      "id": "UUID_83a14e3e-85cf-44f0-8230-7c61f024f896:Filter 1+2+3",
      "geometry": {
        "type": "Polygon",
        "coordinates": [
          [
            [
              103.753959470959,
              1.34320190109605
            ],
            [
              103.753558781338,
              1.34343279279564
            ],
            [
              103.753089623859,
              1.34369802446505
            ],
            [
              103.752712055466,
              1.3439124682136
            ],
            [
              103.752125142107,
              1.34424165597844
            ],
            [
              103.752103231284,
              1.34425183385704
            ],
            [
              103.752104946506,
              1.34425572086904
            ],
            [
              103.752082238599,
              1.34426771920461
            ],
            [
              103.752150804634,
              1.34438820804858
            ],
            [
              103.7521777014,
              1.34441032335061
            ],
            [
              103.75219133938,
              1.34442138055568
            ],
            [
              103.752211038072,
              1.34443472690752
            ],
            [
              103.752232252573,
              1.3444499788039
            ],
            [
              103.752247027319,
              1.3444583672698
            ],
            [
              103.752274303494,
              1.34447400100984
            ],
            [
              103.75231900547,
              1.34448887295304
            ],
            [
              103.752371664435,
              1.34449650030442
            ],
            [
              103.75238227195,
              1.34449611901693
            ],
            [
              103.752403259631,
              1.34449573898004
            ],
            [
              103.75242788381,
              1.34449459578139
            ],
            [
              103.752460843083,
              1.34449192810332
            ],
            [
              103.752467662281,
              1.34449116595213
            ],
            [
              103.752497211593,
              1.34448621012009
            ],
            [
              103.752519563413,
              1.34448201642644
            ],
            [
              103.752622608568,
              1.34445227986033
            ],
            [
              103.752709742766,
              1.34442711703202
            ],
            [
              103.752812939798,
              1.34439661808408
            ],
            [
              103.752956521199,
              1.34435430043763
            ],
            [
              103.753133440347,
              1.34430359500781
            ],
            [
              103.753246335577,
              1.34427156979554
            ],
            [
              103.753438788332,
              1.34421438418577
            ],
            [
              103.753645030491,
              1.34415376604879
            ],
            [
              103.753783686822,
              1.34411259220983
            ],
            [
              103.754016978539,
              1.34404511171117
            ],
            [
              103.754179123413,
              1.34399783777941
            ],
            [
              103.75427719856,
              1.34396920520637
            ],
            [
              103.754266247826,
              1.34394075085723
            ],
            [
              103.754252259296,
              1.34390501176015
            ],
            [
              103.754171802698,
              1.34377912895735
            ],
            [
              103.754138346762,
              1.34369093161336
            ],
            [
              103.75411922953,
              1.34361877000813
            ],
            [
              103.754098415251,
              1.34345265762885
            ],
            [
              103.754081875568,
              1.34342144478762
            ],
            [
              103.754037830711,
              1.34334260183409
            ],
            [
              103.753968722903,
              1.3432181672824
            ],
            [
              103.753961906825,
              1.34320589484539
            ],
            [
              103.753959470959,
              1.34320190109605
            ]
          ]
        ]
      },
      "properties": {
        "Filter stage": "Filter 1+2+3",
        "Role": "Candidate",
        "UUID": "UUID_83a14e3e-85cf-44f0-8230-7c61f024f896",
        "Zone": "Business1",
        "Width m": 91.28811896793195,
        "Width diff": -0.02806230280478632,
        "Aspect ratio": 2.6277713399411917,
        "Aspect diff": 0.14323532547947526,
        "Final allowable GFA m²": 37824.24029146119,
        "GFA diff": -0.23116837754067504,
        "KG site area m²": 15129.696116584475,
        "Master Plan GPR": 2.5,
        "Master Plan GPR cap m²": 37824.24029146119,
        "Final GFA basis": "Master Plan GPR cap",
        "Width and aspect match": true,
        "GFA match": false,
        "Non-road context plots": 22,
        "Educational plots": 0,
        "B1-family plots": 10,
        "Business2 plots": 0,
        "Residential plots": 1,
        "Residential share": 0.045454545454545456,
        "Non-residential plots": 21,
        "Non-residential share": 0.9545454545454546,
        "Bordering road plots": 1,
        "Road type counts": "{\"Local Collector/Primary Access\":1}",
        "Context zone counts": "{\"Business1\":10,\"Cemetery\":1,\"CivicAndCommunityInstitutionZone\":2,\"Park\":1,\"PlaceOfWorship\":2,\"Residential\":1,\"TransportFacilities\":2,\"Utility\":1,\"Waterbody\":2}",
        "Short address": "2 Bukit Batok Street 23",
        "Full address": "2 Bukit Batok Street 23, Bukit Batok, Singapore 659554",
        "Address feature type": "address",
        "Address source": "Mapbox Geocoding v6"
      }
    },
    {
      "type": "Feature",
      "id": "UUID_5171e36e-b196-41b4-921c-7da86c74e88f:Filter 1+2+3",
      "geometry": {
        "type": "Polygon",
        "coordinates": [
          [
            [
              103.823470001692,
              1.28026594511989
            ],
            [
              103.823473162941,
              1.28021560184955
            ],
            [
              103.82349671362,
              1.28021658769837
            ],
            [
              103.823496515924,
              1.28022112760954
            ],
            [
              103.82351214779,
              1.28022146047614
            ],
            [
              103.823512174746,
              1.28022146138061
            ],
            [
              103.823514011358,
              1.28022150027538
            ],
            [
              103.823514342918,
              1.28022150751158
            ],
            [
              103.823514002425,
              1.27997130590833
            ],
            [
              103.823514051241,
              1.27989382353857
            ],
            [
              103.823514087404,
              1.27983568282153
            ],
            [
              103.823514088311,
              1.27983328625445
            ],
            [
              103.82351411091,
              1.27979783786224
            ],
            [
              103.823514110911,
              1.2797973902016
            ],
            [
              103.823514110912,
              1.2797973151393
            ],
            [
              103.82351416672,
              1.27977118532349
            ],
            [
              103.823514190125,
              1.27976004716506
            ],
            [
              103.823514189227,
              1.27975973696789
            ],
            [
              103.823514186535,
              1.27975901618902
            ],
            [
              103.823514155093,
              1.27975699764638
            ],
            [
              103.823485238334,
              1.27976041060807
            ],
            [
              103.823442982775,
              1.27976488976396
            ],
            [
              103.823408263257,
              1.27976823397054
            ],
            [
              103.8233596155,
              1.2797724101379
            ],
            [
              103.823315615884,
              1.27977567834022
            ],
            [
              103.823311772836,
              1.27977594059094
            ],
            [
              103.82330526113,
              1.27977637646923
            ],
            [
              103.823216369514,
              1.27978127772725
            ],
            [
              103.823127392507,
              1.27978421643547
            ],
            [
              103.823038372874,
              1.27978519115457
            ],
            [
              103.822999698904,
              1.27978500289016
            ],
            [
              103.822920874672,
              1.27978347328827
            ],
            [
              103.822744491718,
              1.27977445333013
            ],
            [
              103.822633576239,
              1.27976480781495
            ],
            [
              103.822604611883,
              1.27976165779014
            ],
            [
              103.822522887203,
              1.27975270151892
            ],
            [
              103.822511128942,
              1.27975140370535
            ],
            [
              103.822482636318,
              1.27974825458551
            ],
            [
              103.822371001125,
              1.27973579738528
            ],
            [
              103.82228990183,
              1.27972662858354
            ],
            [
              103.822218876039,
              1.2797185188345
            ],
            [
              103.822215171369,
              1.27971809376682
            ],
            [
              103.822213159441,
              1.27974167055176
            ],
            [
              103.822213923198,
              1.27974179354874
            ],
            [
              103.822213877368,
              1.27974266445197
            ],
            [
              103.822208382136,
              1.27989893507036
            ],
            [
              103.822200352771,
              1.28011410967831
            ],
            [
              103.822104036698,
              1.28011091775185
            ],
            [
              103.82208891815,
              1.28046540522265
            ],
            [
              103.82238262416,
              1.28047734773661
            ],
            [
              103.822699206952,
              1.28049022542567
            ],
            [
              103.822701438021,
              1.28049031677584
            ],
            [
              103.823059081308,
              1.28050486495326
            ],
            [
              103.8231764133,
              1.2805096377575
            ],
            [
              103.823177877019,
              1.28050969745142
            ],
            [
              103.823249627975,
              1.28051261612208
            ],
            [
              103.823249821161,
              1.28051262335776
            ],
            [
              103.823323069082,
              1.2805156035291
            ],
            [
              103.823323865186,
              1.28051563608936
            ],
            [
              103.823324629842,
              1.28051566684077
            ],
            [
              103.823433868704,
              1.28052011041253
            ],
            [
              103.823467195608,
              1.28048785184483
            ],
            [
              103.823514584685,
              1.28044197359508
            ],
            [
              103.823514315788,
              1.28026726837695
            ],
            [
              103.823492148856,
              1.2802666216705
            ],
            [
              103.823491800223,
              1.28026661172114
            ],
            [
              103.823470421309,
              1.28026598762667
            ],
            [
              103.823469999895,
              1.28026597496393
            ],
            [
              103.823470001692,
              1.28026594511989
            ]
          ]
        ]
      },
      "properties": {
        "Filter stage": "Filter 1+2+3",
        "Role": "Candidate",
        "UUID": "UUID_5171e36e-b196-41b4-921c-7da86c74e88f",
        "Zone": "Business1",
        "Width m": 84.60949472740685,
        "Width diff": -0.09916910989156999,
        "Aspect ratio": 1.873523168712713,
        "Aspect diff": -0.18490705906528745,
        "Final allowable GFA m²": 30695.381296848533,
        "GFA diff": -0.37607260257937625,
        "KG site area m²": 12278.152518739413,
        "Master Plan GPR": 2.5,
        "Master Plan GPR cap m²": 30695.381296848533,
        "Final GFA basis": "Master Plan GPR cap",
        "Width and aspect match": true,
        "GFA match": false,
        "Non-road context plots": 11,
        "Educational plots": 0,
        "B1-family plots": 7,
        "Business2 plots": 0,
        "Residential plots": 1,
        "Residential share": 0.09090909090909091,
        "Non-residential plots": 10,
        "Non-residential share": 0.9090909090909091,
        "Bordering road plots": 2,
        "Road type counts": "{\"Slip Road\":1,\"Local Collector/Primary Access\":1}",
        "Context zone counts": "{\"Business1\":7,\"CivicAndCommunityInstitutionZone\":1,\"Park\":2,\"Residential\":1}",
        "Short address": "120 Lower Delta Road",
        "Full address": "120 Lower Delta Road, Bukit Merah, Singapore 169208",
        "Address feature type": "address",
        "Address source": "Mapbox Geocoding v6"
      }
    },
    {
      "type": "Feature",
      "id": "UUID_3e963d0e-2236-4fef-8ce9-8a7675f51635:Filter 1+2+3",
      "geometry": {
        "type": "Polygon",
        "coordinates": [
          [
            [
              103.842283494081,
              1.35157484358946
            ],
            [
              103.842105603823,
              1.3511223816818
            ],
            [
              103.842065994787,
              1.35102167180382
            ],
            [
              103.842053145156,
              1.3509726191242
            ],
            [
              103.842049522957,
              1.35094750493737
            ],
            [
              103.842052515974,
              1.35092005746645
            ],
            [
              103.842080245453,
              1.3508680202375
            ],
            [
              103.842063235447,
              1.35081148847918
            ],
            [
              103.841714348745,
              1.35062925304942
            ],
            [
              103.841628574755,
              1.3505908738116
            ],
            [
              103.841541580518,
              1.35055538555812
            ],
            [
              103.841453462234,
              1.35052282743098
            ],
            [
              103.841325677445,
              1.35048788321585
            ],
            [
              103.841285221531,
              1.35048202057321
            ],
            [
              103.841244403816,
              1.35047987936897
            ],
            [
              103.841203561543,
              1.35048147729788
            ],
            [
              103.841163032159,
              1.35048680115754
            ],
            [
              103.841123150526,
              1.35049580696114
            ],
            [
              103.841084246158,
              1.35050842030999
            ],
            [
              103.840917252008,
              1.35058187422299
            ],
            [
              103.840916209676,
              1.3505823716267
            ],
            [
              103.84117138457,
              1.35086514747971
            ],
            [
              103.841286742514,
              1.35098293152468
            ],
            [
              103.841378009004,
              1.35107610788849
            ],
            [
              103.841605328358,
              1.35130695518171
            ],
            [
              103.841762309751,
              1.35146710853313
            ],
            [
              103.841874261831,
              1.35173761257955
            ],
            [
              103.841883597894,
              1.35173389560875
            ],
            [
              103.842283494081,
              1.35157484358946
            ]
          ]
        ]
      },
      "properties": {
        "Filter stage": "Filter 1+2+3",
        "Role": "Candidate",
        "UUID": "UUID_3e963d0e-2236-4fef-8ce9-8a7675f51635",
        "Zone": "Business1",
        "Width m": 81.76608960692829,
        "Width diff": -0.12944262912096532,
        "Aspect ratio": 2.222873311269016,
        "Aspect diff": -0.03291916808669317,
        "Final allowable GFA m²": 23883.448467227026,
        "GFA diff": -0.5145348513681284,
        "KG site area m²": 9553.37938689081,
        "Master Plan GPR": 2.5,
        "Master Plan GPR cap m²": 23883.448467227026,
        "Final GFA basis": "Master Plan GPR cap",
        "Width and aspect match": true,
        "GFA match": false,
        "Non-road context plots": 11,
        "Educational plots": 0,
        "B1-family plots": 9,
        "Business2 plots": 0,
        "Residential plots": 2,
        "Residential share": 0.18181818181818182,
        "Non-residential plots": 9,
        "Non-residential share": 0.8181818181818182,
        "Bordering road plots": 1,
        "Road type counts": "{\"Local Access\":1}",
        "Context zone counts": "{\"Business1\":9,\"Residential\":2}",
        "Short address": "49 Jalan Pemimpin",
        "Full address": "49 Jalan Pemimpin, Bishan, Singapore 577203",
        "Address feature type": "address",
        "Address source": "Mapbox Geocoding v6"
      }
    },
    {
      "type": "Feature",
      "id": "UUID_9fc7c32d-3c2b-442d-ada6-eb7326165303:Filter 1+2+3",
      "geometry": {
        "type": "Polygon",
        "coordinates": [
          [
            [
              103.80587928892,
              1.43582473234748
            ],
            [
              103.805797843155,
              1.43573042160522
            ],
            [
              103.805797753294,
              1.43573050299685
            ],
            [
              103.805791437898,
              1.43573615519325
            ],
            [
              103.805760214968,
              1.43576409784326
            ],
            [
              103.805677127247,
              1.4358384572318
            ],
            [
              103.805536983483,
              1.43596387810115
            ],
            [
              103.805383224935,
              1.43610148238125
            ],
            [
              103.805260697399,
              1.43621113767761
            ],
            [
              103.805153837937,
              1.4363067710029
            ],
            [
              103.805153552181,
              1.43630702693428
            ],
            [
              103.805519838455,
              1.43698990740651
            ],
            [
              103.805584266333,
              1.43710981777247
            ],
            [
              103.805585857723,
              1.43711174589526
            ],
            [
              103.805592104671,
              1.43711931278234
            ],
            [
              103.805606709337,
              1.4371370032183
            ],
            [
              103.805627925776,
              1.43716270549252
            ],
            [
              103.805642508877,
              1.43718037151016
            ],
            [
              103.80567213785,
              1.43721626244756
            ],
            [
              103.805689740191,
              1.43723758484399
            ],
            [
              103.805698305483,
              1.43724795890381
            ],
            [
              103.805699877092,
              1.43725088453938
            ],
            [
              103.805716036183,
              1.43728094759278
            ],
            [
              103.805740919547,
              1.43732724588851
            ],
            [
              103.805764257363,
              1.43737066467134
            ],
            [
              103.805778314685,
              1.4373968199434
            ],
            [
              103.805784433016,
              1.4374143800468
            ],
            [
              103.805794150099,
              1.43744227435739
            ],
            [
              103.805800513738,
              1.43746054077175
            ],
            [
              103.805806948363,
              1.43747900976442
            ],
            [
              103.805814317496,
              1.43750016291973
            ],
            [
              103.805827737568,
              1.43753868354804
            ],
            [
              103.805839590542,
              1.43757270494808
            ],
            [
              103.805844271169,
              1.43758614204
            ],
            [
              103.805850593474,
              1.4376042863646
            ],
            [
              103.805851763406,
              1.43760764608976
            ],
            [
              103.805879978697,
              1.43766016282882
            ],
            [
              103.80588041542,
              1.43765977214901
            ],
            [
              103.805996386778,
              1.43755598425396
            ],
            [
              103.806184042588,
              1.43738804165332
            ],
            [
              103.806341801768,
              1.43724685428005
            ],
            [
              103.806558289278,
              1.43705310778118
            ],
            [
              103.806682154822,
              1.43694225414914
            ],
            [
              103.80677048142,
              1.43686320656473
            ],
            [
              103.806773677758,
              1.43686034519549
            ],
            [
              103.806739896398,
              1.43682127086337
            ],
            [
              103.806729411722,
              1.43680913598881
            ],
            [
              103.806699377458,
              1.4367743628536
            ],
            [
              103.806645774242,
              1.43671229303247
            ],
            [
              103.806476597901,
              1.43651639320595
            ],
            [
              103.806410684103,
              1.43644006774921
            ],
            [
              103.806295745395,
              1.43630697299119
            ],
            [
              103.806158561373,
              1.43614811987538
            ],
            [
              103.806012976516,
              1.43597953750604
            ],
            [
              103.80587928892,
              1.43582473234748
            ]
          ]
        ]
      },
      "properties": {
        "Filter stage": "Filter 1+2+3",
        "Role": "Candidate",
        "UUID": "UUID_9fc7c32d-3c2b-442d-ada6-eb7326165303",
        "Zone": "Business1",
        "Width m": 133.08132309135544,
        "Width diff": 0.41690678006566945,
        "Aspect ratio": 1.2552183780806874,
        "Aspect diff": -0.45390606511257237,
        "Final allowable GFA m²": 47345.77213563754,
        "GFA diff": -0.037629664809177746,
        "KG site area m²": 18938.308854255018,
        "Master Plan GPR": 2.5,
        "Master Plan GPR cap m²": 47345.77213563754,
        "Final GFA basis": "Master Plan GPR cap",
        "Width and aspect match": false,
        "GFA match": true,
        "Non-road context plots": 11,
        "Educational plots": 1,
        "B1-family plots": 3,
        "Business2 plots": 1,
        "Residential plots": 1,
        "Residential share": 0.09090909090909091,
        "Non-residential plots": 10,
        "Non-residential share": 0.9090909090909091,
        "Bordering road plots": 2,
        "Road type counts": "{\"Local Collector/Primary Access\":1,\"Local Access\":1}",
        "Context zone counts": "{\"Business1\":3,\"Business2\":1,\"CivicAndCommunityInstitutionZone\":1,\"EducationalInstitution\":1,\"HealthAndMedicalCare\":1,\"Park\":3,\"Residential\":1}",
        "Short address": "31 Woodlands Close",
        "Full address": "31 Woodlands Close, Woodlands, Singapore 737855",
        "Address feature type": "address",
        "Address source": "Mapbox Geocoding v6"
      }
    },
    {
      "type": "Feature",
      "id": "UUID_6dbebc22-19c0-4374-9d1a-93a350eca99e:Filter 1+2+3",
      "geometry": {
        "type": "Polygon",
        "coordinates": [
          [
            [
              103.809912612958,
              1.29096321734588
            ],
            [
              103.809760673958,
              1.28999603215167
            ],
            [
              103.809712744816,
              1.29000083659457
            ],
            [
              103.809438812795,
              1.28999977410532
            ],
            [
              103.809202663769,
              1.28997465493937
            ],
            [
              103.809166441804,
              1.28997078662523
            ],
            [
              103.808909127919,
              1.28991652316981
            ],
            [
              103.808324702726,
              1.29041782585051
            ],
            [
              103.808925740286,
              1.29112786931951
            ],
            [
              103.809257604859,
              1.29104967479384
            ],
            [
              103.809525957491,
              1.29100306366241
            ],
            [
              103.809912612958,
              1.29096321734588
            ]
          ]
        ]
      },
      "properties": {
        "Filter stage": "Filter 1+2+3",
        "Role": "Candidate",
        "UUID": "UUID_6dbebc22-19c0-4374-9d1a-93a350eca99e",
        "Zone": "Business1",
        "Width m": 132.4435202194727,
        "Width diff": 0.4101161411350988,
        "Aspect ratio": 1.2479821388714998,
        "Aspect diff": -0.4570542554295228,
        "Final allowable GFA m²": 41193.03681736154,
        "GFA diff": -0.1626927841438129,
        "KG site area m²": 16477.214726944618,
        "Master Plan GPR": 2.5,
        "Master Plan GPR cap m²": 41193.03681736154,
        "Final GFA basis": "Master Plan GPR cap",
        "Width and aspect match": false,
        "GFA match": true,
        "Non-road context plots": 22,
        "Educational plots": 0,
        "B1-family plots": 18,
        "Business2 plots": 0,
        "Residential plots": 1,
        "Residential share": 0.045454545454545456,
        "Non-residential plots": 21,
        "Non-residential share": 0.9545454545454546,
        "Bordering road plots": 1,
        "Road type counts": "{\"Local Collector/Primary Access\":1}",
        "Context zone counts": "{\"Business1\":18,\"OpenSpace\":1,\"PlaceOfWorship\":1,\"ReserveSite\":1,\"Residential\":1}",
        "Short address": "45 Leng Kee Road",
        "Full address": "45 Leng Kee Road, Bukit Merah, Singapore 159103",
        "Address feature type": "address",
        "Address source": "Mapbox Geocoding v6"
      }
    },
    {
      "type": "Feature",
      "id": "UUID_6bf7ed63-8da9-4e3b-bdf6-c3ed43982dcd:Filter 1+2+3",
      "geometry": {
        "type": "Polygon",
        "coordinates": [
          [
            [
              103.723588992379,
              1.32640056016175
            ],
            [
              103.723591135136,
              1.326101166383
            ],
            [
              103.724037886122,
              1.32611080326924
            ],
            [
              103.724124343026,
              1.32572209472501
            ],
            [
              103.724054286527,
              1.32572097201329
            ],
            [
              103.723941919016,
              1.3257191727641
            ],
            [
              103.722979269818,
              1.32570375922592
            ],
            [
              103.722979167166,
              1.32570865453785
            ],
            [
              103.722877967912,
              1.32580499177957
            ],
            [
              103.722868200184,
              1.32581540960193
            ],
            [
              103.722859663427,
              1.32582686749689
            ],
            [
              103.722852474459,
              1.32583922077164
            ],
            [
              103.722846723143,
              1.32585230664487
            ],
            [
              103.722842463398,
              1.32586597137735
            ],
            [
              103.722839758131,
              1.3258800250557
            ],
            [
              103.722839264546,
              1.32588634743473
            ],
            [
              103.722836406564,
              1.32600085593097
            ],
            [
              103.722830638248,
              1.32627567438081
            ],
            [
              103.722882495805,
              1.32633010760133
            ],
            [
              103.722937951978,
              1.32638657579903
            ],
            [
              103.723588992379,
              1.32640056016175
            ]
          ]
        ]
      },
      "properties": {
        "Filter stage": "Filter 1+2+3",
        "Role": "Candidate",
        "UUID": "UUID_6bf7ed63-8da9-4e3b-bdf6-c3ed43982dcd",
        "Zone": "Business1",
        "Width m": 75.95969619312382,
        "Width diff": -0.19126286057523625,
        "Aspect ratio": 1.8823747933525996,
        "Aspect diff": -0.18105608092940845,
        "Final allowable GFA m²": 21425.575312218243,
        "GFA diff": -0.5644946282467461,
        "KG site area m²": 8570.230124887297,
        "Master Plan GPR": 2.5,
        "Master Plan GPR cap m²": 21425.575312218243,
        "Final GFA basis": "Master Plan GPR cap",
        "Width and aspect match": true,
        "GFA match": false,
        "Non-road context plots": 16,
        "Educational plots": 0,
        "B1-family plots": 2,
        "Business2 plots": 4,
        "Residential plots": 7,
        "Residential share": 0.4375,
        "Non-residential plots": 9,
        "Non-residential share": 0.5625,
        "Bordering road plots": 2,
        "Road type counts": "{\"Local Collector/Primary Access\":1,\"no category\":1}",
        "Context zone counts": "{\"Business1\":2,\"Business2\":4,\"CommercialAndResidential\":4,\"PlaceOfWorship\":1,\"ReserveSite\":1,\"Residential\":3,\"Waterbody\":1}",
        "Short address": "18 Yung Ho Road",
        "Full address": "18 Yung Ho Road, Jurong West, Singapore 618591",
        "Address feature type": "address",
        "Address source": "Mapbox Geocoding v6"
      }
    },
    {
      "type": "Feature",
      "id": "UUID_7f6c9673-0c8a-4056-8b1e-aed0620eecf2:Filter 1+2+3",
      "geometry": {
        "type": "Polygon",
        "coordinates": [
          [
            [
              103.747418182468,
              1.33157794587938
            ],
            [
              103.747394279347,
              1.33157080961256
            ],
            [
              103.747370638207,
              1.33157515424994
            ],
            [
              103.747349121036,
              1.33158571646105
            ],
            [
              103.74732800796,
              1.3316036257356
            ],
            [
              103.747316370946,
              1.3316244681937
            ],
            [
              103.747309807125,
              1.33164675962029
            ],
            [
              103.747309982217,
              1.33167632688826
            ],
            [
              103.747315421745,
              1.33173758233541
            ],
            [
              103.747323037608,
              1.33179784848524
            ],
            [
              103.747328846294,
              1.3318374489602
            ],
            [
              103.74732888065,
              1.33185730154997
            ],
            [
              103.747320561886,
              1.33188142967725
            ],
            [
              103.747317599267,
              1.33188378091842
            ],
            [
              103.747333113002,
              1.33193053796291
            ],
            [
              103.747340235284,
              1.33194691714119
            ],
            [
              103.747353839227,
              1.33197820317134
            ],
            [
              103.747378744705,
              1.3320237948207
            ],
            [
              103.747395073309,
              1.33204818698297
            ],
            [
              103.747407629972,
              1.33206694482792
            ],
            [
              103.747464690092,
              1.33214335379245
            ],
            [
              103.747485275044,
              1.33217092041952
            ],
            [
              103.747507019079,
              1.33220007786255
            ],
            [
              103.747644687656,
              1.33243453893459
            ],
            [
              103.747680484304,
              1.33248685761864
            ],
            [
              103.747712030944,
              1.33253459916966
            ],
            [
              103.747742921605,
              1.33258335539331
            ],
            [
              103.747772985558,
              1.33263317783235
            ],
            [
              103.747801989182,
              1.33268403120848
            ],
            [
              103.747835748418,
              1.33274775293942
            ],
            [
              103.747838719748,
              1.33275336100161
            ],
            [
              103.747841340649,
              1.33275877190028
            ],
            [
              103.747874141097,
              1.33282340067395
            ],
            [
              103.747874958706,
              1.33282560915828
            ],
            [
              103.747878930852,
              1.33283631424835
            ],
            [
              103.747967882076,
              1.33290027032564
            ],
            [
              103.747993844852,
              1.33290303587051
            ],
            [
              103.748430293375,
              1.33294952900759
            ],
            [
              103.74880091216,
              1.33298900826399
            ],
            [
              103.748976572385,
              1.33320766230734
            ],
            [
              103.748977182504,
              1.33320768855493
            ],
            [
              103.749021707592,
              1.3332122462733
            ],
            [
              103.749053586123,
              1.3329079480192
            ],
            [
              103.749065750176,
              1.33279328146667
            ],
            [
              103.749119464186,
              1.33228639024
            ],
            [
              103.749137368236,
              1.33211785004031
            ],
            [
              103.748968638087,
              1.33209993783406
            ],
            [
              103.748956562466,
              1.33209799484503
            ],
            [
              103.748944751964,
              1.3320947097895
            ],
            [
              103.748307216254,
              1.33187889664069
            ],
            [
              103.747418182468,
              1.33157794587938
            ]
          ]
        ]
      },
      "properties": {
        "Filter stage": "Filter 1+2+3",
        "Role": "Candidate",
        "UUID": "UUID_7f6c9673-0c8a-4056-8b1e-aed0620eecf2",
        "Zone": "Business1",
        "Width m": 121.35671379961786,
        "Width diff": 0.2920757518403194,
        "Aspect ratio": 1.9238117745059868,
        "Aspect diff": -0.16302855322342483,
        "Final allowable GFA m²": 51470.55670697981,
        "GFA diff": 0.046212463673603245,
        "KG site area m²": 20588.222682791926,
        "Master Plan GPR": 2.5,
        "Master Plan GPR cap m²": 51470.55670697981,
        "Final GFA basis": "Master Plan GPR cap",
        "Width and aspect match": false,
        "GFA match": true,
        "Non-road context plots": 24,
        "Educational plots": 0,
        "B1-family plots": 6,
        "Business2 plots": 0,
        "Residential plots": 2,
        "Residential share": 0.08333333333333333,
        "Non-residential plots": 22,
        "Non-residential share": 0.9166666666666666,
        "Bordering road plots": 3,
        "Road type counts": "{\"Local Collector/Primary Access\":1,\"Slip Road\":1,\"Major Arterials/Minor Arterials\":1}",
        "Context zone counts": "{\"Business1\":6,\"BusinessPark\":1,\"BusinessParkWhite\":1,\"HealthAndMedicalCare\":1,\"OpenSpace\":1,\"ReserveSite\":1,\"Residential\":2,\"SportsAndRecreation\":1,\"Utility\":2,\"Waterbody\":8}",
        "Short address": "10 Toh Guan Road",
        "Full address": "10 Toh Guan Road, Jurong East, Singapore 608838",
        "Address feature type": "address",
        "Address source": "Mapbox Geocoding v6"
      }
    },
    {
      "type": "Feature",
      "id": "UUID_6be95521-4143-45d0-bfd8-719f32c8a8ee:Filter 1+2+3",
      "geometry": {
        "type": "Polygon",
        "coordinates": [
          [
            [
              103.833885625448,
              1.43964670413163
            ],
            [
              103.834240925092,
              1.43906335051269
            ],
            [
              103.834222687169,
              1.43905561278368
            ],
            [
              103.834203220863,
              1.43904735323711
            ],
            [
              103.834203193007,
              1.43904734238476
            ],
            [
              103.83418485356,
              1.43908986467085
            ],
            [
              103.834182359954,
              1.43908881470547
            ],
            [
              103.834086986469,
              1.43904866279744
            ],
            [
              103.834072738316,
              1.43904267591411
            ],
            [
              103.834091396766,
              1.43899985971057
            ],
            [
              103.834091369808,
              1.43899984614513
            ],
            [
              103.83313398776,
              1.43859364857098
            ],
            [
              103.833037730994,
              1.43855280930211
            ],
            [
              103.832934519079,
              1.43859322530243
            ],
            [
              103.832897172494,
              1.43865500509662
            ],
            [
              103.832893148577,
              1.43866166392615
            ],
            [
              103.832893254611,
              1.43866163408216
            ],
            [
              103.832589969992,
              1.43916330266277
            ],
            [
              103.832400283261,
              1.43947499065378
            ],
            [
              103.832400207779,
              1.43947511636029
            ],
            [
              103.83251559659,
              1.43954628259676
            ],
            [
              103.832741831826,
              1.43968581333187
            ],
            [
              103.832741907308,
              1.43968569124279
            ],
            [
              103.832741998965,
              1.43968574731336
            ],
            [
              103.832795225585,
              1.43959802404338
            ],
            [
              103.832853882396,
              1.43963420764999
            ],
            [
              103.832972335445,
              1.43970717535632
            ],
            [
              103.833317940364,
              1.439920243483
            ],
            [
              103.833491091055,
              1.44002703074825
            ],
            [
              103.833609571102,
              1.44010009247485
            ],
            [
              103.833609627714,
              1.44009999932536
            ],
            [
              103.833831042886,
              1.43973632930444
            ],
            [
              103.833842332856,
              1.43971778441899
            ],
            [
              103.833842361611,
              1.43971773920079
            ],
            [
              103.833885625448,
              1.43964670413163
            ]
          ]
        ]
      },
      "properties": {
        "Filter stage": "Filter 1+2+3",
        "Role": "Candidate",
        "UUID": "UUID_6be95521-4143-45d0-bfd8-719f32c8a8ee",
        "Zone": "Business1",
        "Width m": 145.61681857396616,
        "Width diff": 0.5503712522260565,
        "Aspect ratio": 1.0382771421965153,
        "Aspect diff": -0.5482882819539782,
        "Final allowable GFA m²": 47797.18925004911,
        "GFA diff": -0.02845396822400926,
        "KG site area m²": 19118.875700019642,
        "Master Plan GPR": 2.5,
        "Master Plan GPR cap m²": 47797.18925004911,
        "Final GFA basis": "Master Plan GPR cap",
        "Width and aspect match": false,
        "GFA match": true,
        "Non-road context plots": 27,
        "Educational plots": 0,
        "B1-family plots": 8,
        "Business2 plots": 8,
        "Residential plots": 4,
        "Residential share": 0.14814814814814814,
        "Non-residential plots": 23,
        "Non-residential share": 0.8518518518518519,
        "Bordering road plots": 4,
        "Road type counts": "{\"Major Arterials/Minor Arterials\":3,\"Local Access\":1}",
        "Context zone counts": "{\"Business1\":8,\"Business2\":8,\"PlaceOfWorship\":2,\"ReserveSite\":1,\"Residential\":4,\"TransportFacilities\":1,\"Utility\":1,\"Waterbody\":2}",
        "Short address": "200 Yishun Avenue 7",
        "Full address": "200 Yishun Avenue 7, Yishun, Singapore 768927",
        "Address feature type": "address",
        "Address source": "Mapbox Geocoding v6"
      }
    },
    {
      "type": "Feature",
      "id": "UUID_a83a9b0f-fa4f-40e1-8cca-cdd138497d93:Filter 1+2+3",
      "geometry": {
        "type": "Polygon",
        "coordinates": [
          [
            [
              103.759779639034,
              1.33989573590275
            ],
            [
              103.75977984482,
              1.33989520504743
            ],
            [
              103.759811718997,
              1.3398179272223
            ],
            [
              103.759817514218,
              1.33980392965498
            ],
            [
              103.75983403095,
              1.33976281235074
            ],
            [
              103.75984647508,
              1.33973289546866
            ],
            [
              103.759833421251,
              1.33971847409006
            ],
            [
              103.759813836199,
              1.33969070953121
            ],
            [
              103.759803318235,
              1.33967186498586
            ],
            [
              103.759803999949,
              1.33965151591739
            ],
            [
              103.759817095657,
              1.33961743988614
            ],
            [
              103.759857290298,
              1.3395161053306
            ],
            [
              103.759908173508,
              1.33940739691423
            ],
            [
              103.759949752713,
              1.33930966086177
            ],
            [
              103.759973792717,
              1.33925012641458
            ],
            [
              103.760010529328,
              1.33916104316739
            ],
            [
              103.760041540026,
              1.33908198009778
            ],
            [
              103.760076930591,
              1.33899291399161
            ],
            [
              103.760095230342,
              1.33894204498382
            ],
            [
              103.76011343601,
              1.33888213595269
            ],
            [
              103.760125920248,
              1.33883270109072
            ],
            [
              103.760137965961,
              1.33878417510104
            ],
            [
              103.760155182569,
              1.33871569176671
            ],
            [
              103.760167619315,
              1.3386617359884
            ],
            [
              103.76017694965,
              1.33861098608631
            ],
            [
              103.760185220274,
              1.33857069511946
            ],
            [
              103.75911821035,
              1.33815324200806
            ],
            [
              103.75860012416,
              1.33949350229502
            ],
            [
              103.758644581526,
              1.33960266940614
            ],
            [
              103.758921405681,
              1.33972648527804
            ],
            [
              103.759078750277,
              1.33979240915525
            ],
            [
              103.759170446995,
              1.3398316703805
            ],
            [
              103.759498847523,
              1.3399871124563
            ],
            [
              103.7595370449,
              1.33999878081135
            ],
            [
              103.759588479099,
              1.34000532996361
            ],
            [
              103.759639696134,
              1.34000225667784
            ],
            [
              103.759688829763,
              1.33998739042454
            ],
            [
              103.759720918098,
              1.33996038166699
            ],
            [
              103.759756198287,
              1.33992748650174
            ],
            [
              103.759768650081,
              1.33991182239331
            ],
            [
              103.759779639034,
              1.33989573590275
            ]
          ]
        ]
      },
      "properties": {
        "Filter stage": "Filter 1+2+3",
        "Role": "Candidate",
        "UUID": "UUID_a83a9b0f-fa4f-40e1-8cca-cdd138497d93",
        "Zone": "Business1",
        "Width m": 138.86487522204334,
        "Width diff": 0.4784838221064187,
        "Aspect ratio": 1.2505591451072418,
        "Aspect diff": -0.45593310591476066,
        "Final allowable GFA m²": 57053.935002537175,
        "GFA diff": 0.15970258960077535,
        "KG site area m²": 22821.57400101487,
        "Master Plan GPR": 2.5,
        "Master Plan GPR cap m²": 57053.935002537175,
        "Final GFA basis": "Master Plan GPR cap",
        "Width and aspect match": false,
        "GFA match": true,
        "Non-road context plots": 61,
        "Educational plots": 1,
        "B1-family plots": 22,
        "Business2 plots": 0,
        "Residential plots": 24,
        "Residential share": 0.39344262295081966,
        "Non-residential plots": 37,
        "Non-residential share": 0.6065573770491803,
        "Bordering road plots": 3,
        "Road type counts": "{\"Local Collector/Primary Access\":2,\"Major Arterials/Minor Arterials\":1}",
        "Context zone counts": "{\"Business1\":22,\"Cemetery\":1,\"CivicAndCommunityInstitutionZone\":2,\"EducationalInstitution\":1,\"OpenSpace\":1,\"Park\":1,\"PlaceOfWorship\":2,\"ReserveSite\":1,\"Residential\":24,\"TransportFacilities\":3,\"Utility\":1,\"Waterbody\":2}",
        "Short address": "1 Bukit Batok Crescent",
        "Full address": "1 Bukit Batok Crescent, Bukit Batok, Singapore 658064",
        "Address feature type": "address",
        "Address source": "Mapbox Geocoding v6"
      }
    },
    {
      "type": "Feature",
      "id": "UUID_cc3b0de5-98f0-4f41-9fa9-574dbe607640:Filter 1+2+3",
      "geometry": {
        "type": "Polygon",
        "coordinates": [
          [
            [
              103.933435573779,
              1.36761107202618
            ],
            [
              103.933586378089,
              1.36735871950026
            ],
            [
              103.933588949612,
              1.36735441643345
            ],
            [
              103.933613115821,
              1.36731397863883
            ],
            [
              103.933655506264,
              1.36721770109409
            ],
            [
              103.933663231424,
              1.36720015522439
            ],
            [
              103.933686491359,
              1.36714732769537
            ],
            [
              103.933769854699,
              1.36700782982626
            ],
            [
              103.93387712062,
              1.36686317969675
            ],
            [
              103.933880091118,
              1.36685917324392
            ],
            [
              103.933904887505,
              1.36682573518929
            ],
            [
              103.93392320623,
              1.36679508103647
            ],
            [
              103.93396653503,
              1.36672691285574
            ],
            [
              103.934004800556,
              1.36666254321214
            ],
            [
              103.934039168001,
              1.36659598336554
            ],
            [
              103.934047652284,
              1.36657455503287
            ],
            [
              103.934053076004,
              1.36655214288247
            ],
            [
              103.934055333149,
              1.36652918824792
            ],
            [
              103.934007568805,
              1.36646258483895
            ],
            [
              103.933934977395,
              1.36636136617596
            ],
            [
              103.93391256971,
              1.36635888373951
            ],
            [
              103.933912374716,
              1.36635877522418
            ],
            [
              103.933912339671,
              1.36635875623403
            ],
            [
              103.933912160852,
              1.36635865766601
            ],
            [
              103.933912091661,
              1.36635861878131
            ],
            [
              103.933911945191,
              1.36635854101229
            ],
            [
              103.933911592064,
              1.36635877525715
            ],
            [
              103.933718790425,
              1.36634759188069
            ],
            [
              103.933679784324,
              1.36634335115402
            ],
            [
              103.933642068573,
              1.36633925054873
            ],
            [
              103.933597954991,
              1.36633445385209
            ],
            [
              103.933428238155,
              1.3663160011175
            ],
            [
              103.933401529908,
              1.36631309742336
            ],
            [
              103.93338286396,
              1.36631306926602
            ],
            [
              103.933328947201,
              1.36631299013216
            ],
            [
              103.933207486038,
              1.36633542070384
            ],
            [
              103.933037871492,
              1.36633517095419
            ],
            [
              103.932949551624,
              1.36632188231447
            ],
            [
              103.932886890517,
              1.36631245423139
            ],
            [
              103.932885660445,
              1.36631409841449
            ],
            [
              103.932860415609,
              1.36632439021292
            ],
            [
              103.932837108246,
              1.36633857430845
            ],
            [
              103.932816326002,
              1.36635629345328
            ],
            [
              103.932798593624,
              1.36637710087036
            ],
            [
              103.932790366894,
              1.36639060516055
            ],
            [
              103.932784357678,
              1.36640047110623
            ],
            [
              103.932773977568,
              1.36642581540575
            ],
            [
              103.932767715648,
              1.36645249346904
            ],
            [
              103.93276572914,
              1.36647983334791
            ],
            [
              103.932765929069,
              1.36694953232044
            ],
            [
              103.93275837925,
              1.36701381294401
            ],
            [
              103.93275625039,
              1.36703193827474
            ],
            [
              103.932754581435,
              1.36704614859914
            ],
            [
              103.93273333325,
              1.36722706095977
            ],
            [
              103.932709943761,
              1.36740763698635
            ],
            [
              103.932708830006,
              1.36741905099738
            ],
            [
              103.932708348568,
              1.36742378716615
            ],
            [
              103.932707652459,
              1.36743063322257
            ],
            [
              103.932706187462,
              1.36744441848785
            ],
            [
              103.932704614651,
              1.36745857092898
            ],
            [
              103.932702998699,
              1.367472471959
            ],
            [
              103.932701312659,
              1.36748639288794
            ],
            [
              103.932699486464,
              1.36750085191865
            ],
            [
              103.932697693484,
              1.36751450606496
            ],
            [
              103.932695836704,
              1.36752813760486
            ],
            [
              103.932693923311,
              1.36754169227627
            ],
            [
              103.932691842813,
              1.36755592974863
            ],
            [
              103.932689747921,
              1.36756977924992
            ],
            [
              103.932687580247,
              1.36758364955457
            ],
            [
              103.932685280498,
              1.36759789155789
            ],
            [
              103.93268301397,
              1.36761151045376
            ],
            [
              103.93338148808,
              1.36761148125871
            ],
            [
              103.933435573779,
              1.36761107202618
            ]
          ]
        ]
      },
      "properties": {
        "Filter stage": "Filter 1+2+3",
        "Role": "Candidate",
        "UUID": "UUID_cc3b0de5-98f0-4f41-9fa9-574dbe607640",
        "Zone": "Business1",
        "Width m": 143.53268927175668,
        "Width diff": 0.5281816851986307,
        "Aspect ratio": 1.0384454246891086,
        "Aspect diff": -0.5482150691567808,
        "Final allowable GFA m²": 41167.21084483382,
        "GFA diff": -0.16321773386407373,
        "KG site area m²": 16466.884337933527,
        "Master Plan GPR": 2.5,
        "Master Plan GPR cap m²": 41167.21084483382,
        "Final GFA basis": "Master Plan GPR cap",
        "Width and aspect match": false,
        "GFA match": true,
        "Non-road context plots": 27,
        "Educational plots": 0,
        "B1-family plots": 2,
        "Business2 plots": 3,
        "Residential plots": 8,
        "Residential share": 0.2962962962962963,
        "Non-residential plots": 19,
        "Non-residential share": 0.7037037037037037,
        "Bordering road plots": 3,
        "Road type counts": "{\"no category\":2,\"Local Access\":1}",
        "Context zone counts": "{\"Business1\":2,\"Business2\":3,\"CommercialAndResidential\":1,\"OpenSpace\":2,\"Park\":3,\"PlaceOfWorship\":1,\"ReserveSite\":1,\"Residential\":7,\"TransportFacilities\":1,\"Utility\":2,\"Waterbody\":4}",
        "Short address": "660 Tampines Street 64",
        "Full address": "660 Tampines Street 64, Tampines, Singapore 520660",
        "Address feature type": "address",
        "Address source": "Mapbox Geocoding v6"
      }
    },
    {
      "type": "Feature",
      "id": "UUID_cb5c91c5-6ca4-41f4-a796-473474879a2a:Filter 1+2+3",
      "geometry": {
        "type": "Polygon",
        "coordinates": [
          [
            [
              103.930481098,
              1.32376177351367
            ],
            [
              103.931381732773,
              1.32393839616925
            ],
            [
              103.93170301051,
              1.32372025093777
            ],
            [
              103.931866441812,
              1.32287625641271
            ],
            [
              103.930697021551,
              1.32264688397644
            ],
            [
              103.930481098,
              1.32376177351367
            ]
          ]
        ]
      },
      "properties": {
        "Filter stage": "Filter 1+2+3",
        "Role": "Candidate",
        "UUID": "UUID_cb5c91c5-6ca4-41f4-a796-473474879a2a",
        "Zone": "Business1",
        "Width m": 125.59915001677655,
        "Width diff": 0.33724464932687254,
        "Aspect ratio": 1.0557283906056443,
        "Aspect diff": -0.5406959609054198,
        "Final allowable GFA m²": 40765.41788404859,
        "GFA diff": -0.17138474876121043,
        "KG site area m²": 16306.167153619437,
        "Master Plan GPR": 2.5,
        "Master Plan GPR cap m²": 40765.41788404859,
        "Final GFA basis": "Master Plan GPR cap",
        "Width and aspect match": false,
        "GFA match": true,
        "Non-road context plots": 12,
        "Educational plots": 1,
        "B1-family plots": 5,
        "Business2 plots": 0,
        "Residential plots": 6,
        "Residential share": 0.5,
        "Non-residential plots": 6,
        "Non-residential share": 0.5,
        "Bordering road plots": 2,
        "Road type counts": "{\"Major Arterials/Minor Arterials\":2}",
        "Context zone counts": "{\"Business1\":5,\"EducationalInstitution\":1,\"Residential\":6}",
        "Short address": "200 Bedok South Avenue 1",
        "Full address": "200 Bedok South Avenue 1, Bedok, Singapore 469331",
        "Address feature type": "address",
        "Address source": "Mapbox Geocoding v6"
      }
    },
    {
      "type": "Feature",
      "id": "UUID_1086e1b5-148c-4843-a3c4-bcf6ea106317:Filter 1+2+3",
      "geometry": {
        "type": "Polygon",
        "coordinates": [
          [
            [
              103.87562329428,
              1.31862802799745
            ],
            [
              103.875625853471,
              1.31858168741644
            ],
            [
              103.875626043007,
              1.3185782255062
            ],
            [
              103.875876263048,
              1.31860405800289
            ],
            [
              103.875990684397,
              1.31859320365951
            ],
            [
              103.875993335128,
              1.31859347492314
            ],
            [
              103.876471500096,
              1.31864289918991
            ],
            [
              103.87660246421,
              1.31865727720109
            ],
            [
              103.876671742698,
              1.31866741300898
            ],
            [
              103.876740032878,
              1.3186831577003
            ],
            [
              103.876999886197,
              1.31875425335189
            ],
            [
              103.876997845897,
              1.31872049346474
            ],
            [
              103.876996659446,
              1.3186996297989
            ],
            [
              103.876965884033,
              1.31818194502529
            ],
            [
              103.876949854863,
              1.31772200365658
            ],
            [
              103.876949090195,
              1.31772194126892
            ],
            [
              103.876948965296,
              1.31772193132311
            ],
            [
              103.876945755667,
              1.31772167273144
            ],
            [
              103.876928004762,
              1.31771999454376
            ],
            [
              103.875825032711,
              1.31763044908686
            ],
            [
              103.875679221039,
              1.31761860169817
            ],
            [
              103.875672061375,
              1.3176180356885
            ],
            [
              103.875650812411,
              1.3176163023852
            ],
            [
              103.875624616018,
              1.31761418028953
            ],
            [
              103.875624624346,
              1.31762846924734
            ],
            [
              103.875624624347,
              1.31762851356119
            ],
            [
              103.875623915341,
              1.31815832823706
            ],
            [
              103.87562329428,
              1.31862802799745
            ]
          ]
        ]
      },
      "properties": {
        "Filter stage": "Filter 1+2+3",
        "Role": "Candidate",
        "UUID": "UUID_1086e1b5-148c-4843-a3c4-bcf6ea106317",
        "Zone": "Business1",
        "Width m": 113.34948400729263,
        "Width diff": 0.2068233819454005,
        "Aspect ratio": 1.4353426017468942,
        "Aspect diff": -0.3755414173444061,
        "Final allowable GFA m²": 40399.00725592139,
        "GFA diff": -0.17883256729077318,
        "KG site area m²": 16159.602902368555,
        "Master Plan GPR": 2.5,
        "Master Plan GPR cap m²": 40399.00725592139,
        "Final GFA basis": "Master Plan GPR cap",
        "Width and aspect match": false,
        "GFA match": true,
        "Non-road context plots": 7,
        "Educational plots": 0,
        "B1-family plots": 4,
        "Business2 plots": 0,
        "Residential plots": 2,
        "Residential share": 0.2857142857142857,
        "Non-residential plots": 5,
        "Non-residential share": 0.7142857142857143,
        "Bordering road plots": 1,
        "Road type counts": "{\"Local Collector/Primary Access\":1}",
        "Context zone counts": "{\"Business1\":4,\"PlaceOfWorship\":1,\"Residential\":2}",
        "Short address": "705 Sims Drive",
        "Full address": "705 Sims Drive, Geylang, Singapore 387384",
        "Address feature type": "address",
        "Address source": "Mapbox Geocoding v6"
      }
    },
    {
      "type": "Feature",
      "id": "UUID_255deb12-4dc2-4ca6-865e-4ebeaf34a9d2:Filter 1+2+3",
      "geometry": {
        "type": "Polygon",
        "coordinates": [
          [
            [
              103.751150589147,
              1.32188102540844
            ],
            [
              103.750927717177,
              1.32118892561469
            ],
            [
              103.750325476637,
              1.32131803953256
            ],
            [
              103.750294786892,
              1.32117407284409
            ],
            [
              103.74991926153,
              1.32125428628826
            ],
            [
              103.749803663722,
              1.32122856227679
            ],
            [
              103.748916319639,
              1.32141808671954
            ],
            [
              103.74910342222,
              1.32230219902626
            ],
            [
              103.749103652212,
              1.3223032869836
            ],
            [
              103.750017982688,
              1.32214448192671
            ],
            [
              103.75057070243,
              1.32201591357788
            ],
            [
              103.751150589147,
              1.32188102540844
            ]
          ]
        ]
      },
      "properties": {
        "Filter stage": "Filter 1+2+3",
        "Role": "Candidate",
        "UUID": "UUID_255deb12-4dc2-4ca6-865e-4ebeaf34a9d2",
        "Zone": "Business1",
        "Width m": 104.0229130353182,
        "Width diff": 0.10752408631183737,
        "Aspect ratio": 2.236133438007222,
        "Aspect diff": -0.027150231848964333,
        "Final allowable GFA m²": 54311.45409944221,
        "GFA diff": 0.10395775438286328,
        "KG site area m²": 21724.581639776887,
        "Master Plan GPR": 2.5,
        "Master Plan GPR cap m²": 54311.45409944221,
        "Final GFA basis": "Master Plan GPR cap",
        "Width and aspect match": true,
        "GFA match": true,
        "Non-road context plots": 19,
        "Educational plots": 0,
        "B1-family plots": 6,
        "Business2 plots": 0,
        "Residential plots": 3,
        "Residential share": 0.15789473684210525,
        "Non-residential plots": 16,
        "Non-residential share": 0.8421052631578947,
        "Bordering road plots": 1,
        "Road type counts": "{\"Local Collector/Primary Access\":1}",
        "Context zone counts": "{\"Business1\":6,\"CivicAndCommunityInstitutionZone\":1,\"OpenSpace\":1,\"Park\":3,\"PlaceOfWorship\":3,\"ReserveSite\":2,\"Residential\":3}",
        "Short address": "213 Pandan Gardens",
        "Full address": "213 Pandan Gardens, Jurong East, Singapore 609340",
        "Address feature type": "address",
        "Address source": "Mapbox Geocoding v6"
      }
    },
    {
      "type": "Feature",
      "id": "UUID_451534a5-bdb7-4c97-9952-a6a498993871:Filter 1+2+3",
      "geometry": {
        "type": "Polygon",
        "coordinates": [
          [
            [
              103.856043204326,
              1.35611299827827
            ],
            [
              103.855959817434,
              1.35610854959163
            ],
            [
              103.855912446021,
              1.35611362352059
            ],
            [
              103.855827862492,
              1.35613650292164
            ],
            [
              103.855806890931,
              1.35614217529068
            ],
            [
              103.855744714113,
              1.35617482070968
            ],
            [
              103.855731825155,
              1.35618158818796
            ],
            [
              103.855610528559,
              1.35626087493444
            ],
            [
              103.855562275926,
              1.35629610037117
            ],
            [
              103.855531077872,
              1.35631063379396
            ],
            [
              103.855495853308,
              1.35632097462045
            ],
            [
              103.855436107989,
              1.35635262249531
            ],
            [
              103.855416899491,
              1.35636715761514
            ],
            [
              103.85534884986,
              1.356424368326
            ],
            [
              103.855332834859,
              1.35643865381138
            ],
            [
              103.855309530755,
              1.35645944083837
            ],
            [
              103.855282491344,
              1.35648355957739
            ],
            [
              103.855251532438,
              1.35651295712639
            ],
            [
              103.855222581807,
              1.35654044735236
            ],
            [
              103.85520922295,
              1.35655313299225
            ],
            [
              103.855161622781,
              1.35660142919266
            ],
            [
              103.855142421511,
              1.35662091118308
            ],
            [
              103.855138281858,
              1.3566251119929
            ],
            [
              103.855070009519,
              1.35669913483073
            ],
            [
              103.855065851002,
              1.35670395241706
            ],
            [
              103.855047511471,
              1.35672520062246
            ],
            [
              103.855004199266,
              1.35677538238066
            ],
            [
              103.854992013055,
              1.3567904835659
            ],
            [
              103.854967101501,
              1.35682135426627
            ],
            [
              103.854940931968,
              1.35685378229305
            ],
            [
              103.854920713583,
              1.35688059687678
            ],
            [
              103.854895868539,
              1.35691354761376
            ],
            [
              103.854880270523,
              1.35693423508743
            ],
            [
              103.854860088995,
              1.35696291808702
            ],
            [
              103.854860258825,
              1.35696300761757
            ],
            [
              103.854860818634,
              1.35696330333968
            ],
            [
              103.854945093693,
              1.35700789497937
            ],
            [
              103.855572771715,
              1.35734000800507
            ],
            [
              103.855681833353,
              1.35763656613826
            ],
            [
              103.855756514696,
              1.35760886928549
            ],
            [
              103.856539390041,
              1.3573185274484
            ],
            [
              103.856665337047,
              1.35727181762128
            ],
            [
              103.856739505289,
              1.35724431156411
            ],
            [
              103.856760267472,
              1.35723661160413
            ],
            [
              103.856762252396,
              1.35723587543224
            ],
            [
              103.856669818347,
              1.35700650422089
            ],
            [
              103.856659563673,
              1.35698101481237
            ],
            [
              103.856636513122,
              1.35692371993949
            ],
            [
              103.856529674748,
              1.35665815348846
            ],
            [
              103.856490739001,
              1.35656264394872
            ],
            [
              103.856424755845,
              1.35640432656643
            ],
            [
              103.856415230817,
              1.35637943855192
            ],
            [
              103.856399838129,
              1.35635149384227
            ],
            [
              103.85638091407,
              1.35632255436561
            ],
            [
              103.856338294583,
              1.35626586921834
            ],
            [
              103.856284056695,
              1.35621395018107
            ],
            [
              103.856252822365,
              1.3561924175645
            ],
            [
              103.856183192188,
              1.35615441683835
            ],
            [
              103.85614314297,
              1.35613662837232
            ],
            [
              103.856115547948,
              1.35612769351437
            ],
            [
              103.856076145772,
              1.35611781822887
            ],
            [
              103.856043204326,
              1.35611299827827
            ]
          ]
        ]
      },
      "properties": {
        "Filter stage": "Filter 1+2+3",
        "Role": "Candidate",
        "UUID": "UUID_451534a5-bdb7-4c97-9952-a6a498993871",
        "Zone": "Business1",
        "Width m": 152.01068224800838,
        "Width diff": 0.618446235102106,
        "Aspect ratio": 1.2161123974049861,
        "Aspect diff": -0.47091947029986686,
        "Final allowable GFA m²": 52596.47888340726,
        "GFA diff": 0.06909843750930426,
        "KG site area m²": 21038.591553362905,
        "Master Plan GPR": 2.5,
        "Master Plan GPR cap m²": 52596.47888340726,
        "Final GFA basis": "Master Plan GPR cap",
        "Width and aspect match": false,
        "GFA match": true,
        "Non-road context plots": 10,
        "Educational plots": 2,
        "B1-family plots": 3,
        "Business2 plots": 0,
        "Residential plots": 1,
        "Residential share": 0.1,
        "Non-residential plots": 9,
        "Non-residential share": 0.9,
        "Bordering road plots": 2,
        "Road type counts": "{\"Expressway\":1,\"Major Arterials/Minor Arterials\":1}",
        "Context zone counts": "{\"Business1\":3,\"EducationalInstitution\":2,\"OpenSpace\":1,\"Park\":1,\"Residential\":1,\"Utility\":2}",
        "Short address": "501 Ang Mo Kio Industrial Park 1",
        "Full address": "501 Ang Mo Kio Industrial Park 1, Ang Mo Kio, Singapore 569621",
        "Address feature type": "address",
        "Address source": "Mapbox Geocoding v6"
      }
    },
    {
      "type": "Feature",
      "id": "UUID_43935489-f794-421c-9979-9d464267dcdd:Filter 1+2+3",
      "geometry": {
        "type": "Polygon",
        "coordinates": [
          [
            [
              103.755514782393,
              1.34084661496646
            ],
            [
              103.755249657861,
              1.34099638627635
            ],
            [
              103.755486702265,
              1.34142061278059
            ],
            [
              103.75499349228,
              1.34170021713845
            ],
            [
              103.755107398948,
              1.34181592509145
            ],
            [
              103.755729558773,
              1.34218237509998
            ],
            [
              103.756336720065,
              1.34231801278751
            ],
            [
              103.755514782393,
              1.34084661496646
            ]
          ]
        ]
      },
      "properties": {
        "Filter stage": "Filter 1+2+3",
        "Role": "Candidate",
        "UUID": "UUID_43935489-f794-421c-9979-9d464267dcdd",
        "Zone": "Business1",
        "Width m": 96.82638191465594,
        "Width diff": 0.03090316384910979,
        "Aspect ratio": 1.927933308931956,
        "Aspect diff": -0.1612354429632859,
        "Final allowable GFA m²": 24241.040300328237,
        "GFA diff": -0.5072662874233431,
        "KG site area m²": 9696.416120131295,
        "Master Plan GPR": 2.5,
        "Master Plan GPR cap m²": 24241.040300328237,
        "Final GFA basis": "Master Plan GPR cap",
        "Width and aspect match": true,
        "GFA match": false,
        "Non-road context plots": 22,
        "Educational plots": 0,
        "B1-family plots": 10,
        "Business2 plots": 0,
        "Residential plots": 1,
        "Residential share": 0.045454545454545456,
        "Non-residential plots": 21,
        "Non-residential share": 0.9545454545454546,
        "Bordering road plots": 1,
        "Road type counts": "{\"Local Collector/Primary Access\":1}",
        "Context zone counts": "{\"Business1\":10,\"Cemetery\":1,\"CivicAndCommunityInstitutionZone\":2,\"Park\":1,\"PlaceOfWorship\":2,\"Residential\":1,\"TransportFacilities\":2,\"Utility\":1,\"Waterbody\":2}",
        "Short address": "511 Bukit Batok Street 23",
        "Full address": "511 Bukit Batok Street 23, Bukit Batok, Singapore 659545",
        "Address feature type": "address",
        "Address source": "Mapbox Geocoding v6"
      }
    },
    {
      "type": "Feature",
      "id": "UUID_94df4635-8d14-431a-b6e6-d211bdf4851f:Filter 1+2+3",
      "geometry": {
        "type": "Polygon",
        "coordinates": [
          [
            [
              103.852211133238,
              1.33147729595335
            ],
            [
              103.852203526946,
              1.33147554064039
            ],
            [
              103.852070073383,
              1.33147656269221
            ],
            [
              103.851954726135,
              1.33153181120053
            ],
            [
              103.851867701677,
              1.33162755693276
            ],
            [
              103.851822352455,
              1.3317501438868
            ],
            [
              103.851724621467,
              1.33242235877204
            ],
            [
              103.851724796687,
              1.33242259571423
            ],
            [
              103.851817101842,
              1.33254753116863
            ],
            [
              103.852892065244,
              1.33270665931729
            ],
            [
              103.853058884002,
              1.33156606983487
            ],
            [
              103.852211133238,
              1.33147729595335
            ]
          ]
        ]
      },
      "properties": {
        "Filter stage": "Filter 1+2+3",
        "Role": "Candidate",
        "UUID": "UUID_94df4635-8d14-431a-b6e6-d211bdf4851f",
        "Zone": "Business1",
        "Width m": 127.47964091516769,
        "Width diff": 0.3572660936729971,
        "Aspect ratio": 1.0447675044349871,
        "Aspect diff": -0.5454645920562319,
        "Final allowable GFA m²": 40921.759228678,
        "GFA diff": -0.16820688798402955,
        "KG site area m²": 16368.7036914712,
        "Master Plan GPR": 2.5,
        "Master Plan GPR cap m²": 40921.759228678,
        "Final GFA basis": "Master Plan GPR cap",
        "Width and aspect match": false,
        "GFA match": true,
        "Non-road context plots": 7,
        "Educational plots": 0,
        "B1-family plots": 5,
        "Business2 plots": 0,
        "Residential plots": 2,
        "Residential share": 0.2857142857142857,
        "Non-residential plots": 5,
        "Non-residential share": 0.7142857142857143,
        "Bordering road plots": 3,
        "Road type counts": "{\"Local Collector/Primary Access\":1,\"Major Arterials/Minor Arterials\":1,\"Local Access\":1}",
        "Context zone counts": "{\"Business1\":5,\"Residential\":2}",
        "Short address": "629 Lorong 4 Toa Payoh",
        "Full address": "629 Lorong 4 Toa Payoh, Toa Payoh, Singapore 319521",
        "Address feature type": "address",
        "Address source": "Mapbox Geocoding v6"
      }
    },
    {
      "type": "Feature",
      "id": "UUID_a93e405c-94b9-4bee-95f2-cd58a3f5c60b:Filter 1+2+3",
      "geometry": {
        "type": "Polygon",
        "coordinates": [
          [
            [
              103.835613851301,
              1.35869886574829
            ],
            [
              103.83576418765,
              1.35862786033659
            ],
            [
              103.835864252835,
              1.35858298115128
            ],
            [
              103.836015173239,
              1.35851331146938
            ],
            [
              103.83607223935,
              1.35848739955699
            ],
            [
              103.836171190301,
              1.35844273379013
            ],
            [
              103.836227459381,
              1.35841708866247
            ],
            [
              103.836294346809,
              1.3583866341107
            ],
            [
              103.836353059086,
              1.35835959987339
            ],
            [
              103.836401100895,
              1.35833742751118
            ],
            [
              103.836507801063,
              1.35828918224632
            ],
            [
              103.836589021502,
              1.35825124857397
            ],
            [
              103.83666254393,
              1.35821887222862
            ],
            [
              103.836711381863,
              1.35819723343406
            ],
            [
              103.836731288681,
              1.35818681512839
            ],
            [
              103.836742702257,
              1.35817986959384
            ],
            [
              103.836753318802,
              1.35817051935548
            ],
            [
              103.836762237054,
              1.35815929979834
            ],
            [
              103.83677099625,
              1.3581414015105
            ],
            [
              103.836782674852,
              1.35809860606723
            ],
            [
              103.83679010685,
              1.35806895375743
            ],
            [
              103.836796211657,
              1.35803395936917
            ],
            [
              103.836798865961,
              1.35799148408376
            ],
            [
              103.836796476628,
              1.35795916029571
            ],
            [
              103.836790637699,
              1.3579259818883
            ],
            [
              103.836788248395,
              1.35791396108045
            ],
            [
              103.8367834707,
              1.35790006914614
            ],
            [
              103.836780020192,
              1.35788938408601
            ],
            [
              103.836775507576,
              1.35787709558934
            ],
            [
              103.836768076414,
              1.35786160202948
            ],
            [
              103.836745037119,
              1.35781527961461
            ],
            [
              103.836730704053,
              1.35778589502761
            ],
            [
              103.836717168015,
              1.35775570826817
            ],
            [
              103.836688766935,
              1.35767717059241
            ],
            [
              103.836676557174,
              1.35764260218547
            ],
            [
              103.836665409523,
              1.35761054610123
            ],
            [
              103.836656120112,
              1.35758329851975
            ],
            [
              103.836643379296,
              1.3575453649735
            ],
            [
              103.836632231648,
              1.35751571268957
            ],
            [
              103.836624534507,
              1.35749642532103
            ],
            [
              103.83659692959,
              1.35743845650634
            ],
            [
              103.836551010958,
              1.35734474452253
            ],
            [
              103.836537474027,
              1.35731509224133
            ],
            [
              103.83652340694,
              1.3572843719064
            ],
            [
              103.836476957263,
              1.35719130111608
            ],
            [
              103.836462890178,
              1.35716111435576
            ],
            [
              103.836449088171,
              1.357130927595
            ],
            [
              103.836402903576,
              1.35703726896592
            ],
            [
              103.836376626751,
              1.35698117037232
            ],
            [
              103.836359595295,
              1.35694629539012
            ],
            [
              103.835257230071,
              1.35748666238252
            ],
            [
              103.834934460853,
              1.35764488116742
            ],
            [
              103.835611801668,
              1.35869574750189
            ],
            [
              103.835613821648,
              1.35869887931379
            ],
            [
              103.835613851301,
              1.35869886574829
            ]
          ]
        ]
      },
      "properties": {
        "Filter stage": "Filter 1+2+3",
        "Role": "Candidate",
        "UUID": "UUID_a93e405c-94b9-4bee-95f2-cd58a3f5c60b",
        "Zone": "Business1",
        "Width m": 141.4995346382202,
        "Width diff": 0.5065348416126063,
        "Aspect ratio": 1.2468804100012385,
        "Aspect diff": -0.45753357238699127,
        "Final allowable GFA m²": 58166.75195700527,
        "GFA diff": 0.18232218111170104,
        "KG site area m²": 23266.70078280211,
        "Master Plan GPR": 2.5,
        "Master Plan GPR cap m²": 58166.75195700527,
        "Final GFA basis": "Master Plan GPR cap",
        "Width and aspect match": false,
        "GFA match": true,
        "Non-road context plots": 18,
        "Educational plots": 0,
        "B1-family plots": 4,
        "Business2 plots": 4,
        "Residential plots": 2,
        "Residential share": 0.1111111111111111,
        "Non-residential plots": 16,
        "Non-residential share": 0.8888888888888888,
        "Bordering road plots": 2,
        "Road type counts": "{\"Local Collector/Primary Access\":1,\"Local Access\":1}",
        "Context zone counts": "{\"Business1\":4,\"Business2\":4,\"CivicAndCommunityInstitutionZone\":4,\"PlaceOfWorship\":3,\"Residential\":2,\"TransportFacilities\":1}",
        "Short address": "29 Sin Ming Drive",
        "Full address": "29 Sin Ming Drive, Bishan, Singapore 575703",
        "Address feature type": "address",
        "Address source": "Mapbox Geocoding v6"
      }
    },
    {
      "type": "Feature",
      "id": "UUID_6f236eb1-d7d4-45bc-bb78-dff94a9141ac:Filter 1+2+3",
      "geometry": {
        "type": "Polygon",
        "coordinates": [
          [
            [
              103.867136726428,
              1.31307711567931
            ],
            [
              103.867184309855,
              1.31279798833904
            ],
            [
              103.867214739314,
              1.31267063982995
            ],
            [
              103.867270794345,
              1.31253200811847
            ],
            [
              103.867463055776,
              1.31211472715931
            ],
            [
              103.867630873211,
              1.31177755603945
            ],
            [
              103.867632237171,
              1.31177480946548
            ],
            [
              103.867737204578,
              1.31156336577387
            ],
            [
              103.86780613923,
              1.31141542976978
            ],
            [
              103.8678232467,
              1.31134963339374
            ],
            [
              103.867834045477,
              1.31128519998245
            ],
            [
              103.867835375166,
              1.31120761362433
            ],
            [
              103.86782407924,
              1.311122316829
            ],
            [
              103.867799718564,
              1.31104791147694
            ],
            [
              103.867767683423,
              1.31097623379428
            ],
            [
              103.867734310542,
              1.31091907389391
            ],
            [
              103.867690111099,
              1.31086554697496
            ],
            [
              103.867649981408,
              1.31082835553612
            ],
            [
              103.867597667329,
              1.31078617398071
            ],
            [
              103.867567506408,
              1.31076879341328
            ],
            [
              103.867554383901,
              1.31076123129728
            ],
            [
              103.867527642977,
              1.31075273063796
            ],
            [
              103.867499790329,
              1.31079433179042
            ],
            [
              103.867465981277,
              1.31084158439843
            ],
            [
              103.867433444464,
              1.31088100880892
            ],
            [
              103.867401645236,
              1.31091140855492
            ],
            [
              103.867391133293,
              1.31092469200551
            ],
            [
              103.867359772141,
              1.31099089463369
            ],
            [
              103.867333974489,
              1.31103402865418
            ],
            [
              103.867216447346,
              1.31125985641944
            ],
            [
              103.867186297378,
              1.31132227968948
            ],
            [
              103.867205343894,
              1.31132044899634
            ],
            [
              103.867143986023,
              1.31142001132573
            ],
            [
              103.867054116452,
              1.31159880089781
            ],
            [
              103.866982777625,
              1.31170873913326
            ],
            [
              103.866883396133,
              1.31189814425926
            ],
            [
              103.866810618054,
              1.31202609926012
            ],
            [
              103.866613974004,
              1.31208144087213
            ],
            [
              103.86643154435,
              1.3121562659097
            ],
            [
              103.86636580336,
              1.31219152253225
            ],
            [
              103.866327480461,
              1.31220864537548
            ],
            [
              103.866281982309,
              1.31220001653228
            ],
            [
              103.866281698375,
              1.31220058899882
            ],
            [
              103.866295760705,
              1.31220324764421
            ],
            [
              103.86627468089,
              1.31221462482985
            ],
            [
              103.866262793305,
              1.31223152756106
            ],
            [
              103.866201990117,
              1.3123569185126
            ],
            [
              103.866192618355,
              1.31236511217947
            ],
            [
              103.866127725867,
              1.31242187095654
            ],
            [
              103.866091573148,
              1.31245349344465
            ],
            [
              103.866091549786,
              1.31245351424534
            ],
            [
              103.866086491013,
              1.31245808949235
            ],
            [
              103.86623043538,
              1.31262356098394
            ],
            [
              103.866127550876,
              1.31271517356956
            ],
            [
              103.866295794121,
              1.31290242816488
            ],
            [
              103.866295954065,
              1.31290260541821
            ],
            [
              103.866406272391,
              1.31302539857179
            ],
            [
              103.866406440422,
              1.31302558577302
            ],
            [
              103.866482615174,
              1.31311039425711
            ],
            [
              103.866633664001,
              1.31297134618657
            ],
            [
              103.866862796589,
              1.31322445936881
            ],
            [
              103.866946228904,
              1.3131714679047
            ],
            [
              103.867056264474,
              1.31311133883184
            ],
            [
              103.867136726428,
              1.31307711567931
            ]
          ]
        ]
      },
      "properties": {
        "Filter stage": "Filter 1+2+3",
        "Role": "Candidate",
        "UUID": "UUID_6f236eb1-d7d4-45bc-bb78-dff94a9141ac",
        "Zone": "Business1",
        "Width m": 135.4007991555045,
        "Width diff": 0.4416020662647463,
        "Aspect ratio": 2.036840360422511,
        "Aspect diff": -0.1138544602402605,
        "Final allowable GFA m²": 55371.44831363301,
        "GFA diff": 0.1255036483707931,
        "KG site area m²": 22148.579325453204,
        "Master Plan GPR": 2.5,
        "Master Plan GPR cap m²": 55371.44831363301,
        "Final GFA basis": "Master Plan GPR cap",
        "Width and aspect match": false,
        "GFA match": true,
        "Non-road context plots": 54,
        "Educational plots": 0,
        "B1-family plots": 40,
        "Business2 plots": 0,
        "Residential plots": 4,
        "Residential share": 0.07407407407407407,
        "Non-residential plots": 50,
        "Non-residential share": 0.9259259259259259,
        "Bordering road plots": 4,
        "Road type counts": "{\"Local Access\":1,\"Local Collector/Primary Access\":2,\"Major Arterials/Minor Arterials\":1}",
        "Context zone counts": "{\"Business1\":36,\"Business1White\":4,\"Park\":4,\"ReserveSite\":1,\"Residential\":4,\"Utility\":2,\"Waterbody\":3}",
        "Short address": "103 Kallang Avenue",
        "Full address": "103 Kallang Avenue, Kallang, Singapore 339505",
        "Address feature type": "address",
        "Address source": "Mapbox Geocoding v6"
      }
    },
    {
      "type": "Feature",
      "id": "UUID_7943dc4d-248a-4070-8ed8-4dc0508b1dca:Filter 1+2+3",
      "geometry": {
        "type": "Polygon",
        "coordinates": [
          [
            [
              103.818697476283,
              1.44222188141825
            ],
            [
              103.818765725895,
              1.44219129446993
            ],
            [
              103.818802600867,
              1.44217476836495
            ],
            [
              103.818809054616,
              1.4421718762513
            ],
            [
              103.818814250325,
              1.44216954754813
            ],
            [
              103.818823451096,
              1.44216542461308
            ],
            [
              103.818832440695,
              1.44216139573047
            ],
            [
              103.818833821926,
              1.44214792614644
            ],
            [
              103.818833790475,
              1.44214790444151
            ],
            [
              103.81883520316,
              1.44213377648091
            ],
            [
              103.818840328189,
              1.44208253526672
            ],
            [
              103.818841545866,
              1.44207035982609
            ],
            [
              103.818845813578,
              1.44202768112185
            ],
            [
              103.818837411726,
              1.44202154224725
            ],
            [
              103.818813090387,
              1.44200377405773
            ],
            [
              103.818813006818,
              1.44200363659391
            ],
            [
              103.818789785357,
              1.44198683246288
            ],
            [
              103.818790110648,
              1.44198698530245
            ],
            [
              103.818786794837,
              1.44198456249078
            ],
            [
              103.818776060236,
              1.44197671977976
            ],
            [
              103.818758035345,
              1.44196355031955
            ],
            [
              103.818742340506,
              1.44195208469542
            ],
            [
              103.818712469454,
              1.44193026039783
            ],
            [
              103.818677674109,
              1.44190483941355
            ],
            [
              103.818659885548,
              1.44189184268755
            ],
            [
              103.818654542511,
              1.44188778839044
            ],
            [
              103.818613555867,
              1.44185632259803
            ],
            [
              103.818579071445,
              1.44182984803056
            ],
            [
              103.818528579482,
              1.44179108395957
            ],
            [
              103.818492906224,
              1.44176369688003
            ],
            [
              103.818464241096,
              1.44174169080998
            ],
            [
              103.818455060167,
              1.44173464213898
            ],
            [
              103.818444676023,
              1.44172667010468
            ],
            [
              103.818431700335,
              1.44171670845313
            ],
            [
              103.818412082246,
              1.44170164795519
            ],
            [
              103.818396603976,
              1.44168976451409
            ],
            [
              103.818386213542,
              1.44168169933002
            ],
            [
              103.818380519159,
              1.44167689802553
            ],
            [
              103.818377506177,
              1.44167435764798
            ],
            [
              103.818376068429,
              1.44167314488677
            ],
            [
              103.818373535295,
              1.44167100966733
            ],
            [
              103.818369702797,
              1.44166777744614
            ],
            [
              103.818365112788,
              1.44166337226021
            ],
            [
              103.818343321928,
              1.4416424623229
            ],
            [
              103.818329458449,
              1.44162915904102
            ],
            [
              103.818313561456,
              1.44161390322435
            ],
            [
              103.818295291281,
              1.44159637201272
            ],
            [
              103.818277407501,
              1.44157921068827
            ],
            [
              103.818260723341,
              1.4415631997223
            ],
            [
              103.818245783349,
              1.4415488636494
            ],
            [
              103.818227103418,
              1.44153093813191
            ],
            [
              103.818219839199,
              1.44152396815239
            ],
            [
              103.818206517572,
              1.44151118397815
            ],
            [
              103.81820099842,
              1.44150588798743
            ],
            [
              103.818188747915,
              1.44149413208178
            ],
            [
              103.818175300485,
              1.44148122853049
            ],
            [
              103.818161791951,
              1.44146826529072
            ],
            [
              103.818153206803,
              1.44146002647985
            ],
            [
              103.818149348246,
              1.44145683766758
            ],
            [
              103.818145099699,
              1.44145332689919
            ],
            [
              103.818132441223,
              1.44144286423058
            ],
            [
              103.818117453594,
              1.44143047706029
            ],
            [
              103.818114860255,
              1.44142833279651
            ],
            [
              103.818110945985,
              1.44142509786124
            ],
            [
              103.818101721032,
              1.44141747401319
            ],
            [
              103.818099892395,
              1.44141596280915
            ],
            [
              103.818097770818,
              1.44141420832929
            ],
            [
              103.818094418168,
              1.44141143824071
            ],
            [
              103.818090801333,
              1.44140844929432
            ],
            [
              103.818088865764,
              1.44140684855755
            ],
            [
              103.818084361118,
              1.44140312526185
            ],
            [
              103.818081654557,
              1.44140088875219
            ],
            [
              103.81806945616,
              1.44139080682344
            ],
            [
              103.818067755124,
              1.44138940052641
            ],
            [
              103.818067427138,
              1.44138913011945
            ],
            [
              103.818066619303,
              1.44138846178924
            ],
            [
              103.818065815063,
              1.4413877970765
            ],
            [
              103.818065307358,
              1.4413873774483
            ],
            [
              103.818064579498,
              1.44138677604154
            ],
            [
              103.818063921728,
              1.44138623251452
            ],
            [
              103.818063515564,
              1.44138589699285
            ],
            [
              103.81806291171,
              1.44138539778002
            ],
            [
              103.818062192835,
              1.44138480360821
            ],
            [
              103.818061960998,
              1.44138461188153
            ],
            [
              103.81806172377,
              1.44138441653739
            ],
            [
              103.818061544051,
              1.44138426731616
            ],
            [
              103.818061335578,
              1.44138409458128
            ],
            [
              103.818061140583,
              1.44138393360323
            ],
            [
              103.818060965358,
              1.44138378890385
            ],
            [
              103.818060614906,
              1.4413834995051
            ],
            [
              103.818060224019,
              1.44138317574026
            ],
            [
              103.818059920294,
              1.44138292522947
            ],
            [
              103.818059780114,
              1.44138280946998
            ],
            [
              103.818059541987,
              1.44138261231708
            ],
            [
              103.818059222088,
              1.44138234824072
            ],
            [
              103.818058774589,
              1.44138197835295
            ],
            [
              103.818058296537,
              1.44138158314278
            ],
            [
              103.818057920027,
              1.44138127203914
            ],
            [
              103.818057865213,
              1.44138122682058
            ],
            [
              103.81805773941,
              1.44138112281789
            ],
            [
              103.818057565083,
              1.4413809790229
            ],
            [
              103.818057347623,
              1.44138079905305
            ],
            [
              103.818057186775,
              1.4413806661105
            ],
            [
              103.818057027724,
              1.44138053497669
            ],
            [
              103.818056763538,
              1.44138031611889
            ],
            [
              103.818056405,
              1.44138002038954
            ],
            [
              103.818056110261,
              1.44137977620936
            ],
            [
              103.81805605365,
              1.44137973008643
            ],
            [
              103.818055871235,
              1.44137957905646
            ],
            [
              103.818055711286,
              1.44137944611391
            ],
            [
              103.818055592672,
              1.44137934844184
            ],
            [
              103.818055410257,
              1.44137919741186
            ],
            [
              103.818055082271,
              1.4413789270049
            ],
            [
              103.818054613206,
              1.44137853902971
            ],
            [
              103.81805436789,
              1.44137833645058
            ],
            [
              103.818054193563,
              1.44137819175122
            ],
            [
              103.818053793689,
              1.44137786165577
            ],
            [
              103.8180535951,
              1.4413776979646
            ],
            [
              103.818053414483,
              1.44137754783901
            ],
            [
              103.81805303977,
              1.44137723854409
            ],
            [
              103.818052725262,
              1.44137697808521
            ],
            [
              103.818052370318,
              1.44137668506899
            ],
            [
              103.818052187005,
              1.44137653403902
            ],
            [
              103.818051919225,
              1.44137631246809
            ],
            [
              103.81805171794,
              1.44137614606382
            ],
            [
              103.818050920888,
              1.44137548496857
            ],
            [
              103.818050871466,
              1.44137544155879
            ],
            [
              103.818050763634,
              1.44137535745223
            ],
            [
              103.81804992974,
              1.44137466832147
            ],
            [
              103.818048607012,
              1.44137357493681
            ],
            [
              103.818048068754,
              1.44137324031862
            ],
            [
              103.818048025622,
              1.44137321047432
            ],
            [
              103.818047864773,
              1.44137311008885
            ],
            [
              103.818047644618,
              1.44137297081536
            ],
            [
              103.818046656164,
              1.44137235222392
            ],
            [
              103.818045151918,
              1.44137140986678
            ],
            [
              103.818043299916,
              1.44137024955565
            ],
            [
              103.818041441624,
              1.44136908562702
            ],
            [
              103.818039598608,
              1.44136793074211
            ],
            [
              103.81803849783,
              1.44136724160954
            ],
            [
              103.81803670244,
              1.4413661156646
            ],
            [
              103.818035375216,
              1.44136528454539
            ],
            [
              103.81803328958,
              1.44136397772574
            ],
            [
              103.818030810359,
              1.44136242401215
            ],
            [
              103.818030163372,
              1.44136201885284
            ],
            [
              103.818028943081,
              1.44136131344091
            ],
            [
              103.818027307638,
              1.44136048051088
            ],
            [
              103.818025510449,
              1.44135956528267
            ],
            [
              103.818023411332,
              1.44135849540621
            ],
            [
              103.818021247516,
              1.44135739297221
            ],
            [
              103.818018622722,
              1.44135605540056
            ],
            [
              103.818015802932,
              1.44135461925192
            ],
            [
              103.818013629231,
              1.44135351139167
            ],
            [
              103.818011875175,
              1.4413526169641
            ],
            [
              103.818009614311,
              1.44135146659817
            ],
            [
              103.818008012116,
              1.441350762088
            ],
            [
              103.818007862949,
              1.44135072952989
            ],
            [
              103.818005844704,
              1.44134991649327
            ],
            [
              103.818002836207,
              1.44134870552989
            ],
            [
              103.817999313713,
              1.44134728655938
            ],
            [
              103.817995354503,
              1.44134569213937
            ],
            [
              103.817989801184,
              1.44134345651466
            ],
            [
              103.81798851799,
              1.44134294011429
            ],
            [
              103.817986930171,
              1.44134244541658
            ],
            [
              103.817985377398,
              1.44134197423257
            ],
            [
              103.81798318752,
              1.44134131131912
            ],
            [
              103.817980312912,
              1.44134043949302
            ],
            [
              103.817978858984,
              1.44133999905802
            ],
            [
              103.817976622379,
              1.44133932167445
            ],
            [
              103.817973869979,
              1.44133848783244
            ],
            [
              103.817971461743,
              1.44133775799458
            ],
            [
              103.817970246841,
              1.44133738991031
            ],
            [
              103.81796750882,
              1.44133655425967
            ],
            [
              103.817966987634,
              1.44133640774921
            ],
            [
              103.817965296476,
              1.44133602971371
            ],
            [
              103.817963498384,
              1.44133565439056
            ],
            [
              103.817961180904,
              1.44133517144462
            ],
            [
              103.817959459193,
              1.44133481240052
            ],
            [
              103.81795801425,
              1.44133451033324
            ],
            [
              103.817956793956,
              1.44133425619874
            ],
            [
              103.817952856307,
              1.44133343500975
            ],
            [
              103.817945512079,
              1.44133190296773
            ],
            [
              103.817944013219,
              1.44133165154444
            ],
            [
              103.817943906286,
              1.44133163616952
            ],
            [
              103.817942229504,
              1.44133144171992
            ],
            [
              103.817936947552,
              1.4413308212905
            ],
            [
              103.817929132454,
              1.44132990330817
            ],
            [
              103.817925345766,
              1.44132945923983
            ],
            [
              103.817922068583,
              1.44132909295022
            ],
            [
              103.817921870892,
              1.44132908661832
            ],
            [
              103.817921556383,
              1.4413290784769
            ],
            [
              103.817921357792,
              1.44132907214501
            ],
            [
              103.817920963308,
              1.44132906128995
            ],
            [
              103.817919835568,
              1.44132902962954
            ],
            [
              103.81791805994,
              1.44132897897308
            ],
            [
              103.817916575457,
              1.44132893736225
            ],
            [
              103.817914158229,
              1.44132886861414
            ],
            [
              103.817911469626,
              1.44132879262926
            ],
            [
              103.817909691301,
              1.44132874287714
            ],
            [
              103.817905961223,
              1.44132863704118
            ],
            [
              103.817901064765,
              1.44132849864015
            ],
            [
              103.817900899423,
              1.4413284941172
            ],
            [
              103.817900826637,
              1.44132849230798
            ],
            [
              103.817900185038,
              1.44132847421632
            ],
            [
              103.817899723159,
              1.44132846064773
            ],
            [
              103.817899454479,
              1.44132847692445
            ],
            [
              103.817898930596,
              1.4413285085736
            ],
            [
              103.817898655625,
              1.44132852575462
            ],
            [
              103.817898218906,
              1.4413285519782
            ],
            [
              103.817897766911,
              1.44132857910603
            ],
            [
              103.817895847506,
              1.44132869485148
            ],
            [
              103.817894552626,
              1.44132877352229
            ],
            [
              103.817894378142,
              1.44135195688451
            ],
            [
              103.817868589275,
              1.44135379075803
            ],
            [
              103.817842818356,
              1.44135923666
            ],
            [
              103.817805902967,
              1.44137376862729
            ],
            [
              103.817788180764,
              1.44138255168587
            ],
            [
              103.817744425142,
              1.44141268116584
            ],
            [
              103.817705676521,
              1.44144058413611
            ],
            [
              103.81765368879,
              1.44147853087723
            ],
            [
              103.817583728116,
              1.44152926790785
            ],
            [
              103.817504836235,
              1.44158589589891
            ],
            [
              103.817461772521,
              1.44161673078182
            ],
            [
              103.817417261161,
              1.44164820865627
            ],
            [
              103.817318126468,
              1.44171785390918
            ],
            [
              103.817238461788,
              1.44177336499608
            ],
            [
              103.817226022451,
              1.44178000384144
            ],
            [
              103.817188143715,
              1.44180018082979
            ],
            [
              103.817163878786,
              1.4418130931613
            ],
            [
              103.817119211117,
              1.44183670668198
            ],
            [
              103.817093568633,
              1.44185026290979
            ],
            [
              103.81706435331,
              1.44186559709065
            ],
            [
              103.817014788265,
              1.44189153478869
            ],
            [
              103.817011888478,
              1.44189305048132
            ],
            [
              103.817011892971,
              1.44189309027335
            ],
            [
              103.817133079084,
              1.44210418771681
            ],
            [
              103.817278283553,
              1.44235712028409
            ],
            [
              103.817599000518,
              1.44220762669828
            ],
            [
              103.817650285582,
              1.44229817556453
            ],
            [
              103.817823826093,
              1.44261341352539
            ],
            [
              103.817827815881,
              1.44261162562574
            ],
            [
              103.817949516092,
              1.44255708518725
            ],
            [
              103.818324636089,
              1.44238897282833
            ],
            [
              103.818550343013,
              1.44228782033144
            ],
            [
              103.818650392307,
              1.44224298263119
            ],
            [
              103.818654321888,
              1.44224122095621
            ],
            [
              103.818697476283,
              1.44222188141825
            ]
          ]
        ]
      },
      "properties": {
        "Filter stage": "Filter 1+2+3",
        "Role": "Candidate",
        "UUID": "UUID_7943dc4d-248a-4070-8ed8-4dc0508b1dca",
        "Zone": "Business1",
        "Width m": 132.70567524723447,
        "Width diff": 0.41290728588505715,
        "Aspect ratio": 1.2755099661117018,
        "Aspect diff": -0.44507802901425214,
        "Final allowable GFA m²": 39453.80219261632,
        "GFA diff": -0.19804520809407458,
        "KG site area m²": 15781.520877046529,
        "Master Plan GPR": 2.5,
        "Master Plan GPR cap m²": 39453.80219261632,
        "Final GFA basis": "Master Plan GPR cap",
        "Width and aspect match": false,
        "GFA match": true,
        "Non-road context plots": 17,
        "Educational plots": 1,
        "B1-family plots": 4,
        "Business2 plots": 0,
        "Residential plots": 6,
        "Residential share": 0.35294117647058826,
        "Non-residential plots": 11,
        "Non-residential share": 0.6470588235294118,
        "Bordering road plots": 2,
        "Road type counts": "{\"Major Arterials/Minor Arterials\":1,\"Local Collector/Primary Access\":1}",
        "Context zone counts": "{\"Business1\":4,\"EducationalInstitution\":1,\"Park\":3,\"PlaceOfWorship\":1,\"Residential\":6,\"TransportFacilities\":1,\"Utility\":1}",
        "Short address": "50 Gambas Crescent",
        "Full address": "50 Gambas Crescent, Sembawang, Singapore 757022",
        "Address feature type": "address",
        "Address source": "Mapbox Geocoding v6"
      }
    },
    {
      "type": "Feature",
      "id": "UUID_cac94b33-e06c-492a-a604-b2f275c6bcf0:Filter 1+2+3",
      "geometry": {
        "type": "Polygon",
        "coordinates": [
          [
            [
              103.805797753294,
              1.43573050299685
            ],
            [
              103.805716672362,
              1.43563652144451
            ],
            [
              103.805624484953,
              1.43552966613708
            ],
            [
              103.805577148512,
              1.43547479781548
            ],
            [
              103.80552374664,
              1.43541289889552
            ],
            [
              103.80543690312,
              1.43531223491967
            ],
            [
              103.805276741568,
              1.43512641063165
            ],
            [
              103.805049909721,
              1.4348638909429
            ],
            [
              103.804851497376,
              1.43463468744141
            ],
            [
              103.804840079973,
              1.43462305627718
            ],
            [
              103.80482676835,
              1.43460987772291
            ],
            [
              103.804806796424,
              1.43459010627384
            ],
            [
              103.804782430339,
              1.43457266802772
            ],
            [
              103.804760781582,
              1.43455717329301
            ],
            [
              103.804719377296,
              1.43453523652717
            ],
            [
              103.804700062119,
              1.43452548814803
            ],
            [
              103.804672205792,
              1.43451623615675
            ],
            [
              103.804638546338,
              1.43450707995447
            ],
            [
              103.804583661171,
              1.43449808717327
            ],
            [
              103.804516182986,
              1.43449790273339
            ],
            [
              103.804449289632,
              1.43451003392337
            ],
            [
              103.804415306402,
              1.43452339636907
            ],
            [
              103.804406288117,
              1.43452669546317
            ],
            [
              103.804397350456,
              1.43453020976875
            ],
            [
              103.804388498487,
              1.43453393729095
            ],
            [
              103.804353821027,
              1.43455105919561
            ],
            [
              103.804320931261,
              1.43457144313219
            ],
            [
              103.804290131229,
              1.43459490190475
            ],
            [
              103.804230082856,
              1.43464743110063
            ],
            [
              103.804097810905,
              1.4347631373087
            ],
            [
              103.804091234008,
              1.43476940446432
            ],
            [
              103.804085195363,
              1.43477621514939
            ],
            [
              103.804079740799,
              1.43478350425036
            ],
            [
              103.804074924232,
              1.43479122745408
            ],
            [
              103.804070763634,
              1.43479933049897
            ],
            [
              103.80406729495,
              1.43480775912368
            ],
            [
              103.804064545139,
              1.43481645002311
            ],
            [
              103.804062523187,
              1.43482534803117
            ],
            [
              103.804061256053,
              1.43483437446859
            ],
            [
              103.804060743738,
              1.43484349044774
            ],
            [
              103.804061005113,
              1.43485260643684
            ],
            [
              103.804072656865,
              1.4350199862137
            ],
            [
              103.804072674828,
              1.43502074587941
            ],
            [
              103.804072629888,
              1.43502151458796
            ],
            [
              103.804072531033,
              1.43502226520851
            ],
            [
              103.803821083297,
              1.43524485298572
            ],
            [
              103.803853034196,
              1.43535018554009
            ],
            [
              103.803890294674,
              1.43547301940827
            ],
            [
              103.803915691501,
              1.43555674662898
            ],
            [
              103.803985279893,
              1.4355353728937
            ],
            [
              103.80409122451,
              1.43551725081175
            ],
            [
              103.804198032515,
              1.43551178078348
            ],
            [
              103.804305054233,
              1.43551844731324
            ],
            [
              103.804410719805,
              1.43553836365272
            ],
            [
              103.804512898675,
              1.43557054040128
            ],
            [
              103.804610566444,
              1.43561514575809
            ],
            [
              103.804702168561,
              1.43567079060158
            ],
            [
              103.804787362675,
              1.43573648736305
            ],
            [
              103.804863617439,
              1.43581238161405
            ],
            [
              103.804930876269,
              1.43589648827654
            ],
            [
              103.804986615011,
              1.43598852696702
            ],
            [
              103.805090705851,
              1.43618910617584
            ],
            [
              103.805153837937,
              1.4363067710029
            ],
            [
              103.805260697399,
              1.43621113767761
            ],
            [
              103.805383224935,
              1.43610148238125
            ],
            [
              103.805536983483,
              1.43596387810115
            ],
            [
              103.805677127247,
              1.4358384572318
            ],
            [
              103.805760214968,
              1.43576409784326
            ],
            [
              103.805791437898,
              1.43573615519325
            ],
            [
              103.805797753294,
              1.43573050299685
            ]
          ]
        ]
      },
      "properties": {
        "Filter stage": "Filter 1+2+3",
        "Role": "Candidate",
        "UUID": "UUID_cac94b33-e06c-492a-a604-b2f275c6bcf0",
        "Zone": "Business1",
        "Width m": 145.57362449865468,
        "Width diff": 0.5499113681736153,
        "Aspect ratio": 1.4126475185475929,
        "Aspect diff": -0.3854151154222296,
        "Final allowable GFA m²": 51802.83050073663,
        "GFA diff": 0.052966402364407264,
        "KG site area m²": 20721.13220029465,
        "Master Plan GPR": 2.5,
        "Master Plan GPR cap m²": 51802.83050073663,
        "Final GFA basis": "Master Plan GPR cap",
        "Width and aspect match": false,
        "GFA match": true,
        "Non-road context plots": 11,
        "Educational plots": 1,
        "B1-family plots": 3,
        "Business2 plots": 1,
        "Residential plots": 1,
        "Residential share": 0.09090909090909091,
        "Non-residential plots": 10,
        "Non-residential share": 0.9090909090909091,
        "Bordering road plots": 2,
        "Road type counts": "{\"Local Collector/Primary Access\":1,\"Local Access\":1}",
        "Context zone counts": "{\"Business1\":3,\"Business2\":1,\"CivicAndCommunityInstitutionZone\":1,\"EducationalInstitution\":1,\"HealthAndMedicalCare\":1,\"Park\":3,\"Residential\":1}",
        "Short address": "21 Woodlands Close",
        "Full address": "21 Woodlands Close, Woodlands, Singapore 737854",
        "Address feature type": "address",
        "Address source": "Mapbox Geocoding v6"
      }
    },
    {
      "type": "Feature",
      "id": "UUID_2225eec2-632a-4a08-8e50-942fb6369610:Filter 1+2+3",
      "geometry": {
        "type": "Polygon",
        "coordinates": [
          [
            [
              103.937965239132,
              1.37239037065406
            ],
            [
              103.937974448302,
              1.37238411205842
            ],
            [
              103.937982434354,
              1.37237892695092
            ],
            [
              103.937990349221,
              1.37237363243508
            ],
            [
              103.93799819142,
              1.37236822949878
            ],
            [
              103.937805188468,
              1.37224298917379
            ],
            [
              103.937567120065,
              1.37208770516353
            ],
            [
              103.93732464241,
              1.371932419511
            ],
            [
              103.937099801833,
              1.37181706972201
            ],
            [
              103.936835283329,
              1.37170615844104
            ],
            [
              103.936561949605,
              1.37163073832495
            ],
            [
              103.936434099988,
              1.37160412395181
            ],
            [
              103.936243601239,
              1.37157832259226
            ],
            [
              103.936225249555,
              1.37159471948396
            ],
            [
              103.936148879446,
              1.37166295063013
            ],
            [
              103.936120771489,
              1.37168866287982
            ],
            [
              103.936093269195,
              1.37171502986173
            ],
            [
              103.93604488409,
              1.37176122499569
            ],
            [
              103.936043733067,
              1.37176226506262
            ],
            [
              103.936047876732,
              1.37177073514575
            ],
            [
              103.93637239479,
              1.37243425299683
            ],
            [
              103.936596029785,
              1.37232541046455
            ],
            [
              103.936677007146,
              1.37249394218591
            ],
            [
              103.93675798362,
              1.37266247390345
            ],
            [
              103.936844105778,
              1.37284171395264
            ],
            [
              103.936908147208,
              1.37297499976566
            ],
            [
              103.936909037668,
              1.37297447610079
            ],
            [
              103.937291419841,
              1.37274979308007
            ],
            [
              103.937965239132,
              1.37239037065406
            ]
          ]
        ]
      },
      "properties": {
        "Filter stage": "Filter 1+2+3",
        "Role": "Candidate",
        "UUID": "UUID_2225eec2-632a-4a08-8e50-942fb6369610",
        "Zone": "Business1",
        "Width m": 122.20949108785135,
        "Width diff": 0.30115520712011534,
        "Aspect ratio": 1.7922800212587346,
        "Aspect diff": -0.22025261395082193,
        "Final allowable GFA m²": 40949.63586013885,
        "GFA diff": -0.16764025569664995,
        "KG site area m²": 16379.854344055539,
        "Master Plan GPR": 2.5,
        "Master Plan GPR cap m²": 40949.63586013885,
        "Final GFA basis": "Master Plan GPR cap",
        "Width and aspect match": false,
        "GFA match": true,
        "Non-road context plots": 25,
        "Educational plots": 0,
        "B1-family plots": 5,
        "Business2 plots": 5,
        "Residential plots": 4,
        "Residential share": 0.16,
        "Non-residential plots": 21,
        "Non-residential share": 0.84,
        "Bordering road plots": 4,
        "Road type counts": "{\"Local Access\":1,\"Local Collector/Primary Access\":1,\"no category\":1,\"Expressway\":1}",
        "Context zone counts": "{\"Business1\":2,\"Business1White\":3,\"Business2\":5,\"CivicAndCommunityInstitutionZone\":1,\"OpenSpace\":1,\"Park\":2,\"PlaceOfWorship\":1,\"ReserveSite\":1,\"Residential\":4,\"Utility\":1,\"Waterbody\":4}",
        "Short address": "780 Pasir Ris Street 71",
        "Full address": "780 Pasir Ris Street 71, Tampines, Singapore 520665",
        "Address feature type": "address",
        "Address source": "Mapbox Geocoding v6"
      }
    },
    {
      "type": "Feature",
      "id": "UUID_7e586ca8-8334-4a52-9a43-8d430b030575:Filter 1+2+3",
      "geometry": {
        "type": "Polygon",
        "coordinates": [
          [
            [
              103.827032634156,
              1.38529492469118
            ],
            [
              103.826363538327,
              1.38462948260943
            ],
            [
              103.826275864534,
              1.38454226546806
            ],
            [
              103.825127063451,
              1.38419275212717
            ],
            [
              103.824949010138,
              1.38434408780024
            ],
            [
              103.824911755973,
              1.38437575488305
            ],
            [
              103.824911419898,
              1.38437786295473
            ],
            [
              103.824897588712,
              1.38446484193767
            ],
            [
              103.824947650796,
              1.38454213812161
            ],
            [
              103.824947967091,
              1.38454303886945
            ],
            [
              103.825860322699,
              1.38595067571446
            ],
            [
              103.825874529137,
              1.38596820233687
            ],
            [
              103.82588970604,
              1.38598483364176
            ],
            [
              103.82589047522,
              1.38598535365359
            ],
            [
              103.825909555552,
              1.3859982454249
            ],
            [
              103.825930240753,
              1.38600718060792
            ],
            [
              103.825952076144,
              1.38601214563572
            ],
            [
              103.825974396774,
              1.386014885929
            ],
            [
              103.825996340014,
              1.38601366420154
            ],
            [
              103.826017160046,
              1.38600844698953
            ],
            [
              103.826038438363,
              1.38599949385043
            ],
            [
              103.826059150587,
              1.38598701368916
            ],
            [
              103.826828530156,
              1.38548338458411
            ],
            [
              103.826906033411,
              1.38542513470125
            ],
            [
              103.826957566877,
              1.38537991663321
            ],
            [
              103.827032634156,
              1.38529492469118
            ]
          ]
        ]
      },
      "properties": {
        "Filter stage": "Filter 1+2+3",
        "Role": "Candidate",
        "UUID": "UUID_7e586ca8-8334-4a52-9a43-8d430b030575",
        "Zone": "Business1",
        "Width m": 148.8859382101873,
        "Width diff": 0.5851773217015444,
        "Aspect ratio": 1.497668174528664,
        "Aspect diff": -0.3484261218079018,
        "Final allowable GFA m²": 49489.44434315027,
        "GFA diff": 0.005943529751323193,
        "KG site area m²": 24744.722171575137,
        "Master Plan GPR": 2,
        "Master Plan GPR cap m²": 49489.44434315027,
        "Final GFA basis": "Master Plan GPR cap",
        "Width and aspect match": false,
        "GFA match": true,
        "Non-road context plots": 24,
        "Educational plots": 0,
        "B1-family plots": 20,
        "Business2 plots": 0,
        "Residential plots": 1,
        "Residential share": 0.041666666666666664,
        "Non-residential plots": 23,
        "Non-residential share": 0.9583333333333334,
        "Bordering road plots": 3,
        "Road type counts": "{\"Major Arterials/Minor Arterials\":2,\"Local Collector/Primary Access\":1}",
        "Context zone counts": "{\"Business1\":20,\"Park\":1,\"ReserveSite\":1,\"Residential\":1,\"Utility\":1}",
        "Short address": "680 Upper Thomson Road",
        "Full address": "680 Upper Thomson Road, Ang Mo Kio, Singapore 787103",
        "Address feature type": "address",
        "Address source": "Mapbox Geocoding v6"
      }
    },
    {
      "type": "Feature",
      "id": "UUID_a0351475-b07f-43fb-9fcd-72e278d01561:Filter 1+2+3",
      "geometry": {
        "type": "Polygon",
        "coordinates": [
          [
            [
              103.898297820594,
              1.328740724864
            ],
            [
              103.898321202074,
              1.32864475132778
            ],
            [
              103.898320898359,
              1.32864463376849
            ],
            [
              103.898320438343,
              1.32864631589773
            ],
            [
              103.897609719408,
              1.32837104619879
            ],
            [
              103.89743783318,
              1.32830428149573
            ],
            [
              103.897316131741,
              1.32825724869637
            ],
            [
              103.897194726826,
              1.32821013449024
            ],
            [
              103.897073196118,
              1.32816299315022
            ],
            [
              103.896951719328,
              1.32811590606439
            ],
            [
              103.896723708869,
              1.32802746515642
            ],
            [
              103.896532602421,
              1.3279533845783
            ],
            [
              103.896410766226,
              1.32790615277564
            ],
            [
              103.896289424244,
              1.32785908373958
            ],
            [
              103.896167893568,
              1.32781195139661
            ],
            [
              103.89604619217,
              1.3277647647899
            ],
            [
              103.895981217066,
              1.32773951660316
            ],
            [
              103.895924634546,
              1.32771765052241
            ],
            [
              103.895802978086,
              1.32767050912025
            ],
            [
              103.895755929321,
              1.32765225120562
            ],
            [
              103.89563078644,
              1.32760365385703
            ],
            [
              103.89545893626,
              1.32753708796916
            ],
            [
              103.895337540403,
              1.3274901816711
            ],
            [
              103.895215857004,
              1.32744294075936
            ],
            [
              103.895094245497,
              1.32739581740688
            ],
            [
              103.894972553126,
              1.32734873022473
            ],
            [
              103.894850932642,
              1.32730159781633
            ],
            [
              103.89472927622,
              1.32725445635891
            ],
            [
              103.89460762879,
              1.32720740533144
            ],
            [
              103.89448617006,
              1.32716032716208
            ],
            [
              103.89436462148,
              1.32711329420694
            ],
            [
              103.894243072903,
              1.32706617985278
            ],
            [
              103.89412144346,
              1.32701903836346
            ],
            [
              103.893999966776,
              1.32697195112596
            ],
            [
              103.893827972906,
              1.32690521329399
            ],
            [
              103.89324047477,
              1.32667744549214
            ],
            [
              103.893215389118,
              1.32675967088828
            ],
            [
              103.893185232412,
              1.32689541577139
            ],
            [
              103.893172568662,
              1.32695241905397
            ],
            [
              103.893161077004,
              1.32698779805768
            ],
            [
              103.893161215383,
              1.32698787492527
            ],
            [
              103.893179669238,
              1.3269981851313
            ],
            [
              103.893188042977,
              1.32700286410733
            ],
            [
              103.893439611507,
              1.32709060570505
            ],
            [
              103.894311236281,
              1.32739460702566
            ],
            [
              103.894368052359,
              1.3274146282361
            ],
            [
              103.89520385393,
              1.32772463057405
            ],
            [
              103.895454666145,
              1.32781765798529
            ],
            [
              103.895513090729,
              1.32784069065996
            ],
            [
              103.895742703305,
              1.32793111039119
            ],
            [
              103.896245808054,
              1.32812922834701
            ],
            [
              103.896398145116,
              1.32818921633363
            ],
            [
              103.896511161944,
              1.32823372080108
            ],
            [
              103.896589120419,
              1.32826442104927
            ],
            [
              103.896590452089,
              1.32826489490173
            ],
            [
              103.89659047635,
              1.32826492384075
            ],
            [
              103.896620956507,
              1.32827621313618
            ],
            [
              103.896621230568,
              1.32827631080042
            ],
            [
              103.89664328579,
              1.32828414383327
            ],
            [
              103.896695941649,
              1.32830619087059
            ],
            [
              103.896705583247,
              1.32831039591459
            ],
            [
              103.896705840236,
              1.32831050443164
            ],
            [
              103.896743152218,
              1.32832627557734
            ],
            [
              103.896759885277,
              1.32833315464247
            ],
            [
              103.896955671597,
              1.32841364702071
            ],
            [
              103.897602668337,
              1.32867964161465
            ],
            [
              103.897610268393,
              1.32868276508901
            ],
            [
              103.898058545952,
              1.32886706088877
            ],
            [
              103.898104266705,
              1.32888585688879
            ],
            [
              103.898248062169,
              1.32894497407866
            ],
            [
              103.89825792365,
              1.32890449538918
            ],
            [
              103.898295298621,
              1.32875108261174
            ],
            [
              103.898297820594,
              1.328740724864
            ]
          ]
        ]
      },
      "properties": {
        "Filter stage": "Filter 1+2+3",
        "Role": "Candidate",
        "UUID": "UUID_a0351475-b07f-43fb-9fcd-72e278d01561",
        "Zone": "Business1",
        "Width m": 35.67869399853953,
        "Width diff": -0.6201316438993026,
        "Aspect ratio": 17.1014748685283,
        "Aspect diff": 6.440148954489533,
        "Final allowable GFA m²": 47685.28843838732,
        "GFA diff": -0.030728511795050192,
        "KG site area m²": 19074.115375354926,
        "Master Plan GPR": 2.5,
        "Master Plan GPR cap m²": 47685.28843838732,
        "Final GFA basis": "Master Plan GPR cap",
        "Width and aspect match": false,
        "GFA match": true,
        "Non-road context plots": 44,
        "Educational plots": 0,
        "B1-family plots": 41,
        "Business2 plots": 0,
        "Residential plots": 1,
        "Residential share": 0.022727272727272728,
        "Non-residential plots": 43,
        "Non-residential share": 0.9772727272727273,
        "Bordering road plots": 2,
        "Road type counts": "{\"Local Collector/Primary Access\":2}",
        "Context zone counts": "{\"Business1\":41,\"Park\":1,\"PlaceOfWorship\":1,\"Residential\":1}",
        "Short address": "37 Ubi Crescent",
        "Full address": "37 Ubi Crescent, Geylang, Singapore 408586",
        "Address feature type": "address",
        "Address source": "Mapbox Geocoding v6"
      }
    },
    {
      "type": "Feature",
      "id": "UUID_18673aed-cba2-418b-9e65-f1fa6aa9bc8a:Filter 1+2+3",
      "geometry": {
        "type": "Polygon",
        "coordinates": [
          [
            [
              103.869874199485,
              1.37526690758234
            ],
            [
              103.869874082579,
              1.3752608845195
            ],
            [
              103.869757376109,
              1.37526671041906
            ],
            [
              103.869057559603,
              1.37530159334073
            ],
            [
              103.869057712401,
              1.37530431547428
            ],
            [
              103.869004777535,
              1.37530594412629
            ],
            [
              103.868935299923,
              1.37530547490083
            ],
            [
              103.868871725842,
              1.37529899246821
            ],
            [
              103.868812240161,
              1.37528549934242
            ],
            [
              103.86875540514,
              1.37526327092297
            ],
            [
              103.868702415889,
              1.37523290226376
            ],
            [
              103.868654431576,
              1.37519502911573
            ],
            [
              103.868612467601,
              1.37515051694047
            ],
            [
              103.868577557335,
              1.37510028003504
            ],
            [
              103.868550096167,
              1.37504543980533
            ],
            [
              103.868531207326,
              1.37498710860272
            ],
            [
              103.868518662335,
              1.37492400226352
            ],
            [
              103.868511679412,
              1.37485445676952
            ],
            [
              103.868508344931,
              1.37480123499297
            ],
            [
              103.86845914995,
              1.37369696195845
            ],
            [
              103.868447725369,
              1.37344099995957
            ],
            [
              103.86844401427,
              1.37344115375632
            ],
            [
              103.86849458442,
              1.37457069470587
            ],
            [
              103.868504858478,
              1.37480171435761
            ],
            [
              103.868508183975,
              1.37485503561435
            ],
            [
              103.868515193859,
              1.37492481624263
            ],
            [
              103.868527613055,
              1.37498828432935
            ],
            [
              103.868546834374,
              1.37504709484001
            ],
            [
              103.868574412364,
              1.37510242342462
            ],
            [
              103.86860973598,
              1.37515309441871
            ],
            [
              103.868652068375,
              1.37519800450872
            ],
            [
              103.86870047592,
              1.37523617609064
            ],
            [
              103.868753913562,
              1.37526680700877
            ],
            [
              103.8688112428,
              1.37528921629367
            ],
            [
              103.868871213714,
              1.37530292555521
            ],
            [
              103.868935147224,
              1.37530939079955
            ],
            [
              103.869004822521,
              1.37530984193475
            ],
            [
              103.869057865215,
              1.37530814997562
            ],
            [
              103.869874199485,
              1.37526690758234
            ]
          ]
        ]
      },
      "properties": {
        "Filter stage": "Filter 1+2+3",
        "Role": "Candidate",
        "UUID": "UUID_18673aed-cba2-418b-9e65-f1fa6aa9bc8a",
        "Zone": "Business1",
        "Width m": 103.09158504414154,
        "Width diff": 0.09760830763974461,
        "Aspect ratio": 2.493686303998166,
        "Aspect diff": 0.0849004363746711,
        "Final allowable GFA m²": 412.68198765379725,
        "GFA diff": -0.9916116501036708,
        "KG site area m²": 165.0727950615189,
        "Master Plan GPR": 2.5,
        "Master Plan GPR cap m²": 412.68198765379725,
        "Final GFA basis": "Master Plan GPR cap",
        "Width and aspect match": true,
        "GFA match": false,
        "Non-road context plots": 29,
        "Educational plots": 0,
        "B1-family plots": 17,
        "Business2 plots": 5,
        "Residential plots": 3,
        "Residential share": 0.10344827586206896,
        "Non-residential plots": 26,
        "Non-residential share": 0.896551724137931,
        "Bordering road plots": 1,
        "Road type counts": "{\"Local Collector/Primary Access\":1}",
        "Context zone counts": "{\"Business1\":17,\"Business2\":5,\"CivicAndCommunityInstitutionZone\":1,\"Commercial\":1,\"Residential\":3,\"TransportFacilities\":1,\"Waterbody\":1}",
        "Short address": "6 Serangoon North Avenue 5",
        "Full address": "6 Serangoon North Avenue 5, Serangoon, Singapore 554910",
        "Address feature type": "address",
        "Address source": "Mapbox Geocoding v6"
      }
    },
    {
      "type": "Feature",
      "id": "UUID_42a34276-777f-4661-9bed-969c13c5f685:Filter 1+2+3",
      "geometry": {
        "type": "Polygon",
        "coordinates": [
          [
            [
              103.810531390413,
              1.29214286106518
            ],
            [
              103.810530162173,
              1.29213530146884
            ],
            [
              103.810834070285,
              1.29208042372283
            ],
            [
              103.810678640889,
              1.29111914767334
            ],
            [
              103.809872339426,
              1.29125631165276
            ],
            [
              103.809836134423,
              1.2912624772754
            ],
            [
              103.809515781987,
              1.29133754378752
            ],
            [
              103.809287267855,
              1.29139653695491
            ],
            [
              103.809069334862,
              1.2914640447975
            ],
            [
              103.809026058065,
              1.29149788661589
            ],
            [
              103.809000698304,
              1.29152026668696
            ],
            [
              103.808891643801,
              1.29164189546198
            ],
            [
              103.808807228471,
              1.29173625244717
            ],
            [
              103.808804105106,
              1.29173976677836
            ],
            [
              103.808801051826,
              1.29174331638045
            ],
            [
              103.808798067733,
              1.2917469383324
            ],
            [
              103.808795136654,
              1.29175059465072
            ],
            [
              103.808792258588,
              1.29175432151001
            ],
            [
              103.808789468579,
              1.29175808364036
            ],
            [
              103.808786729786,
              1.29176189912874
            ],
            [
              103.808784062876,
              1.29176576707097
            ],
            [
              103.808781448082,
              1.29176967118831
            ],
            [
              103.808778903373,
              1.29177360967217
            ],
            [
              103.80877644672,
              1.2917776196017
            ],
            [
              103.808774042183,
              1.29178164671467
            ],
            [
              103.808771707732,
              1.29178572718585
            ],
            [
              103.808769444265,
              1.29178984202357
            ],
            [
              103.808767267956,
              1.29179401112402
            ],
            [
              103.808765144661,
              1.29179819740792
            ],
            [
              103.808763108524,
              1.29180243614583
            ],
            [
              103.808761125401,
              1.29180669297154
            ],
            [
              103.808759228537,
              1.29181100225125
            ],
            [
              103.808757404455,
              1.29181533052332
            ],
            [
              103.808755649561,
              1.29181969316193
            ],
            [
              103.808753981824,
              1.29182409197598
            ],
            [
              103.808752368001,
              1.29182850706911
            ],
            [
              103.808750841335,
              1.29183295743332
            ],
            [
              103.808749401827,
              1.29183742769441
            ],
            [
              103.808748033305,
              1.29184193141767
            ],
            [
              103.808746734868,
              1.29184645413328
            ],
            [
              103.80874552359,
              1.29185099312831
            ],
            [
              103.808744400368,
              1.29185556739441
            ],
            [
              103.808743329262,
              1.29186014256538
            ],
            [
              103.808742363285,
              1.29186475119888
            ],
            [
              103.808741469191,
              1.29186936254617
            ],
            [
              103.808740644285,
              1.29187399017271
            ],
            [
              103.808739907436,
              1.29187863588738
            ],
            [
              103.808739239774,
              1.29188329788131
            ],
            [
              103.808738661967,
              1.29188797977214
            ],
            [
              103.808738169521,
              1.29189264267213
            ],
            [
              103.808737748059,
              1.29189734084305
            ],
            [
              103.808737414655,
              1.29190202273625
            ],
            [
              103.808737151337,
              1.29190672090869
            ],
            [
              103.808736976076,
              1.2919114371693
            ],
            [
              103.808736887974,
              1.29191613534346
            ],
            [
              103.808736870856,
              1.29192083351831
            ],
            [
              103.808736256208,
              1.29192558504486
            ],
            [
              103.808736450248,
              1.29193028231741
            ],
            [
              103.808736659563,
              1.29193498230317
            ],
            [
              103.808737624552,
              1.29193964612174
            ],
            [
              103.808737992909,
              1.29194434339598
            ],
            [
              103.808738467295,
              1.29194902439269
            ],
            [
              103.808739011766,
              1.29195370539007
            ],
            [
              103.808739643396,
              1.29195836830101
            ],
            [
              103.808740363084,
              1.29196301402987
            ],
            [
              103.808741152858,
              1.29196765975943
            ],
            [
              103.80874201182,
              1.29197226931506
            ],
            [
              103.808742978607,
              1.29197687977611
            ],
            [
              103.808743994814,
              1.29198147124598
            ],
            [
              103.808745100875,
              1.29198604734251
            ],
            [
              103.808746294095,
              1.29199060354389
            ],
            [
              103.808747556503,
              1.29199512628443
            ],
            [
              103.808748890795,
              1.291999630034
            ],
            [
              103.808750313144,
              1.2920041166015
            ],
            [
              103.808751804681,
              1.29200856789945
            ],
            [
              103.808753384276,
              1.29201300111097
            ],
            [
              103.808755033957,
              1.29201741714024
            ],
            [
              103.808756753724,
              1.29202177981266
            ],
            [
              103.808758543578,
              1.29202612530283
            ],
            [
              103.80876042149,
              1.29203043552362
            ],
            [
              103.808762369488,
              1.29203470957052
            ],
            [
              103.808764387573,
              1.29203896643517
            ],
            [
              103.808766474846,
              1.29204317084733
            ],
            [
              103.808768651973,
              1.29204733908576
            ],
            [
              103.808770880318,
              1.29205147205447
            ],
            [
              103.808773179648,
              1.29205556975364
            ],
            [
              103.808775566137,
              1.2920596150005
            ],
            [
              103.808778005641,
              1.29206362497764
            ],
            [
              103.808780515231,
              1.29206759878087
            ],
            [
              103.808783094907,
              1.29207152013164
            ],
            [
              103.808785744671,
              1.29207538902992
            ],
            [
              103.80878846542,
              1.29207922175428
            ],
            [
              103.808791238285,
              1.292083002026
            ],
            [
              103.808794098308,
              1.29208674612398
            ],
            [
              103.808796994274,
              1.29209043776914
            ],
            [
              103.808799977399,
              1.29209407696199
            ],
            [
              103.808802996467,
              1.29209766189331
            ],
            [
              103.808806102693,
              1.29210117718937
            ],
            [
              103.808809243963,
              1.29210465721554
            ],
            [
              103.80881245532,
              1.29210806579758
            ],
            [
              103.808815719691,
              1.2921114391099
            ],
            [
              103.808819053251,
              1.2921147427868
            ],
            [
              103.808822440724,
              1.29211797411504
            ],
            [
              103.808825880313,
              1.29212117288665
            ],
            [
              103.808829372916,
              1.29212429930958
            ],
            [
              103.808832917636,
              1.29212735519256
            ],
            [
              103.80883651537,
              1.29213035771853
            ],
            [
              103.808840166118,
              1.29213328970457
            ],
            [
              103.808843868983,
              1.29213616923793
            ],
            [
              103.808847624862,
              1.29213897732699
            ],
            [
              103.808868069253,
              1.29215351428462
            ],
            [
              103.808888917994,
              1.29216745074778
            ],
            [
              103.808910117172,
              1.29218076953304
            ],
            [
              103.808931686555,
              1.29219350500641
            ],
            [
              103.808953605477,
              1.29220563908039
            ],
            [
              103.808975893707,
              1.29221712111075
            ],
            [
              103.808998445216,
              1.29222796737502
            ],
            [
              103.809021365132,
              1.29223829996345
            ],
            [
              103.809044460271,
              1.29224789278296
            ],
            [
              103.809067888776,
              1.29225677658349
            ],
            [
              103.809131083931,
              1.29227959883535
            ],
            [
              103.809151583205,
              1.29228678782743
            ],
            [
              103.809172326889,
              1.2922933935064
            ],
            [
              103.809193175707,
              1.29229936432214
            ],
            [
              103.809214287805,
              1.29230469846742
            ],
            [
              103.809235505038,
              1.29230939774946
            ],
            [
              103.809256880421,
              1.29231347754294
            ],
            [
              103.809278361838,
              1.29231683384545
            ],
            [
              103.80929993042,
              1.29231955438016
            ],
            [
              103.80932149811,
              1.29232162105893
            ],
            [
              103.809351455492,
              1.292323335115
            ],
            [
              103.809470126909,
              1.292318301641
            ],
            [
              103.809910534572,
              1.29224549807074
            ],
            [
              103.809911763708,
              1.29225307485029
            ],
            [
              103.809968502241,
              1.29224369620894
            ],
            [
              103.809967256033,
              1.29223610134196
            ],
            [
              103.810029100988,
              1.29222589253965
            ],
            [
              103.81042103759,
              1.29216110291249
            ],
            [
              103.810434191368,
              1.2921589289389
            ],
            [
              103.810531390413,
              1.29214286106518
            ]
          ]
        ]
      },
      "properties": {
        "Filter stage": "Filter 1+2+3",
        "Role": "Candidate",
        "UUID": "UUID_42a34276-777f-4661-9bed-969c13c5f685",
        "Zone": "Business1",
        "Width m": 109.43659825379291,
        "Width diff": 0.1651631833167001,
        "Aspect ratio": 2.085661097210478,
        "Aspect diff": -0.09261456388261623,
        "Final allowable GFA m²": 56138.47251305473,
        "GFA diff": 0.14109450902424803,
        "KG site area m²": 22455.389005221892,
        "Master Plan GPR": 2.5,
        "Master Plan GPR cap m²": 56138.47251305473,
        "Final GFA basis": "Master Plan GPR cap",
        "Width and aspect match": true,
        "GFA match": true,
        "Non-road context plots": 33,
        "Educational plots": 0,
        "B1-family plots": 24,
        "Business2 plots": 0,
        "Residential plots": 2,
        "Residential share": 0.06060606060606061,
        "Non-residential plots": 31,
        "Non-residential share": 0.9393939393939394,
        "Bordering road plots": 2,
        "Road type counts": "{\"Local Collector/Primary Access\":1,\"Major Arterials/Minor Arterials\":1}",
        "Context zone counts": "{\"Business1\":24,\"Commercial\":1,\"CommercialAndResidential\":1,\"HotelZone\":1,\"Park\":2,\"PlaceOfWorship\":2,\"ReserveSite\":1,\"Residential\":1}",
        "Short address": "30 Leng Kee Road",
        "Full address": "30 Leng Kee Road, Bukit Merah, Singapore 159937",
        "Address feature type": "address",
        "Address source": "Mapbox Geocoding v6"
      }
    },
    {
      "type": "Feature",
      "id": "UUID_5996b53b-d901-4338-9ccd-de81d2157125:Filter 1+2+3",
      "geometry": {
        "type": "Polygon",
        "coordinates": [
          [
            [
              103.840324317797,
              1.44207141556402
            ],
            [
              103.840320652401,
              1.44206656818582
            ],
            [
              103.840310737231,
              1.44205345584685
            ],
            [
              103.840302089089,
              1.44204201928993
            ],
            [
              103.840290939241,
              1.44202727367381
            ],
            [
              103.840280301596,
              1.44201320542448
            ],
            [
              103.840272368741,
              1.44200271482968
            ],
            [
              103.840257939896,
              1.44198363370377
            ],
            [
              103.840253764993,
              1.44197811257604
            ],
            [
              103.840240737069,
              1.44196088358264
            ],
            [
              103.840230418427,
              1.44194723766995
            ],
            [
              103.840216559297,
              1.44192890987701
            ],
            [
              103.840210571915,
              1.44192099128648
            ],
            [
              103.840200192169,
              1.44190726488547
            ],
            [
              103.840190317438,
              1.44189420680766
            ],
            [
              103.84018518822,
              1.44188742228657
            ],
            [
              103.840183603986,
              1.44188532778499
            ],
            [
              103.840172586234,
              1.44187075761441
            ],
            [
              103.840166145957,
              1.44186224033635
            ],
            [
              103.840161587348,
              1.44185500363163
            ],
            [
              103.840154931402,
              1.44184443706599
            ],
            [
              103.840149040167,
              1.44183508596287
            ],
            [
              103.840142368945,
              1.44182449497942
            ],
            [
              103.840141019244,
              1.44182235254582
            ],
            [
              103.840138972229,
              1.44181910226876
            ],
            [
              103.840128908784,
              1.44180312761824
            ],
            [
              103.840119071787,
              1.44178751290374
            ],
            [
              103.840094908377,
              1.44174915348447
            ],
            [
              103.840083505117,
              1.44173105177427
            ],
            [
              103.840071920339,
              1.44171265976378
            ],
            [
              103.84007123201,
              1.44171156729446
            ],
            [
              103.840069719663,
              1.44170916530892
            ],
            [
              103.840067873934,
              1.44170623608031
            ],
            [
              103.840065766713,
              1.44170289084518
            ],
            [
              103.840062996323,
              1.44169849383699
            ],
            [
              103.84006180208,
              1.44169659648546
            ],
            [
              103.840059990499,
              1.44169372151857
            ],
            [
              103.840058132191,
              1.44169114860931
            ],
            [
              103.840055944996,
              1.44168844456828
            ],
            [
              103.840010633936,
              1.44163242931782
            ],
            [
              103.839937603782,
              1.44155900424146
            ],
            [
              103.839860540744,
              1.44149194408618
            ],
            [
              103.839777140821,
              1.44143245799247
            ],
            [
              103.839686203483,
              1.44137947067455
            ],
            [
              103.839598122822,
              1.4413379244505
            ],
            [
              103.839324580396,
              1.44122181393224
            ],
            [
              103.839323538028,
              1.4412238406141
            ],
            [
              103.839300722629,
              1.44122213866183
            ],
            [
              103.839251785065,
              1.44124687404263
            ],
            [
              103.839240741355,
              1.44126843410273
            ],
            [
              103.839210962025,
              1.4413449795261
            ],
            [
              103.839187266205,
              1.44142361401351
            ],
            [
              103.839168484817,
              1.44150365929536
            ],
            [
              103.839089553933,
              1.44191919654132
            ],
            [
              103.838882941948,
              1.44300689338863
            ],
            [
              103.839039365171,
              1.44325352745346
            ],
            [
              103.839171032991,
              1.44316892750947
            ],
            [
              103.839341649595,
              1.44306355060266
            ],
            [
              103.839514099331,
              1.44296128468912
            ],
            [
              103.839688346258,
              1.44286213881214
            ],
            [
              103.839864309501,
              1.44276615818976
            ],
            [
              103.840035195654,
              1.44267166976887
            ],
            [
              103.840162356062,
              1.44259636302189
            ],
            [
              103.840247282479,
              1.44256407697922
            ],
            [
              103.840300263699,
              1.44252181590021
            ],
            [
              103.840343719745,
              1.44246948023771
            ],
            [
              103.840375925319,
              1.44240981926333
            ],
            [
              103.840395083231,
              1.44234502154332
            ],
            [
              103.840400591425,
              1.44227634414547
            ],
            [
              103.840392288174,
              1.4422098553509
            ],
            [
              103.840369418653,
              1.4421444066199
            ],
            [
              103.840324317797,
              1.44207141556402
            ]
          ]
        ]
      },
      "properties": {
        "Filter stage": "Filter 1+2+3",
        "Role": "Candidate",
        "UUID": "UUID_5996b53b-d901-4338-9ccd-de81d2157125",
        "Zone": "Business1",
        "Width m": 151.54236852916074,
        "Width diff": 0.6134601343629551,
        "Aspect ratio": 1.4954269044877275,
        "Aspect diff": -0.34940120630090593,
        "Final allowable GFA m²": 56371.4018744892,
        "GFA diff": 0.1458291304598703,
        "KG site area m²": 22548.56074979568,
        "Master Plan GPR": 2.5,
        "Master Plan GPR cap m²": 56371.4018744892,
        "Final GFA basis": "Master Plan GPR cap",
        "Width and aspect match": false,
        "GFA match": true,
        "Non-road context plots": 25,
        "Educational plots": 0,
        "B1-family plots": 10,
        "Business2 plots": 9,
        "Residential plots": 2,
        "Residential share": 0.08,
        "Non-residential plots": 23,
        "Non-residential share": 0.92,
        "Bordering road plots": 2,
        "Road type counts": "{\"Local Access\":1,\"Major Arterials/Minor Arterials\":1}",
        "Context zone counts": "{\"Business1\":10,\"Business2\":9,\"ReserveSite\":1,\"Residential\":2,\"TransportFacilities\":2,\"Utility\":1}",
        "Short address": "2 Yishun Avenue 7",
        "Full address": "2 Yishun Avenue 7, Yishun, Singapore 768924",
        "Address feature type": "address",
        "Address source": "Mapbox Geocoding v6"
      }
    },
    {
      "type": "Feature",
      "id": "UUID_5b5ea9ef-c834-4852-8a90-281a96bdb61c:Filter 1+2+3",
      "geometry": {
        "type": "Polygon",
        "coordinates": [
          [
            [
              103.896621230568,
              1.32827631080042
            ],
            [
              103.896620956507,
              1.32827621313618
            ],
            [
              103.89659047635,
              1.32826492384075
            ],
            [
              103.896590452089,
              1.32826489490173
            ],
            [
              103.896589120419,
              1.32826442104927
            ],
            [
              103.896511161944,
              1.32823372080108
            ],
            [
              103.896398145116,
              1.32818921633363
            ],
            [
              103.896245808054,
              1.32812922834701
            ],
            [
              103.895742703305,
              1.32793111039119
            ],
            [
              103.895513090729,
              1.32784069065996
            ],
            [
              103.895454666145,
              1.32781765798529
            ],
            [
              103.89520385393,
              1.32772463057405
            ],
            [
              103.894368052359,
              1.3274146282361
            ],
            [
              103.894311236281,
              1.32739460702566
            ],
            [
              103.893439611507,
              1.32709060570505
            ],
            [
              103.893188042977,
              1.32700286410733
            ],
            [
              103.893179669238,
              1.3269981851313
            ],
            [
              103.893161215383,
              1.32698787492527
            ],
            [
              103.893161077004,
              1.32698779805768
            ],
            [
              103.893079381113,
              1.32723969891113
            ],
            [
              103.893079370331,
              1.32723973327722
            ],
            [
              103.893079090902,
              1.32724059423864
            ],
            [
              103.89307754101,
              1.32724537474501
            ],
            [
              103.893077187006,
              1.32724646541673
            ],
            [
              103.893075232795,
              1.32725249033794
            ],
            [
              103.89307467124,
              1.32725422311323
            ],
            [
              103.893072907509,
              1.32725965928877
            ],
            [
              103.893072465453,
              1.32726102488933
            ],
            [
              103.893072451077,
              1.32726106920351
            ],
            [
              103.893071611889,
              1.32726365660963
            ],
            [
              103.893071366602,
              1.32726441175962
            ],
            [
              103.893070663086,
              1.32726658044186
            ],
            [
              103.893070350413,
              1.32726754631032
            ],
            [
              103.893069880503,
              1.32726899420869
            ],
            [
              103.893069849961,
              1.32726932791979
            ],
            [
              103.893069845469,
              1.32726935776392
            ],
            [
              103.893068280597,
              1.32728643943126
            ],
            [
              103.893067514331,
              1.32729480300918
            ],
            [
              103.893067395753,
              1.32729609896584
            ],
            [
              103.893066994204,
              1.32730047428916
            ],
            [
              103.893066806455,
              1.32730252358279
            ],
            [
              103.893066521688,
              1.32730563369789
            ],
            [
              103.893066128224,
              1.32730992581952
            ],
            [
              103.893065901848,
              1.32731239564341
            ],
            [
              103.893065694336,
              1.32731465565436
            ],
            [
              103.893065793184,
              1.32731492786555
            ],
            [
              103.89306580846,
              1.3273149676572
            ],
            [
              103.893069870193,
              1.32732612560288
            ],
            [
              103.893076362676,
              1.32734395860093
            ],
            [
              103.893077849881,
              1.32734804538618
            ],
            [
              103.893079991277,
              1.32735392731829
            ],
            [
              103.893081366156,
              1.32735770300503
            ],
            [
              103.893094133818,
              1.32736203640739
            ],
            [
              103.893127206277,
              1.32737326147461
            ],
            [
              103.893130926322,
              1.32737452387638
            ],
            [
              103.89324989768,
              1.32741490264469
            ],
            [
              103.893294760168,
              1.32743012923324
            ],
            [
              103.89335891208,
              1.32745190204161
            ],
            [
              103.893379001224,
              1.32745872045616
            ],
            [
              103.893413231931,
              1.3274703379851
            ],
            [
              103.893458390048,
              1.32748566494777
            ],
            [
              103.893474248763,
              1.32749104733483
            ],
            [
              103.893516117246,
              1.32750525748724
            ],
            [
              103.893525243941,
              1.32750849579154
            ],
            [
              103.894143255204,
              1.32772778886698
            ],
            [
              103.894149527168,
              1.32773001616047
            ],
            [
              103.894376184998,
              1.3278104410636
            ],
            [
              103.894524654502,
              1.32786554841277
            ],
            [
              103.894537188499,
              1.32783145447902
            ],
            [
              103.894613907778,
              1.32785994907863
            ],
            [
              103.894601562478,
              1.32789396251963
            ],
            [
              103.894749813638,
              1.32794886276075
            ],
            [
              103.894749822621,
              1.32794877413284
            ],
            [
              103.894890539339,
              1.32800088459037
            ],
            [
              103.895232089339,
              1.32812736940936
            ],
            [
              103.89557893385,
              1.3282616496631
            ],
            [
              103.895579216898,
              1.32826175908398
            ],
            [
              103.896083286673,
              1.32845678592921
            ],
            [
              103.896475682319,
              1.32861529641712
            ],
            [
              103.896483420752,
              1.32861842170022
            ],
            [
              103.896557464174,
              1.32843458881151
            ],
            [
              103.896598791483,
              1.32833201115997
            ],
            [
              103.896621147907,
              1.32827651518883
            ],
            [
              103.896621230568,
              1.32827631080042
            ]
          ]
        ]
      },
      "properties": {
        "Filter stage": "Filter 1+2+3",
        "Role": "Candidate",
        "UUID": "UUID_5b5ea9ef-c834-4852-8a90-281a96bdb61c",
        "Zone": "Business1",
        "Width m": 43.56982286191487,
        "Width diff": -0.5361153918125009,
        "Aspect ratio": 9.423775439647075,
        "Aspect diff": 3.099897437130705,
        "Final allowable GFA m²": 41819.43772458691,
        "GFA diff": -0.1499602924374086,
        "KG site area m²": 16727.775089834766,
        "Master Plan GPR": 2.5,
        "Master Plan GPR cap m²": 41819.43772458691,
        "Final GFA basis": "Master Plan GPR cap",
        "Width and aspect match": false,
        "GFA match": true,
        "Non-road context plots": 24,
        "Educational plots": 0,
        "B1-family plots": 15,
        "Business2 plots": 0,
        "Residential plots": 2,
        "Residential share": 0.08333333333333333,
        "Non-residential plots": 22,
        "Non-residential share": 0.9166666666666666,
        "Bordering road plots": 2,
        "Road type counts": "{\"Local Collector/Primary Access\":2}",
        "Context zone counts": "{\"Business1\":15,\"CivicAndCommunityInstitutionZone\":3,\"Park\":1,\"Residential\":2,\"Waterbody\":3}",
        "Short address": "3026 Ubi Road 1",
        "Full address": "3026 Ubi Road 1, Geylang, Singapore 408719",
        "Address feature type": "address",
        "Address source": "Mapbox Geocoding v6"
      }
    },
    {
      "type": "Feature",
      "id": "UUID_e0fdd143-b35d-4b69-bb99-932b77fcb2d6:Filter 1+2+3",
      "geometry": {
        "type": "Polygon",
        "coordinates": [
          [
            [
              103.861860197796,
              1.3343406004199
            ],
            [
              103.861861811257,
              1.33431037563712
            ],
            [
              103.861861307187,
              1.33431218256315
            ],
            [
              103.86005609166,
              1.334336426364
            ],
            [
              103.860022933273,
              1.33435226214782
            ],
            [
              103.859983704503,
              1.33439331620018
            ],
            [
              103.859939480691,
              1.33443791722368
            ],
            [
              103.859927520548,
              1.33448931057699
            ],
            [
              103.859921990676,
              1.33497729574733
            ],
            [
              103.859926404713,
              1.33500732964268
            ],
            [
              103.85992732041,
              1.33501355889504
            ],
            [
              103.859949447095,
              1.33506996476918
            ],
            [
              103.859972391187,
              1.33510014587389
            ],
            [
              103.860009593684,
              1.33513912448006
            ],
            [
              103.860048911143,
              1.33515551836918
            ],
            [
              103.86007311833,
              1.33515993502031
            ],
            [
              103.86182806224,
              1.33515979218911
            ],
            [
              103.861828061337,
              1.33515943948698
            ],
            [
              103.861828073913,
              1.33515905603631
            ],
            [
              103.861828090979,
              1.335158519748
            ],
            [
              103.861828123316,
              1.33515754303405
            ],
            [
              103.861828252662,
              1.33515355388102
            ],
            [
              103.86182842243,
              1.33514836373155
            ],
            [
              103.861828691004,
              1.33514011863788
            ],
            [
              103.86182968805,
              1.33510949232467
            ],
            [
              103.861830740787,
              1.33507716309259
            ],
            [
              103.86183162735,
              1.33504993899967
            ],
            [
              103.861832846261,
              1.3350125046284
            ],
            [
              103.861834559205,
              1.3349599257645
            ],
            [
              103.861836835344,
              1.3348900328369
            ],
            [
              103.861838787241,
              1.33483197261733
            ],
            [
              103.861840048404,
              1.33479624387683
            ],
            [
              103.861841293413,
              1.33476222167219
            ],
            [
              103.86184330737,
              1.33470942847031
            ],
            [
              103.861845150679,
              1.33466330495814
            ],
            [
              103.861848156429,
              1.33459188726342
            ],
            [
              103.861851253855,
              1.33452244108205
            ],
            [
              103.861851974318,
              1.33450682179542
            ],
            [
              103.861853678465,
              1.33447067975512
            ],
            [
              103.861854680116,
              1.33444987483951
            ],
            [
              103.861855838982,
              1.3344261849995
            ],
            [
              103.861856360923,
              1.33441566994807
            ],
            [
              103.861858290583,
              1.33437742254468
            ],
            [
              103.861860197796,
              1.3343406004199
            ]
          ]
        ]
      },
      "properties": {
        "Filter stage": "Filter 1+2+3",
        "Role": "Reference",
        "UUID": "UUID_e0fdd143-b35d-4b69-bb99-932b77fcb2d6",
        "Zone": "Business1",
        "Width m": 93.92383815482026,
        "Width diff": 0,
        "Aspect ratio": 2.2985393132766423,
        "Aspect diff": 0,
        "Final allowable GFA m²": 49197.04027062477,
        "GFA diff": 0,
        "KG site area m²": 19678.816108249906,
        "Master Plan GPR": 2.5,
        "Master Plan GPR cap m²": 49197.04027062477,
        "Final GFA basis": "Master Plan GPR cap",
        "Width and aspect match": true,
        "GFA match": true,
        "Non-road context plots": 11,
        "Educational plots": 0,
        "B1-family plots": 4,
        "Business2 plots": 0,
        "Residential plots": 2,
        "Residential share": 0.18181818181818182,
        "Non-residential plots": 9,
        "Non-residential share": 0.8181818181818182,
        "Bordering road plots": 4,
        "Road type counts": "{\"Slip Road\":1,\"Local Collector/Primary Access\":2,\"Local Access\":1}",
        "Context zone counts": "{\"Business1\":4,\"CivicAndCommunityInstitutionZone\":1,\"HealthAndMedicalCare\":1,\"PlaceOfWorship\":2,\"ReserveSite\":1,\"Residential\":2}"
      }
    },
    {
      "type": "Feature",
      "id": "UUID_f4b5ef04-2201-41ba-8d11-bc870af3f0e0:Filter 1+2+3",
      "geometry": {
        "type": "Polygon",
        "coordinates": [
          [
            [
              103.882045641772,
              1.33722602635268
            ],
            [
              103.882022022309,
              1.33713649748119
            ],
            [
              103.882047214935,
              1.33726082535141
            ],
            [
              103.882051604818,
              1.33728248207329
            ],
            [
              103.882056362672,
              1.33732752202861
            ],
            [
              103.882288622451,
              1.33780559142353
            ],
            [
              103.882481056699,
              1.33820764074074
            ],
            [
              103.882773957803,
              1.33855783176062
            ],
            [
              103.88277452301,
              1.33855850911793
            ],
            [
              103.882775434136,
              1.33855789322744
            ],
            [
              103.882775458397,
              1.33855787604403
            ],
            [
              103.88277548715,
              1.33855785705179
            ],
            [
              103.882776359639,
              1.33855726377119
            ],
            [
              103.883090893935,
              1.33834332821406
            ],
            [
              103.883117561803,
              1.33832111558089
            ],
            [
              103.883139522926,
              1.33829418407132
            ],
            [
              103.883155928186,
              1.33826350589434
            ],
            [
              103.883166198037,
              1.33823022598695
            ],
            [
              103.883207231179,
              1.338031192679
            ],
            [
              103.883165393908,
              1.33796704788748
            ],
            [
              103.883098505846,
              1.33795311300166
            ],
            [
              103.882775679464,
              1.33788585296144
            ],
            [
              103.882665352086,
              1.33785598495138
            ],
            [
              103.882559061687,
              1.33781372525657
            ],
            [
              103.882458359183,
              1.33775935600787
            ],
            [
              103.8824140668,
              1.33772661168107
            ],
            [
              103.88236621967,
              1.33769121492469
            ],
            [
              103.882281924396,
              1.33761402099476
            ],
            [
              103.882206433925,
              1.33752811695366
            ],
            [
              103.882141350398,
              1.3374339730395
            ],
            [
              103.882087542743,
              1.3373328842853
            ],
            [
              103.882079546072,
              1.33731244581418
            ],
            [
              103.882045641772,
              1.33722602635268
            ]
          ]
        ]
      },
      "properties": {
        "Filter stage": "Filter 1+2+3",
        "Role": "Candidate",
        "UUID": "UUID_f4b5ef04-2201-41ba-8d11-bc870af3f0e0",
        "Zone": "Business1",
        "Width m": 75.39657061117032,
        "Width diff": -0.19725841604886654,
        "Aspect ratio": 2.3705016825282827,
        "Aspect diff": 0.03130786967008877,
        "Final allowable GFA m²": 13713.131071674805,
        "GFA diff": -0.7212610556195832,
        "KG site area m²": 5485.252428669922,
        "Master Plan GPR": 2.5,
        "Master Plan GPR cap m²": 13713.131071674805,
        "Final GFA basis": "Master Plan GPR cap",
        "Width and aspect match": true,
        "GFA match": false,
        "Non-road context plots": 35,
        "Educational plots": 0,
        "B1-family plots": 21,
        "Business2 plots": 0,
        "Residential plots": 9,
        "Residential share": 0.2571428571428571,
        "Non-residential plots": 26,
        "Non-residential share": 0.7428571428571429,
        "Bordering road plots": 2,
        "Road type counts": "{\"Local Access\":2}",
        "Context zone counts": "{\"Business1\":21,\"CivicAndCommunityInstitutionZone\":1,\"Park\":1,\"Residential\":5,\"ResidentialWithCommercialAtFirstStorey\":4,\"Utility\":1,\"Waterbody\":2}",
        "Short address": "135 Joo Seng Road",
        "Full address": "135 Joo Seng Road, Toa Payoh, Singapore 368363",
        "Address feature type": "address",
        "Address source": "Mapbox Geocoding v6"
      }
    },
    {
      "type": "Feature",
      "id": "UUID_ef272b8e-e256-4963-9452-52309e4f05e6:Filter 1+2+3",
      "geometry": {
        "type": "Polygon",
        "coordinates": [
          [
            [
              103.759296938816,
              1.33659728143571
            ],
            [
              103.759310229146,
              1.33639495214832
            ],
            [
              103.759029832934,
              1.33641183262238
            ],
            [
              103.758826227587,
              1.3364234176463
            ],
            [
              103.758758719262,
              1.33644372397743
            ],
            [
              103.757931994634,
              1.33690829013171
            ],
            [
              103.757902884461,
              1.33692485808014
            ],
            [
              103.757901308363,
              1.33692575606462
            ],
            [
              103.758354924962,
              1.33773757307239
            ],
            [
              103.758328249686,
              1.33793781647298
            ],
            [
              103.758440677684,
              1.33795294089098
            ],
            [
              103.758633443199,
              1.33799273880986
            ],
            [
              103.758823244001,
              1.33804503493033
            ],
            [
              103.75900843482,
              1.33811025425402
            ],
            [
              103.759117435802,
              1.33815293902263
            ],
            [
              103.75914555145,
              1.33807088062373
            ],
            [
              103.759227400058,
              1.3376560623061
            ],
            [
              103.759296938816,
              1.33659728143571
            ]
          ]
        ]
      },
      "properties": {
        "Filter stage": "Filter 1+2+3",
        "Role": "Candidate",
        "UUID": "UUID_ef272b8e-e256-4963-9452-52309e4f05e6",
        "Zone": "Business1",
        "Width m": 152.58517522915645,
        "Width diff": 0.6245628184150781,
        "Aspect ratio": 1.2804733684924752,
        "Aspect diff": -0.44291865660234503,
        "Final allowable GFA m²": 50721.05718531839,
        "GFA diff": 0.03097781708635829,
        "KG site area m²": 20288.422874127355,
        "Master Plan GPR": 2.5,
        "Master Plan GPR cap m²": 50721.05718531839,
        "Final GFA basis": "Master Plan GPR cap",
        "Width and aspect match": false,
        "GFA match": true,
        "Non-road context plots": 29,
        "Educational plots": 0,
        "B1-family plots": 20,
        "Business2 plots": 1,
        "Residential plots": 1,
        "Residential share": 0.034482758620689655,
        "Non-residential plots": 28,
        "Non-residential share": 0.9655172413793104,
        "Bordering road plots": 2,
        "Road type counts": "{\"Slip Road\":1,\"Local Collector/Primary Access\":1}",
        "Context zone counts": "{\"Business1\":20,\"Business2\":1,\"CivicAndCommunityInstitutionZone\":2,\"Park\":2,\"ReserveSite\":1,\"Residential\":1,\"TransportFacilities\":1,\"Waterbody\":1}",
        "Short address": "31 Bukit Batok Crescent",
        "Full address": "31 Bukit Batok Crescent, Bukit Batok, Singapore 658070",
        "Address feature type": "address",
        "Address source": "Mapbox Geocoding v6"
      }
    },
    {
      "type": "Feature",
      "id": "UUID_36049d31-03a3-4510-b7a6-4b3fec66e4e1:Filter 1+2+3",
      "geometry": {
        "type": "Polygon",
        "coordinates": [
          [
            [
              103.759310229146,
              1.33639495214832
            ],
            [
              103.759296938816,
              1.33659728143571
            ],
            [
              103.759227400058,
              1.3376560623061
            ],
            [
              103.75914555145,
              1.33807088062373
            ],
            [
              103.759117435802,
              1.33815293902263
            ],
            [
              103.75911821035,
              1.33815324200806
            ],
            [
              103.760185220274,
              1.33857069511946
            ],
            [
              103.76018551055,
              1.33856928432066
            ],
            [
              103.760192878808,
              1.33850590672808
            ],
            [
              103.760200922591,
              1.33841856080239
            ],
            [
              103.760205879679,
              1.33833622857678
            ],
            [
              103.76021050308,
              1.33826474780211
            ],
            [
              103.760214146933,
              1.33822763463048
            ],
            [
              103.760216237562,
              1.33808657836073
            ],
            [
              103.760212254259,
              1.33796503988786
            ],
            [
              103.760209005726,
              1.33791264909197
            ],
            [
              103.760205402355,
              1.33782681400826
            ],
            [
              103.760200738241,
              1.33772562460432
            ],
            [
              103.760192296766,
              1.33764889541437
            ],
            [
              103.76018357537,
              1.3375879889648
            ],
            [
              103.760168381298,
              1.33750908819475
            ],
            [
              103.760150960907,
              1.33738953710989
            ],
            [
              103.760131361339,
              1.33727589055065
            ],
            [
              103.760114475004,
              1.3372065045409
            ],
            [
              103.760096337609,
              1.33714617569682
            ],
            [
              103.760073041326,
              1.33706467101961
            ],
            [
              103.760060011752,
              1.33702054671905
            ],
            [
              103.760018385976,
              1.33690267340544
            ],
            [
              103.759960642143,
              1.33674568768147
            ],
            [
              103.75992924903,
              1.33666203218254
            ],
            [
              103.759917268546,
              1.3366323578375
            ],
            [
              103.759904894347,
              1.33660766200324
            ],
            [
              103.759893832137,
              1.33657978465658
            ],
            [
              103.759875626298,
              1.33655516551764
            ],
            [
              103.759855154365,
              1.33652831795795
            ],
            [
              103.759843767427,
              1.33651219642623
            ],
            [
              103.759824226306,
              1.33648849969779
            ],
            [
              103.759803864587,
              1.33647204599407
            ],
            [
              103.759781688735,
              1.33645380883013
            ],
            [
              103.759762247971,
              1.33643960340221
            ],
            [
              103.759736966609,
              1.33642457120956
            ],
            [
              103.759712162301,
              1.3364122448875
            ],
            [
              103.759680191071,
              1.33640091767091
            ],
            [
              103.759650010679,
              1.33638911481265
            ],
            [
              103.759611363018,
              1.33638284911776
            ],
            [
              103.759569605367,
              1.33637933711601
            ],
            [
              103.759310229146,
              1.33639495214832
            ]
          ]
        ]
      },
      "properties": {
        "Filter stage": "Filter 1+2+3",
        "Role": "Candidate",
        "UUID": "UUID_36049d31-03a3-4510-b7a6-4b3fec66e4e1",
        "Zone": "Business1",
        "Width m": 123.24486090879873,
        "Width diff": 0.31217871128357083,
        "Aspect ratio": 1.8942308022859968,
        "Aspect diff": -0.17589801864832608,
        "Final allowable GFA m²": 52996.02098743599,
        "GFA diff": 0.07721970053307395,
        "KG site area m²": 21198.408394974398,
        "Master Plan GPR": 2.5,
        "Master Plan GPR cap m²": 52996.02098743599,
        "Final GFA basis": "Master Plan GPR cap",
        "Width and aspect match": false,
        "GFA match": true,
        "Non-road context plots": 45,
        "Educational plots": 1,
        "B1-family plots": 15,
        "Business2 plots": 0,
        "Residential plots": 24,
        "Residential share": 0.5333333333333333,
        "Non-residential plots": 21,
        "Non-residential share": 0.4666666666666667,
        "Bordering road plots": 2,
        "Road type counts": "{\"Major Arterials/Minor Arterials\":1,\"Local Collector/Primary Access\":1}",
        "Context zone counts": "{\"Business1\":15,\"CivicAndCommunityInstitutionZone\":1,\"EducationalInstitution\":1,\"OpenSpace\":1,\"Park\":1,\"ReserveSite\":1,\"Residential\":24,\"TransportFacilities\":1}",
        "Short address": "21 Bukit Batok Crescent",
        "Full address": "21 Bukit Batok Crescent, Bukit Batok, Singapore 658065",
        "Address feature type": "address",
        "Address source": "Mapbox Geocoding v6"
      }
    },
    {
      "type": "Feature",
      "id": "UUID_3aa251f9-6934-4f6a-9f8a-e20a0dc02170:Filter 1+2+3",
      "geometry": {
        "type": "Polygon",
        "coordinates": [
          [
            [
              103.820947601082,
              1.44116528694724
            ],
            [
              103.820610785593,
              1.44092029747165
            ],
            [
              103.82060908633,
              1.44092314892089
            ],
            [
              103.820608116734,
              1.44092476591776
            ],
            [
              103.820605305895,
              1.44092944869726
            ],
            [
              103.820599432607,
              1.44093921307924
            ],
            [
              103.820586223102,
              1.44096108323254
            ],
            [
              103.820575366148,
              1.44097895792015
            ],
            [
              103.820547784344,
              1.44102398332064
            ],
            [
              103.820538052445,
              1.44103973818587
            ],
            [
              103.820523172434,
              1.44106369650514
            ],
            [
              103.820519824229,
              1.44106906659792
            ],
            [
              103.820513356965,
              1.44107939439487
            ],
            [
              103.820513040655,
              1.44107991892403
            ],
            [
              103.820511659499,
              1.44108212646803
            ],
            [
              103.820489534931,
              1.44111728800368
            ],
            [
              103.820474111266,
              1.44114160173446
            ],
            [
              103.820376436451,
              1.44129195616593
            ],
            [
              103.820355274297,
              1.44132373990721
            ],
            [
              103.820329606536,
              1.44136192742182
            ],
            [
              103.82030016194,
              1.44140525350894
            ],
            [
              103.820272194652,
              1.44144593976653
            ],
            [
              103.820236581135,
              1.44149711117234
            ],
            [
              103.820181822841,
              1.44157443666472
            ],
            [
              103.820147963407,
              1.44162145433672
            ],
            [
              103.820099457614,
              1.44168778460947
            ],
            [
              103.820045894478,
              1.44175967307077
            ],
            [
              103.820012345968,
              1.44180399573861
            ],
            [
              103.81997155291,
              1.44185718112742
            ],
            [
              103.819924538815,
              1.44191753898712
            ],
            [
              103.819884099812,
              1.44196867327949
            ],
            [
              103.819866297558,
              1.44199095940828
            ],
            [
              103.819853184222,
              1.44200728852117
            ],
            [
              103.819848512377,
              1.44201308908211
            ],
            [
              103.819844363519,
              1.44201838048938
            ],
            [
              103.819842411749,
              1.44202101941101
            ],
            [
              103.81984013019,
              1.44202424164527
            ],
            [
              103.81983823503,
              1.442027041544
            ],
            [
              103.819835591331,
              1.44203115366996
            ],
            [
              103.819835254354,
              1.44203171166036
            ],
            [
              103.819835234584,
              1.44203174331297
            ],
            [
              103.819833641355,
              1.44203435781891
            ],
            [
              103.819831418201,
              1.44203821220374
            ],
            [
              103.819828992858,
              1.44204269512013
            ],
            [
              103.819826800254,
              1.44204703967025
            ],
            [
              103.819824758614,
              1.44205137969947
            ],
            [
              103.819823125839,
              1.44205508938961
            ],
            [
              103.81982137894,
              1.44205934079294
            ],
            [
              103.819819667983,
              1.44206384541831
            ],
            [
              103.819817406173,
              1.44207046625145
            ],
            [
              103.819816065438,
              1.44207485783357
            ],
            [
              103.81981491431,
              1.44207900523861
            ],
            [
              103.819813969862,
              1.44208273754195
            ],
            [
              103.819813406426,
              1.44208514766785
            ],
            [
              103.819812776492,
              1.44208804705411
            ],
            [
              103.819812788173,
              1.44208812030764
            ],
            [
              103.819812328079,
              1.44209026816868
            ],
            [
              103.819811642426,
              1.44209399414302
            ],
            [
              103.819810774348,
              1.44209954512222
            ],
            [
              103.819810048246,
              1.44210546056085
            ],
            [
              103.81980944165,
              1.44211259779553
            ],
            [
              103.819809136986,
              1.44211929189383
            ],
            [
              103.819809088422,
              1.44212596338454
            ],
            [
              103.819809222283,
              1.44213105585734
            ],
            [
              103.819809710176,
              1.44213881077898
            ],
            [
              103.819810430811,
              1.4421456739994
            ],
            [
              103.819811214356,
              1.44215122860593
            ],
            [
              103.819812281855,
              1.44215730684074
            ],
            [
              103.819813926244,
              1.44216489536636
            ],
            [
              103.819815480783,
              1.44217089944626
            ],
            [
              103.819817389368,
              1.44217729783084
            ],
            [
              103.819819306942,
              1.44218296729833
            ],
            [
              103.81982169448,
              1.44218926349267
            ],
            [
              103.819824294986,
              1.44219540504208
            ],
            [
              103.819827511927,
              1.44220221672867
            ],
            [
              103.819829966869,
              1.44220695651347
            ],
            [
              103.819831939271,
              1.44221052062258
            ],
            [
              103.81983274171,
              1.44221192239111
            ],
            [
              103.819835180481,
              1.4422159974685
            ],
            [
              103.819837542874,
              1.44221972074793
            ],
            [
              103.819839872918,
              1.44222319804026
            ],
            [
              103.819842869717,
              1.44222742324534
            ],
            [
              103.819844890648,
              1.44223013001794
            ],
            [
              103.819847563059,
              1.44223354671992
            ],
            [
              103.819849809538,
              1.44223628966842
            ],
            [
              103.819852109933,
              1.44223898468596
            ],
            [
              103.819854354616,
              1.44224151149152
            ],
            [
              103.819856967722,
              1.44224433221746
            ],
            [
              103.819859644629,
              1.44224709687324
            ],
            [
              103.819862034886,
              1.442249465416
            ],
            [
              103.819864997547,
              1.44225227710038
            ],
            [
              103.819868645836,
              1.44225556538851
            ],
            [
              103.819871990401,
              1.44225842048462
            ],
            [
              103.819874938687,
              1.44226082068342
            ],
            [
              103.819878321893,
              1.44226344516701
            ],
            [
              103.819881564021,
              1.44226583813263
            ],
            [
              103.819884024372,
              1.44226757814301
            ],
            [
              103.81988609743,
              1.44226899619762
            ],
            [
              103.819888775241,
              1.44227080041912
            ],
            [
              103.820030774787,
              1.44235874881971
            ],
            [
              103.820146698029,
              1.44242853653211
            ],
            [
              103.820253516852,
              1.44246868728318
            ],
            [
              103.8203989293,
              1.44255650726085
            ],
            [
              103.820449326045,
              1.44259818786267
            ],
            [
              103.820450298323,
              1.44259899184753
            ],
            [
              103.820505038873,
              1.44264426460548
            ],
            [
              103.820653698867,
              1.44273376037116
            ],
            [
              103.820722873743,
              1.44275432960596
            ],
            [
              103.820739172471,
              1.44276291120393
            ],
            [
              103.820756228728,
              1.44276954390223
            ],
            [
              103.820756331168,
              1.44276958007735
            ],
            [
              103.820774132373,
              1.44277424036243
            ],
            [
              103.820792127687,
              1.44277681789886
            ],
            [
              103.820792344249,
              1.44277684141351
            ],
            [
              103.820810624431,
              1.44277734162796
            ],
            [
              103.820810731364,
              1.44277733981981
            ],
            [
              103.820829056486,
              1.44277573829313
            ],
            [
              103.820829105909,
              1.44277573015413
            ],
            [
              103.820847081489,
              1.44277204949321
            ],
            [
              103.820847174943,
              1.44277202417154
            ],
            [
              103.82086457543,
              1.44276632768063
            ],
            [
              103.820864633839,
              1.44276630416749
            ],
            [
              103.820881309168,
              1.44275864249014
            ],
            [
              103.820881388245,
              1.44275859908111
            ],
            [
              103.820897067937,
              1.44274909611366
            ],
            [
              103.820897129042,
              1.44274905270455
            ],
            [
              103.820911647755,
              1.44273780883048
            ],
            [
              103.820911710657,
              1.44273775366464
            ],
            [
              103.820912263298,
              1.44273727525928
            ],
            [
              103.820914374115,
              1.44273538786384
            ],
            [
              103.820916451685,
              1.44273346429366
            ],
            [
              103.820918495108,
              1.44273150454874
            ],
            [
              103.820920505283,
              1.44272950953346
            ],
            [
              103.820922479514,
              1.44272747924779
            ],
            [
              103.8209244187,
              1.44272541459611
            ],
            [
              103.820924860813,
              1.44272493076395
            ],
            [
              103.820924916526,
              1.44272486745881
            ],
            [
              103.82093653458,
              1.44271062469862
            ],
            [
              103.820936578611,
              1.44271056320214
            ],
            [
              103.820946519887,
              1.44269507783701
            ],
            [
              103.820946563919,
              1.4426949964445
            ],
            [
              103.820947529023,
              1.44269326911513
            ],
            [
              103.820948870643,
              1.44269076946121
            ],
            [
              103.820950169131,
              1.44268824719797
            ],
            [
              103.820951424487,
              1.44268570142103
            ],
            [
              103.820952634913,
              1.44268313484347
            ],
            [
              103.82095379951,
              1.4426805474653
            ],
            [
              103.820954688235,
              1.44267849094712
            ],
            [
              103.820990848286,
              1.44259316081224
            ],
            [
              103.820991380263,
              1.44259190646269
            ],
            [
              103.820992092857,
              1.44259074616795
            ],
            [
              103.82113085559,
              1.44236483958141
            ],
            [
              103.82116011723,
              1.44225366359597
            ],
            [
              103.821201057868,
              1.44215705245017
            ],
            [
              103.821201396644,
              1.44215625480319
            ],
            [
              103.821226367196,
              1.44209732931107
            ],
            [
              103.82126790255,
              1.44202928430342
            ],
            [
              103.82142035246,
              1.44166953736773
            ],
            [
              103.821420386607,
              1.44166945778391
            ],
            [
              103.821459900233,
              1.44157621447568
            ],
            [
              103.821470338472,
              1.44155158237605
            ],
            [
              103.821472305527,
              1.44154694028744
            ],
            [
              103.821466962485,
              1.44154305511293
            ],
            [
              103.821466880713,
              1.44154299542449
            ],
            [
              103.82141710218,
              1.44150678805743
            ],
            [
              103.821417061743,
              1.44150675911757
            ],
            [
              103.821365367408,
              1.4414691581148
            ],
            [
              103.821365227228,
              1.4414690550166
            ],
            [
              103.821158240534,
              1.44131849996383
            ],
            [
              103.821158094961,
              1.4413183941525
            ],
            [
              103.820947601082,
              1.44116528694724
            ]
          ]
        ]
      },
      "properties": {
        "Filter stage": "Filter 1+2+3",
        "Role": "Candidate",
        "UUID": "UUID_3aa251f9-6934-4f6a-9f8a-e20a0dc02170",
        "Zone": "Business1",
        "Width m": 143.4671594635729,
        "Width diff": 0.5274839942878764,
        "Aspect ratio": 1.173733867455133,
        "Aspect diff": -0.48935662719558304,
        "Final allowable GFA m²": 53880.771924686924,
        "GFA diff": 0.0952035250148733,
        "KG site area m²": 21552.30876987477,
        "Master Plan GPR": 2.5,
        "Master Plan GPR cap m²": 53880.771924686924,
        "Final GFA basis": "Master Plan GPR cap",
        "Width and aspect match": false,
        "GFA match": true,
        "Non-road context plots": 30,
        "Educational plots": 1,
        "B1-family plots": 3,
        "Business2 plots": 6,
        "Residential plots": 11,
        "Residential share": 0.36666666666666664,
        "Non-residential plots": 19,
        "Non-residential share": 0.6333333333333333,
        "Bordering road plots": 3,
        "Road type counts": "{\"no category\":1,\"Local Access\":1,\"Major Arterials/Minor Arterials\":1}",
        "Context zone counts": "{\"Business1\":3,\"Business2\":6,\"EducationalInstitution\":1,\"OpenSpace\":3,\"Park\":3,\"Residential\":11,\"Utility\":1,\"Waterbody\":2}",
        "Short address": "371 Sembawang Link",
        "Full address": "371 Sembawang Link, Sembawang, Singapore 750371",
        "Address feature type": "address",
        "Address source": "Mapbox Geocoding v6"
      }
    },
    {
      "type": "Feature",
      "id": "UUID_48f0a6c8-3051-44ac-aae6-b47ab34effa1:Filter 1+2+3+4",
      "geometry": {
        "type": "Polygon",
        "coordinates": [
          [
            [
              103.84305028,
              1.34847393780289
            ],
            [
              103.842667751284,
              1.34802935465617
            ],
            [
              103.842569349294,
              1.34791456315106
            ],
            [
              103.842564189123,
              1.34798678661927
            ],
            [
              103.842562772165,
              1.34800661843247
            ],
            [
              103.842494194115,
              1.3480663790952
            ],
            [
              103.84243730612,
              1.34806225540806
            ],
            [
              103.841623282955,
              1.34877185884688
            ],
            [
              103.841615070481,
              1.34888665889648
            ],
            [
              103.842028267216,
              1.34936674834874
            ],
            [
              103.842194321094,
              1.34922160629829
            ],
            [
              103.84236037585,
              1.34907649136733
            ],
            [
              103.842434380333,
              1.34901160294193
            ],
            [
              103.842608278588,
              1.34885966905652
            ],
            [
              103.842819386171,
              1.34867531354798
            ],
            [
              103.84305028,
              1.34847393780289
            ]
          ]
        ]
      },
      "properties": {
        "Filter stage": "Filter 1+2+3+4",
        "Role": "Candidate",
        "UUID": "UUID_48f0a6c8-3051-44ac-aae6-b47ab34effa1",
        "Zone": "Business1",
        "Width m": 81.79475932676723,
        "Width diff": -0.12913738478255055,
        "Aspect ratio": 1.8428034628365686,
        "Aspect diff": -0.1982719407093401,
        "Final allowable GFA m²": 29765.364710375743,
        "GFA diff": -0.3949765159318243,
        "KG site area m²": 11906.145884150297,
        "Master Plan GPR": 2.5,
        "Master Plan GPR cap m²": 29765.364710375743,
        "Final GFA basis": "Master Plan GPR cap",
        "Width and aspect match": true,
        "GFA match": false,
        "Non-road context plots": 67,
        "Educational plots": 0,
        "B1-family plots": 16,
        "Business2 plots": 0,
        "Residential plots": 49,
        "Residential share": 0.7313432835820896,
        "Non-residential plots": 18,
        "Non-residential share": 0.26865671641791045,
        "Bordering road plots": 3,
        "Road type counts": "{\"Local Access\":2,\"Local Collector/Primary Access\":1}",
        "Context zone counts": "{\"Business1\":16,\"Park\":1,\"Residential\":46,\"ResidentialWithCommercialAtFirstStorey\":3,\"Utility\":1}",
        "Short address": "40 Jalan Pemimpin",
        "Full address": "40 Jalan Pemimpin, Bishan, Singapore 577185",
        "Address feature type": "address",
        "Address source": "Mapbox Geocoding v6"
      }
    },
    {
      "type": "Feature",
      "id": "UUID_0420f7e5-cf3b-466b-98ab-326ad3e03e7a:Filter 1+2+3+4",
      "geometry": {
        "type": "Polygon",
        "coordinates": [
          [
            [
              103.917960869154,
              1.33986177904337
            ],
            [
              103.917941043379,
              1.33978366895081
            ],
            [
              103.917912006314,
              1.33964820625209
            ],
            [
              103.91789806808,
              1.33957544164712
            ],
            [
              103.917860274782,
              1.33934123089356
            ],
            [
              103.91783003175,
              1.33914995001329
            ],
            [
              103.917768835604,
              1.33876045180616
            ],
            [
              103.917759628804,
              1.33870279261944
            ],
            [
              103.917752588613,
              1.33866892490869
            ],
            [
              103.917742630288,
              1.33863580731731
            ],
            [
              103.917729830238,
              1.33860369402616
            ],
            [
              103.917714286703,
              1.33857283150436
            ],
            [
              103.917696118979,
              1.33854345662143
            ],
            [
              103.917675466502,
              1.33851579482924
            ],
            [
              103.917652487782,
              1.33849005843172
            ],
            [
              103.917627359178,
              1.33846644495543
            ],
            [
              103.917600273553,
              1.33844513563353
            ],
            [
              103.917571438789,
              1.33842629401481
            ],
            [
              103.917541076192,
              1.33841006470847
            ],
            [
              103.917509418794,
              1.33839657227426
            ],
            [
              103.917476709567,
              1.33838592026645
            ],
            [
              103.917443199558,
              1.33837819040844
            ],
            [
              103.917239016249,
              1.33833928630014
            ],
            [
              103.917109102398,
              1.3385139052832
            ],
            [
              103.916585196829,
              1.33921820178444
            ],
            [
              103.916561644892,
              1.33924986345307
            ],
            [
              103.916409609446,
              1.33945424847728
            ],
            [
              103.916392810761,
              1.33947683010398
            ],
            [
              103.916382649426,
              1.33949049176646
            ],
            [
              103.916365196621,
              1.33951395336104
            ],
            [
              103.916400604559,
              1.33954853713401
            ],
            [
              103.91643560264,
              1.33958354096109
            ],
            [
              103.916470185908,
              1.33961895995343
            ],
            [
              103.916490370053,
              1.33964058802302
            ],
            [
              103.916568134103,
              1.3397240246606
            ],
            [
              103.916596197323,
              1.33975550054921
            ],
            [
              103.916623943236,
              1.33978726011308
            ],
            [
              103.916651368982,
              1.33981930013135
            ],
            [
              103.916713816825,
              1.33989415759063
            ],
            [
              103.916749210683,
              1.33993675913616
            ],
            [
              103.916763202706,
              1.33995360061902
            ],
            [
              103.916816492086,
              1.340017741681
            ],
            [
              103.916816841639,
              1.34001816219806
            ],
            [
              103.916818687382,
              1.34002122430972
            ],
            [
              103.916826569049,
              1.34003336873746
            ],
            [
              103.916827001235,
              1.34003276099032
            ],
            [
              103.917210091077,
              1.33972285861096
            ],
            [
              103.917617403643,
              1.34021311448343
            ],
            [
              103.917680023308,
              1.34018754686176
            ],
            [
              103.917687000521,
              1.34018482267702
            ],
            [
              103.917686917851,
              1.34018473224354
            ],
            [
              103.917739249164,
              1.34016336484114
            ],
            [
              103.917744548757,
              1.34016031514357
            ],
            [
              103.917846885358,
              1.34010143029238
            ],
            [
              103.917886286171,
              1.34007304095319
            ],
            [
              103.917919145221,
              1.34003714562352
            ],
            [
              103.917943782248,
              1.33999504664551
            ],
            [
              103.917957591485,
              1.33994826344066
            ],
            [
              103.917964338002,
              1.33989998828149
            ],
            [
              103.917960869154,
              1.33986177904337
            ]
          ]
        ]
      },
      "properties": {
        "Filter stage": "Filter 1+2+3+4",
        "Role": "Candidate",
        "UUID": "UUID_0420f7e5-cf3b-466b-98ab-326ad3e03e7a",
        "Zone": "Business1",
        "Width m": 173.11030179776571,
        "Width diff": 0.8430922883753716,
        "Aspect ratio": 1.110211367397917,
        "Aspect diff": -0.5169926566036085,
        "Final allowable GFA m²": 54723.93239366784,
        "GFA diff": 0.11234196391979179,
        "KG site area m²": 21889.572957467135,
        "Master Plan GPR": 2.5,
        "Master Plan GPR cap m²": 54723.93239366784,
        "Final GFA basis": "Master Plan GPR cap",
        "Width and aspect match": false,
        "GFA match": true,
        "Non-road context plots": 19,
        "Educational plots": 0,
        "B1-family plots": 3,
        "Business2 plots": 4,
        "Residential plots": 1,
        "Residential share": 0.05263157894736842,
        "Non-residential plots": 18,
        "Non-residential share": 0.9473684210526315,
        "Bordering road plots": 4,
        "Road type counts": "{\"Major Arterials/Minor Arterials\":1,\"Local Access\":2,\"Local Collector/Primary Access\":1}",
        "Context zone counts": "{\"Business1\":3,\"Business2\":4,\"HealthAndMedicalCare\":1,\"OpenSpace\":2,\"Park\":1,\"PlaceOfWorship\":3,\"ReserveSite\":1,\"Residential\":1,\"Utility\":2,\"Waterbody\":1}",
        "Short address": "Near Bedok North Road",
        "Full address": "Bedok North Road, Singapore",
        "Address feature type": "street",
        "Address source": "Mapbox Geocoding v6"
      }
    },
    {
      "type": "Feature",
      "id": "UUID_7f6c9673-0c8a-4056-8b1e-aed0620eecf2:Filter 1+2+3+4",
      "geometry": {
        "type": "Polygon",
        "coordinates": [
          [
            [
              103.747418182468,
              1.33157794587938
            ],
            [
              103.747394279347,
              1.33157080961256
            ],
            [
              103.747370638207,
              1.33157515424994
            ],
            [
              103.747349121036,
              1.33158571646105
            ],
            [
              103.74732800796,
              1.3316036257356
            ],
            [
              103.747316370946,
              1.3316244681937
            ],
            [
              103.747309807125,
              1.33164675962029
            ],
            [
              103.747309982217,
              1.33167632688826
            ],
            [
              103.747315421745,
              1.33173758233541
            ],
            [
              103.747323037608,
              1.33179784848524
            ],
            [
              103.747328846294,
              1.3318374489602
            ],
            [
              103.74732888065,
              1.33185730154997
            ],
            [
              103.747320561886,
              1.33188142967725
            ],
            [
              103.747317599267,
              1.33188378091842
            ],
            [
              103.747333113002,
              1.33193053796291
            ],
            [
              103.747340235284,
              1.33194691714119
            ],
            [
              103.747353839227,
              1.33197820317134
            ],
            [
              103.747378744705,
              1.3320237948207
            ],
            [
              103.747395073309,
              1.33204818698297
            ],
            [
              103.747407629972,
              1.33206694482792
            ],
            [
              103.747464690092,
              1.33214335379245
            ],
            [
              103.747485275044,
              1.33217092041952
            ],
            [
              103.747507019079,
              1.33220007786255
            ],
            [
              103.747644687656,
              1.33243453893459
            ],
            [
              103.747680484304,
              1.33248685761864
            ],
            [
              103.747712030944,
              1.33253459916966
            ],
            [
              103.747742921605,
              1.33258335539331
            ],
            [
              103.747772985558,
              1.33263317783235
            ],
            [
              103.747801989182,
              1.33268403120848
            ],
            [
              103.747835748418,
              1.33274775293942
            ],
            [
              103.747838719748,
              1.33275336100161
            ],
            [
              103.747841340649,
              1.33275877190028
            ],
            [
              103.747874141097,
              1.33282340067395
            ],
            [
              103.747874958706,
              1.33282560915828
            ],
            [
              103.747878930852,
              1.33283631424835
            ],
            [
              103.747967882076,
              1.33290027032564
            ],
            [
              103.747993844852,
              1.33290303587051
            ],
            [
              103.748430293375,
              1.33294952900759
            ],
            [
              103.74880091216,
              1.33298900826399
            ],
            [
              103.748976572385,
              1.33320766230734
            ],
            [
              103.748977182504,
              1.33320768855493
            ],
            [
              103.749021707592,
              1.3332122462733
            ],
            [
              103.749053586123,
              1.3329079480192
            ],
            [
              103.749065750176,
              1.33279328146667
            ],
            [
              103.749119464186,
              1.33228639024
            ],
            [
              103.749137368236,
              1.33211785004031
            ],
            [
              103.748968638087,
              1.33209993783406
            ],
            [
              103.748956562466,
              1.33209799484503
            ],
            [
              103.748944751964,
              1.3320947097895
            ],
            [
              103.748307216254,
              1.33187889664069
            ],
            [
              103.747418182468,
              1.33157794587938
            ]
          ]
        ]
      },
      "properties": {
        "Filter stage": "Filter 1+2+3+4",
        "Role": "Candidate",
        "UUID": "UUID_7f6c9673-0c8a-4056-8b1e-aed0620eecf2",
        "Zone": "Business1",
        "Width m": 121.35671379961786,
        "Width diff": 0.2920757518403194,
        "Aspect ratio": 1.9238117745059868,
        "Aspect diff": -0.16302855322342483,
        "Final allowable GFA m²": 51470.55670697981,
        "GFA diff": 0.046212463673603245,
        "KG site area m²": 20588.222682791926,
        "Master Plan GPR": 2.5,
        "Master Plan GPR cap m²": 51470.55670697981,
        "Final GFA basis": "Master Plan GPR cap",
        "Width and aspect match": false,
        "GFA match": true,
        "Non-road context plots": 24,
        "Educational plots": 0,
        "B1-family plots": 6,
        "Business2 plots": 0,
        "Residential plots": 2,
        "Residential share": 0.08333333333333333,
        "Non-residential plots": 22,
        "Non-residential share": 0.9166666666666666,
        "Bordering road plots": 3,
        "Road type counts": "{\"Local Collector/Primary Access\":1,\"Slip Road\":1,\"Major Arterials/Minor Arterials\":1}",
        "Context zone counts": "{\"Business1\":6,\"BusinessPark\":1,\"BusinessParkWhite\":1,\"HealthAndMedicalCare\":1,\"OpenSpace\":1,\"ReserveSite\":1,\"Residential\":2,\"SportsAndRecreation\":1,\"Utility\":2,\"Waterbody\":8}",
        "Short address": "10 Toh Guan Road",
        "Full address": "10 Toh Guan Road, Jurong East, Singapore 608838",
        "Address feature type": "address",
        "Address source": "Mapbox Geocoding v6"
      }
    },
    {
      "type": "Feature",
      "id": "UUID_a83a9b0f-fa4f-40e1-8cca-cdd138497d93:Filter 1+2+3+4",
      "geometry": {
        "type": "Polygon",
        "coordinates": [
          [
            [
              103.759779639034,
              1.33989573590275
            ],
            [
              103.75977984482,
              1.33989520504743
            ],
            [
              103.759811718997,
              1.3398179272223
            ],
            [
              103.759817514218,
              1.33980392965498
            ],
            [
              103.75983403095,
              1.33976281235074
            ],
            [
              103.75984647508,
              1.33973289546866
            ],
            [
              103.759833421251,
              1.33971847409006
            ],
            [
              103.759813836199,
              1.33969070953121
            ],
            [
              103.759803318235,
              1.33967186498586
            ],
            [
              103.759803999949,
              1.33965151591739
            ],
            [
              103.759817095657,
              1.33961743988614
            ],
            [
              103.759857290298,
              1.3395161053306
            ],
            [
              103.759908173508,
              1.33940739691423
            ],
            [
              103.759949752713,
              1.33930966086177
            ],
            [
              103.759973792717,
              1.33925012641458
            ],
            [
              103.760010529328,
              1.33916104316739
            ],
            [
              103.760041540026,
              1.33908198009778
            ],
            [
              103.760076930591,
              1.33899291399161
            ],
            [
              103.760095230342,
              1.33894204498382
            ],
            [
              103.76011343601,
              1.33888213595269
            ],
            [
              103.760125920248,
              1.33883270109072
            ],
            [
              103.760137965961,
              1.33878417510104
            ],
            [
              103.760155182569,
              1.33871569176671
            ],
            [
              103.760167619315,
              1.3386617359884
            ],
            [
              103.76017694965,
              1.33861098608631
            ],
            [
              103.760185220274,
              1.33857069511946
            ],
            [
              103.75911821035,
              1.33815324200806
            ],
            [
              103.75860012416,
              1.33949350229502
            ],
            [
              103.758644581526,
              1.33960266940614
            ],
            [
              103.758921405681,
              1.33972648527804
            ],
            [
              103.759078750277,
              1.33979240915525
            ],
            [
              103.759170446995,
              1.3398316703805
            ],
            [
              103.759498847523,
              1.3399871124563
            ],
            [
              103.7595370449,
              1.33999878081135
            ],
            [
              103.759588479099,
              1.34000532996361
            ],
            [
              103.759639696134,
              1.34000225667784
            ],
            [
              103.759688829763,
              1.33998739042454
            ],
            [
              103.759720918098,
              1.33996038166699
            ],
            [
              103.759756198287,
              1.33992748650174
            ],
            [
              103.759768650081,
              1.33991182239331
            ],
            [
              103.759779639034,
              1.33989573590275
            ]
          ]
        ]
      },
      "properties": {
        "Filter stage": "Filter 1+2+3+4",
        "Role": "Candidate",
        "UUID": "UUID_a83a9b0f-fa4f-40e1-8cca-cdd138497d93",
        "Zone": "Business1",
        "Width m": 138.86487522204334,
        "Width diff": 0.4784838221064187,
        "Aspect ratio": 1.2505591451072418,
        "Aspect diff": -0.45593310591476066,
        "Final allowable GFA m²": 57053.935002537175,
        "GFA diff": 0.15970258960077535,
        "KG site area m²": 22821.57400101487,
        "Master Plan GPR": 2.5,
        "Master Plan GPR cap m²": 57053.935002537175,
        "Final GFA basis": "Master Plan GPR cap",
        "Width and aspect match": false,
        "GFA match": true,
        "Non-road context plots": 61,
        "Educational plots": 1,
        "B1-family plots": 22,
        "Business2 plots": 0,
        "Residential plots": 24,
        "Residential share": 0.39344262295081966,
        "Non-residential plots": 37,
        "Non-residential share": 0.6065573770491803,
        "Bordering road plots": 3,
        "Road type counts": "{\"Local Collector/Primary Access\":2,\"Major Arterials/Minor Arterials\":1}",
        "Context zone counts": "{\"Business1\":22,\"Cemetery\":1,\"CivicAndCommunityInstitutionZone\":2,\"EducationalInstitution\":1,\"OpenSpace\":1,\"Park\":1,\"PlaceOfWorship\":2,\"ReserveSite\":1,\"Residential\":24,\"TransportFacilities\":3,\"Utility\":1,\"Waterbody\":2}",
        "Short address": "1 Bukit Batok Crescent",
        "Full address": "1 Bukit Batok Crescent, Bukit Batok, Singapore 658064",
        "Address feature type": "address",
        "Address source": "Mapbox Geocoding v6"
      }
    },
    {
      "type": "Feature",
      "id": "UUID_94df4635-8d14-431a-b6e6-d211bdf4851f:Filter 1+2+3+4",
      "geometry": {
        "type": "Polygon",
        "coordinates": [
          [
            [
              103.852211133238,
              1.33147729595335
            ],
            [
              103.852203526946,
              1.33147554064039
            ],
            [
              103.852070073383,
              1.33147656269221
            ],
            [
              103.851954726135,
              1.33153181120053
            ],
            [
              103.851867701677,
              1.33162755693276
            ],
            [
              103.851822352455,
              1.3317501438868
            ],
            [
              103.851724621467,
              1.33242235877204
            ],
            [
              103.851724796687,
              1.33242259571423
            ],
            [
              103.851817101842,
              1.33254753116863
            ],
            [
              103.852892065244,
              1.33270665931729
            ],
            [
              103.853058884002,
              1.33156606983487
            ],
            [
              103.852211133238,
              1.33147729595335
            ]
          ]
        ]
      },
      "properties": {
        "Filter stage": "Filter 1+2+3+4",
        "Role": "Candidate",
        "UUID": "UUID_94df4635-8d14-431a-b6e6-d211bdf4851f",
        "Zone": "Business1",
        "Width m": 127.47964091516769,
        "Width diff": 0.3572660936729971,
        "Aspect ratio": 1.0447675044349871,
        "Aspect diff": -0.5454645920562319,
        "Final allowable GFA m²": 40921.759228678,
        "GFA diff": -0.16820688798402955,
        "KG site area m²": 16368.7036914712,
        "Master Plan GPR": 2.5,
        "Master Plan GPR cap m²": 40921.759228678,
        "Final GFA basis": "Master Plan GPR cap",
        "Width and aspect match": false,
        "GFA match": true,
        "Non-road context plots": 7,
        "Educational plots": 0,
        "B1-family plots": 5,
        "Business2 plots": 0,
        "Residential plots": 2,
        "Residential share": 0.2857142857142857,
        "Non-residential plots": 5,
        "Non-residential share": 0.7142857142857143,
        "Bordering road plots": 3,
        "Road type counts": "{\"Local Collector/Primary Access\":1,\"Major Arterials/Minor Arterials\":1,\"Local Access\":1}",
        "Context zone counts": "{\"Business1\":5,\"Residential\":2}",
        "Short address": "629 Lorong 4 Toa Payoh",
        "Full address": "629 Lorong 4 Toa Payoh, Toa Payoh, Singapore 319521",
        "Address feature type": "address",
        "Address source": "Mapbox Geocoding v6"
      }
    },
    {
      "type": "Feature",
      "id": "UUID_6f236eb1-d7d4-45bc-bb78-dff94a9141ac:Filter 1+2+3+4",
      "geometry": {
        "type": "Polygon",
        "coordinates": [
          [
            [
              103.867136726428,
              1.31307711567931
            ],
            [
              103.867184309855,
              1.31279798833904
            ],
            [
              103.867214739314,
              1.31267063982995
            ],
            [
              103.867270794345,
              1.31253200811847
            ],
            [
              103.867463055776,
              1.31211472715931
            ],
            [
              103.867630873211,
              1.31177755603945
            ],
            [
              103.867632237171,
              1.31177480946548
            ],
            [
              103.867737204578,
              1.31156336577387
            ],
            [
              103.86780613923,
              1.31141542976978
            ],
            [
              103.8678232467,
              1.31134963339374
            ],
            [
              103.867834045477,
              1.31128519998245
            ],
            [
              103.867835375166,
              1.31120761362433
            ],
            [
              103.86782407924,
              1.311122316829
            ],
            [
              103.867799718564,
              1.31104791147694
            ],
            [
              103.867767683423,
              1.31097623379428
            ],
            [
              103.867734310542,
              1.31091907389391
            ],
            [
              103.867690111099,
              1.31086554697496
            ],
            [
              103.867649981408,
              1.31082835553612
            ],
            [
              103.867597667329,
              1.31078617398071
            ],
            [
              103.867567506408,
              1.31076879341328
            ],
            [
              103.867554383901,
              1.31076123129728
            ],
            [
              103.867527642977,
              1.31075273063796
            ],
            [
              103.867499790329,
              1.31079433179042
            ],
            [
              103.867465981277,
              1.31084158439843
            ],
            [
              103.867433444464,
              1.31088100880892
            ],
            [
              103.867401645236,
              1.31091140855492
            ],
            [
              103.867391133293,
              1.31092469200551
            ],
            [
              103.867359772141,
              1.31099089463369
            ],
            [
              103.867333974489,
              1.31103402865418
            ],
            [
              103.867216447346,
              1.31125985641944
            ],
            [
              103.867186297378,
              1.31132227968948
            ],
            [
              103.867205343894,
              1.31132044899634
            ],
            [
              103.867143986023,
              1.31142001132573
            ],
            [
              103.867054116452,
              1.31159880089781
            ],
            [
              103.866982777625,
              1.31170873913326
            ],
            [
              103.866883396133,
              1.31189814425926
            ],
            [
              103.866810618054,
              1.31202609926012
            ],
            [
              103.866613974004,
              1.31208144087213
            ],
            [
              103.86643154435,
              1.3121562659097
            ],
            [
              103.86636580336,
              1.31219152253225
            ],
            [
              103.866327480461,
              1.31220864537548
            ],
            [
              103.866281982309,
              1.31220001653228
            ],
            [
              103.866281698375,
              1.31220058899882
            ],
            [
              103.866295760705,
              1.31220324764421
            ],
            [
              103.86627468089,
              1.31221462482985
            ],
            [
              103.866262793305,
              1.31223152756106
            ],
            [
              103.866201990117,
              1.3123569185126
            ],
            [
              103.866192618355,
              1.31236511217947
            ],
            [
              103.866127725867,
              1.31242187095654
            ],
            [
              103.866091573148,
              1.31245349344465
            ],
            [
              103.866091549786,
              1.31245351424534
            ],
            [
              103.866086491013,
              1.31245808949235
            ],
            [
              103.86623043538,
              1.31262356098394
            ],
            [
              103.866127550876,
              1.31271517356956
            ],
            [
              103.866295794121,
              1.31290242816488
            ],
            [
              103.866295954065,
              1.31290260541821
            ],
            [
              103.866406272391,
              1.31302539857179
            ],
            [
              103.866406440422,
              1.31302558577302
            ],
            [
              103.866482615174,
              1.31311039425711
            ],
            [
              103.866633664001,
              1.31297134618657
            ],
            [
              103.866862796589,
              1.31322445936881
            ],
            [
              103.866946228904,
              1.3131714679047
            ],
            [
              103.867056264474,
              1.31311133883184
            ],
            [
              103.867136726428,
              1.31307711567931
            ]
          ]
        ]
      },
      "properties": {
        "Filter stage": "Filter 1+2+3+4",
        "Role": "Candidate",
        "UUID": "UUID_6f236eb1-d7d4-45bc-bb78-dff94a9141ac",
        "Zone": "Business1",
        "Width m": 135.4007991555045,
        "Width diff": 0.4416020662647463,
        "Aspect ratio": 2.036840360422511,
        "Aspect diff": -0.1138544602402605,
        "Final allowable GFA m²": 55371.44831363301,
        "GFA diff": 0.1255036483707931,
        "KG site area m²": 22148.579325453204,
        "Master Plan GPR": 2.5,
        "Master Plan GPR cap m²": 55371.44831363301,
        "Final GFA basis": "Master Plan GPR cap",
        "Width and aspect match": false,
        "GFA match": true,
        "Non-road context plots": 54,
        "Educational plots": 0,
        "B1-family plots": 40,
        "Business2 plots": 0,
        "Residential plots": 4,
        "Residential share": 0.07407407407407407,
        "Non-residential plots": 50,
        "Non-residential share": 0.9259259259259259,
        "Bordering road plots": 4,
        "Road type counts": "{\"Local Access\":1,\"Local Collector/Primary Access\":2,\"Major Arterials/Minor Arterials\":1}",
        "Context zone counts": "{\"Business1\":36,\"Business1White\":4,\"Park\":4,\"ReserveSite\":1,\"Residential\":4,\"Utility\":2,\"Waterbody\":3}",
        "Short address": "103 Kallang Avenue",
        "Full address": "103 Kallang Avenue, Kallang, Singapore 339505",
        "Address feature type": "address",
        "Address source": "Mapbox Geocoding v6"
      }
    },
    {
      "type": "Feature",
      "id": "UUID_2225eec2-632a-4a08-8e50-942fb6369610:Filter 1+2+3+4",
      "geometry": {
        "type": "Polygon",
        "coordinates": [
          [
            [
              103.937965239132,
              1.37239037065406
            ],
            [
              103.937974448302,
              1.37238411205842
            ],
            [
              103.937982434354,
              1.37237892695092
            ],
            [
              103.937990349221,
              1.37237363243508
            ],
            [
              103.93799819142,
              1.37236822949878
            ],
            [
              103.937805188468,
              1.37224298917379
            ],
            [
              103.937567120065,
              1.37208770516353
            ],
            [
              103.93732464241,
              1.371932419511
            ],
            [
              103.937099801833,
              1.37181706972201
            ],
            [
              103.936835283329,
              1.37170615844104
            ],
            [
              103.936561949605,
              1.37163073832495
            ],
            [
              103.936434099988,
              1.37160412395181
            ],
            [
              103.936243601239,
              1.37157832259226
            ],
            [
              103.936225249555,
              1.37159471948396
            ],
            [
              103.936148879446,
              1.37166295063013
            ],
            [
              103.936120771489,
              1.37168866287982
            ],
            [
              103.936093269195,
              1.37171502986173
            ],
            [
              103.93604488409,
              1.37176122499569
            ],
            [
              103.936043733067,
              1.37176226506262
            ],
            [
              103.936047876732,
              1.37177073514575
            ],
            [
              103.93637239479,
              1.37243425299683
            ],
            [
              103.936596029785,
              1.37232541046455
            ],
            [
              103.936677007146,
              1.37249394218591
            ],
            [
              103.93675798362,
              1.37266247390345
            ],
            [
              103.936844105778,
              1.37284171395264
            ],
            [
              103.936908147208,
              1.37297499976566
            ],
            [
              103.936909037668,
              1.37297447610079
            ],
            [
              103.937291419841,
              1.37274979308007
            ],
            [
              103.937965239132,
              1.37239037065406
            ]
          ]
        ]
      },
      "properties": {
        "Filter stage": "Filter 1+2+3+4",
        "Role": "Candidate",
        "UUID": "UUID_2225eec2-632a-4a08-8e50-942fb6369610",
        "Zone": "Business1",
        "Width m": 122.20949108785135,
        "Width diff": 0.30115520712011534,
        "Aspect ratio": 1.7922800212587346,
        "Aspect diff": -0.22025261395082193,
        "Final allowable GFA m²": 40949.63586013885,
        "GFA diff": -0.16764025569664995,
        "KG site area m²": 16379.854344055539,
        "Master Plan GPR": 2.5,
        "Master Plan GPR cap m²": 40949.63586013885,
        "Final GFA basis": "Master Plan GPR cap",
        "Width and aspect match": false,
        "GFA match": true,
        "Non-road context plots": 25,
        "Educational plots": 0,
        "B1-family plots": 5,
        "Business2 plots": 5,
        "Residential plots": 4,
        "Residential share": 0.16,
        "Non-residential plots": 21,
        "Non-residential share": 0.84,
        "Bordering road plots": 4,
        "Road type counts": "{\"Local Access\":1,\"Local Collector/Primary Access\":1,\"no category\":1,\"Expressway\":1}",
        "Context zone counts": "{\"Business1\":2,\"Business1White\":3,\"Business2\":5,\"CivicAndCommunityInstitutionZone\":1,\"OpenSpace\":1,\"Park\":2,\"PlaceOfWorship\":1,\"ReserveSite\":1,\"Residential\":4,\"Utility\":1,\"Waterbody\":4}",
        "Short address": "780 Pasir Ris Street 71",
        "Full address": "780 Pasir Ris Street 71, Tampines, Singapore 520665",
        "Address feature type": "address",
        "Address source": "Mapbox Geocoding v6"
      }
    },
    {
      "type": "Feature",
      "id": "UUID_e0fdd143-b35d-4b69-bb99-932b77fcb2d6:Filter 1+2+3+4",
      "geometry": {
        "type": "Polygon",
        "coordinates": [
          [
            [
              103.861860197796,
              1.3343406004199
            ],
            [
              103.861861811257,
              1.33431037563712
            ],
            [
              103.861861307187,
              1.33431218256315
            ],
            [
              103.86005609166,
              1.334336426364
            ],
            [
              103.860022933273,
              1.33435226214782
            ],
            [
              103.859983704503,
              1.33439331620018
            ],
            [
              103.859939480691,
              1.33443791722368
            ],
            [
              103.859927520548,
              1.33448931057699
            ],
            [
              103.859921990676,
              1.33497729574733
            ],
            [
              103.859926404713,
              1.33500732964268
            ],
            [
              103.85992732041,
              1.33501355889504
            ],
            [
              103.859949447095,
              1.33506996476918
            ],
            [
              103.859972391187,
              1.33510014587389
            ],
            [
              103.860009593684,
              1.33513912448006
            ],
            [
              103.860048911143,
              1.33515551836918
            ],
            [
              103.86007311833,
              1.33515993502031
            ],
            [
              103.86182806224,
              1.33515979218911
            ],
            [
              103.861828061337,
              1.33515943948698
            ],
            [
              103.861828073913,
              1.33515905603631
            ],
            [
              103.861828090979,
              1.335158519748
            ],
            [
              103.861828123316,
              1.33515754303405
            ],
            [
              103.861828252662,
              1.33515355388102
            ],
            [
              103.86182842243,
              1.33514836373155
            ],
            [
              103.861828691004,
              1.33514011863788
            ],
            [
              103.86182968805,
              1.33510949232467
            ],
            [
              103.861830740787,
              1.33507716309259
            ],
            [
              103.86183162735,
              1.33504993899967
            ],
            [
              103.861832846261,
              1.3350125046284
            ],
            [
              103.861834559205,
              1.3349599257645
            ],
            [
              103.861836835344,
              1.3348900328369
            ],
            [
              103.861838787241,
              1.33483197261733
            ],
            [
              103.861840048404,
              1.33479624387683
            ],
            [
              103.861841293413,
              1.33476222167219
            ],
            [
              103.86184330737,
              1.33470942847031
            ],
            [
              103.861845150679,
              1.33466330495814
            ],
            [
              103.861848156429,
              1.33459188726342
            ],
            [
              103.861851253855,
              1.33452244108205
            ],
            [
              103.861851974318,
              1.33450682179542
            ],
            [
              103.861853678465,
              1.33447067975512
            ],
            [
              103.861854680116,
              1.33444987483951
            ],
            [
              103.861855838982,
              1.3344261849995
            ],
            [
              103.861856360923,
              1.33441566994807
            ],
            [
              103.861858290583,
              1.33437742254468
            ],
            [
              103.861860197796,
              1.3343406004199
            ]
          ]
        ]
      },
      "properties": {
        "Filter stage": "Filter 1+2+3+4",
        "Role": "Reference",
        "UUID": "UUID_e0fdd143-b35d-4b69-bb99-932b77fcb2d6",
        "Zone": "Business1",
        "Width m": 93.92383815482026,
        "Width diff": 0,
        "Aspect ratio": 2.2985393132766423,
        "Aspect diff": 0,
        "Final allowable GFA m²": 49197.04027062477,
        "GFA diff": 0,
        "KG site area m²": 19678.816108249906,
        "Master Plan GPR": 2.5,
        "Master Plan GPR cap m²": 49197.04027062477,
        "Final GFA basis": "Master Plan GPR cap",
        "Width and aspect match": true,
        "GFA match": true,
        "Non-road context plots": 11,
        "Educational plots": 0,
        "B1-family plots": 4,
        "Business2 plots": 0,
        "Residential plots": 2,
        "Residential share": 0.18181818181818182,
        "Non-residential plots": 9,
        "Non-residential share": 0.8181818181818182,
        "Bordering road plots": 4,
        "Road type counts": "{\"Slip Road\":1,\"Local Collector/Primary Access\":2,\"Local Access\":1}",
        "Context zone counts": "{\"Business1\":4,\"CivicAndCommunityInstitutionZone\":1,\"HealthAndMedicalCare\":1,\"PlaceOfWorship\":2,\"ReserveSite\":1,\"Residential\":2}"
      }
    }
  ]
}
